image_path,class_id,class_name,split,content_hash
C:\Users\heman\Downloads\orthinx dataset\MedicalExpert-I\0Normal\NormalG0 (1).png,0,Normal,train,966fb4c02a97c3ffb89f91a98e22437f
C:\Users\heman\Downloads\orthinx dataset\MedicalExpert-I\0Normal\NormalG0 (10).png,0,Normal,val,1af13c5538c1ab5597db6ad72b61e463
C:\Users\heman\Downloads\orthinx dataset\MedicalExpert-I\0Normal\NormalG0 (100).png,0,Normal,train,e9305b8cbbd5ccb7cd894762124e803b
C:\Users\heman\Downloads\orthinx dataset\MedicalExpert-I\0Normal\NormalG0 (101).png,0,Normal,train,dfc4994e51039c9fb4d960c706865c2d
C:\Users\heman\Downloads\orthinx dataset\MedicalExpert-I\0Normal\NormalG0 (102).png,0,Normal,val,0156aac54417d9c793356c816324016c
C:\Users\heman\Downloads\orthinx dataset\MedicalExpert-I\0Normal\NormalG0 (103).png,0,Normal,train,85e3031441c4c396990a0b23afc6933c
C:\Users\heman\Downloads\orthinx dataset\MedicalExpert-I\0Normal\NormalG0 (104).png,0,Normal,train,6bfb578f03f0ace55d13e63d3da7983f
C:\Users\heman\Downloads\orthinx dataset\MedicalExpert-I\0Normal\NormalG0 (105).png,0,Normal,train,fa93ced39ae167ac8ba8f3e55cddaf90
C:\Users\heman\Downloads\orthinx dataset\MedicalExpert-I\0Normal\NormalG0 (106).png,0,Normal,val,469acd6f47ea56442e0c60ed22ba08d9
C:\Users\heman\Downloads\orthinx dataset\MedicalExpert-I\0Normal\NormalG0 (107).png,0,Normal,train,cd27c9ca7aff5171b593b5773c52b2b4
C:\Users\heman\Downloads\orthinx dataset\MedicalExpert-I\0Normal\NormalG0 (108).png,0,Normal,train,e8bbad26854014c35411d3b0738b8efc
C:\Users\heman\Downloads\orthinx dataset\MedicalExpert-I\0Normal\NormalG0 (109).png,0,Normal,train,4589fe381fbfaf30a06ea9dbfd4fe89d
C:\Users\heman\Downloads\orthinx dataset\MedicalExpert-I\0Normal\NormalG0 (11).png,0,Normal,train,ba6436ed9d5df33f985b31ba50735e49
C:\Users\heman\Downloads\orthinx dataset\MedicalExpert-I\0Normal\NormalG0 (110).png,0,Normal,val,2e7651c46a6ac7fbeed8fd3126dfcba9
C:\Users\heman\Downloads\orthinx dataset\MedicalExpert-I\0Normal\NormalG0 (111).png,0,Normal,val,de963c988854080458f750bb661547e9
C:\Users\heman\Downloads\orthinx dataset\MedicalExpert-I\0Normal\NormalG0 (112).png,0,Normal,train,3a3185920c9f3d9dee6d81b39e05c665
C:\Users\heman\Downloads\orthinx dataset\MedicalExpert-I\0Normal\NormalG0 (113).png,0,Normal,train,5f63ba22b33ffbbfafff509f6b54807c
C:\Users\heman\Downloads\orthinx dataset\MedicalExpert-I\0Normal\NormalG0 (114).png,0,Normal,train,3c66db523ff8eecabc7d70b254337369
C:\Users\heman\Downloads\orthinx dataset\MedicalExpert-I\0Normal\NormalG0 (115).png,0,Normal,train,f665f50e51ee9ffb6a08acd03504a9a6
C:\Users\heman\Downloads\orthinx dataset\MedicalExpert-I\0Normal\NormalG0 (116).png,0,Normal,train,03c5dd26f21737d99436d6694bfd4743
C:\Users\heman\Downloads\orthinx dataset\MedicalExpert-I\0Normal\NormalG0 (117).png,0,Normal,val,1b55a0047fbc35407f3e2333f66e1f50
C:\Users\heman\Downloads\orthinx dataset\MedicalExpert-I\0Normal\NormalG0 (118).png,0,Normal,test,4bc69d741c261895cdff4a4d74b14d7a
C:\Users\heman\Downloads\orthinx dataset\MedicalExpert-I\0Normal\NormalG0 (119).png,0,Normal,train,69b4e136fc13f6c2267993cb9d862351
C:\Users\heman\Downloads\orthinx dataset\MedicalExpert-I\0Normal\NormalG0 (12).png,0,Normal,train,d035602a9666b3b8876c05ed2e6245a3
C:\Users\heman\Downloads\orthinx dataset\MedicalExpert-I\0Normal\NormalG0 (120).png,0,Normal,train,32392cef2b8d1fc9d08222a85574c82c
C:\Users\heman\Downloads\orthinx dataset\MedicalExpert-I\0Normal\NormalG0 (121).png,0,Normal,train,2d3491f49fdedc7afdea909fd1a43187
C:\Users\heman\Downloads\orthinx dataset\MedicalExpert-I\0Normal\NormalG0 (122).png,0,Normal,train,428a7f69c291b0468c45d837f2930f99
C:\Users\heman\Downloads\orthinx dataset\MedicalExpert-I\0Normal\NormalG0 (123).png,0,Normal,test,06e9ad3a0a08d7cc4b5e040716d905d2
C:\Users\heman\Downloads\orthinx dataset\MedicalExpert-I\0Normal\NormalG0 (124).png,0,Normal,train,69bdfb2d61ea7522aff25765f583364a
C:\Users\heman\Downloads\orthinx dataset\MedicalExpert-I\0Normal\NormalG0 (125).png,0,Normal,train,3747d4f7251e408b64fe88680777f3da
C:\Users\heman\Downloads\orthinx dataset\MedicalExpert-I\0Normal\NormalG0 (126).png,0,Normal,train,2dc918b1f9dfb83b37c3a1f7e4d91f45
C:\Users\heman\Downloads\orthinx dataset\MedicalExpert-I\0Normal\NormalG0 (127).png,0,Normal,train,12325d8ac0981514580d48f35d4673b5
C:\Users\heman\Downloads\orthinx dataset\MedicalExpert-I\0Normal\NormalG0 (128).png,0,Normal,test,8f61f2d1c75fcc3371f860498d1899ca
C:\Users\heman\Downloads\orthinx dataset\MedicalExpert-I\0Normal\NormalG0 (129).png,0,Normal,train,7dec804fe07f3aa4b128029ba857f81d
C:\Users\heman\Downloads\orthinx dataset\MedicalExpert-I\0Normal\NormalG0 (13).png,0,Normal,val,e79dc03109440724b5b1c30b0e001439
C:\Users\heman\Downloads\orthinx dataset\MedicalExpert-I\0Normal\NormalG0 (130).png,0,Normal,train,982ef13bd40558e313fb95a84304160d
C:\Users\heman\Downloads\orthinx dataset\MedicalExpert-I\0Normal\NormalG0 (131).png,0,Normal,train,f75bd024f9dcbd16cc975b621b533760
C:\Users\heman\Downloads\orthinx dataset\MedicalExpert-I\0Normal\NormalG0 (132).png,0,Normal,train,5783fc0c233c0bea35aa90dc46332806
C:\Users\heman\Downloads\orthinx dataset\MedicalExpert-I\0Normal\NormalG0 (133).png,0,Normal,train,60007408ff4194383ef761b1f213e473
C:\Users\heman\Downloads\orthinx dataset\MedicalExpert-I\0Normal\NormalG0 (134).png,0,Normal,train,461e70ee7b0696b3a497f861ce3f1178
C:\Users\heman\Downloads\orthinx dataset\MedicalExpert-I\0Normal\NormalG0 (135).png,0,Normal,val,440a04b6ad13735305fb3b56d3c37bbe
C:\Users\heman\Downloads\orthinx dataset\MedicalExpert-I\0Normal\NormalG0 (136).png,0,Normal,train,81512040e1bbb58fd31885d54865c885
C:\Users\heman\Downloads\orthinx dataset\MedicalExpert-I\0Normal\NormalG0 (137).png,0,Normal,train,03a37078c13a885d5de291381135870b
C:\Users\heman\Downloads\orthinx dataset\MedicalExpert-I\0Normal\NormalG0 (138).png,0,Normal,test,ba376b91ec9225e9e87fe8b42b4bbdb7
C:\Users\heman\Downloads\orthinx dataset\MedicalExpert-I\0Normal\NormalG0 (139).png,0,Normal,train,b4ebed5790dd477baa7fd659e9bcf8aa
C:\Users\heman\Downloads\orthinx dataset\MedicalExpert-I\0Normal\NormalG0 (14).png,0,Normal,train,f5286953fc7a2f8afe03ba09404b445c
C:\Users\heman\Downloads\orthinx dataset\MedicalExpert-I\0Normal\NormalG0 (140).png,0,Normal,train,a32218b0d9026e91ed3e121130c03d89
C:\Users\heman\Downloads\orthinx dataset\MedicalExpert-I\0Normal\NormalG0 (141).png,0,Normal,test,d70476a622394d8dbc79bfc378f82fca
C:\Users\heman\Downloads\orthinx dataset\MedicalExpert-I\0Normal\NormalG0 (142).png,0,Normal,test,faf560e3e2a4f48c3c15f5757b112447
C:\Users\heman\Downloads\orthinx dataset\MedicalExpert-I\0Normal\NormalG0 (143).png,0,Normal,test,305d4c4f60e11dd18bfb6f204f2eb8b5
C:\Users\heman\Downloads\orthinx dataset\MedicalExpert-I\0Normal\NormalG0 (144).png,0,Normal,test,5cce93eb0854448e5dea1fbc5ed1b987
C:\Users\heman\Downloads\orthinx dataset\MedicalExpert-I\0Normal\NormalG0 (145).png,0,Normal,train,940bdac7781200525f03eef7ce09db7b
C:\Users\heman\Downloads\orthinx dataset\MedicalExpert-I\0Normal\NormalG0 (146).png,0,Normal,val,f5db3549ca32365894d56e32c34a43e4
C:\Users\heman\Downloads\orthinx dataset\MedicalExpert-I\0Normal\NormalG0 (147).png,0,Normal,val,7db7a16da5c6ce7c979b21fda676a073
C:\Users\heman\Downloads\orthinx dataset\MedicalExpert-I\0Normal\NormalG0 (148).png,0,Normal,test,27ec77329c7e479d612158ad25449285
C:\Users\heman\Downloads\orthinx dataset\MedicalExpert-I\0Normal\NormalG0 (149).png,0,Normal,train,c6ffc0963313b1d446f46ae1dc6dd637
C:\Users\heman\Downloads\orthinx dataset\MedicalExpert-I\0Normal\NormalG0 (15).png,0,Normal,train,817e9da7b508c992a88fa365dc4644bd
C:\Users\heman\Downloads\orthinx dataset\MedicalExpert-I\0Normal\NormalG0 (150).png,0,Normal,train,b01bae32ac0c8cee9b36374b756b877a
C:\Users\heman\Downloads\orthinx dataset\MedicalExpert-I\0Normal\NormalG0 (151).png,0,Normal,val,5441e8981c7f959536e0dad2fc0bd9f8
C:\Users\heman\Downloads\orthinx dataset\MedicalExpert-I\0Normal\NormalG0 (152).png,0,Normal,train,11af3ffed18bf9fc0d99e352f2178da3
C:\Users\heman\Downloads\orthinx dataset\MedicalExpert-I\0Normal\NormalG0 (153).png,0,Normal,train,854f98fd8700d4c63bbdb84202237930
C:\Users\heman\Downloads\orthinx dataset\MedicalExpert-I\0Normal\NormalG0 (154).png,0,Normal,val,01baad6a9e092374b5e24db6b4c1fa83
C:\Users\heman\Downloads\orthinx dataset\MedicalExpert-I\0Normal\NormalG0 (155).png,0,Normal,test,470c1e6f084c8533a5867d190a35c848
C:\Users\heman\Downloads\orthinx dataset\MedicalExpert-I\0Normal\NormalG0 (156).png,0,Normal,train,2d1819628b84826f4219b4698835c60a
C:\Users\heman\Downloads\orthinx dataset\MedicalExpert-I\0Normal\NormalG0 (157).png,0,Normal,val,9d94e50f060878521531e7e9631c496b
C:\Users\heman\Downloads\orthinx dataset\MedicalExpert-I\0Normal\NormalG0 (158).png,0,Normal,train,7d5d2c9ccf801274ca83a1ce469a69af
C:\Users\heman\Downloads\orthinx dataset\MedicalExpert-I\0Normal\NormalG0 (159).png,0,Normal,train,3f0aab34debe551d7a73eeef3946c909
C:\Users\heman\Downloads\orthinx dataset\MedicalExpert-I\0Normal\NormalG0 (16).png,0,Normal,train,d10401c8a7992fded39000ea5a28dadb
C:\Users\heman\Downloads\orthinx dataset\MedicalExpert-I\0Normal\NormalG0 (160).png,0,Normal,train,e33f48cc0803da3838df1e3859fc9694
C:\Users\heman\Downloads\orthinx dataset\MedicalExpert-I\0Normal\NormalG0 (161).png,0,Normal,train,c40e2ac156aac0c233853cf430c07f33
C:\Users\heman\Downloads\orthinx dataset\MedicalExpert-I\0Normal\NormalG0 (162).png,0,Normal,train,e970f3bd3787c3b21aeacdd2b3d6460b
C:\Users\heman\Downloads\orthinx dataset\MedicalExpert-I\0Normal\NormalG0 (163).png,0,Normal,val,6e87ed68b9cc6f8698ea2276c9d99f95
C:\Users\heman\Downloads\orthinx dataset\MedicalExpert-I\0Normal\NormalG0 (164).png,0,Normal,train,681337526ff7ba5e913010ddcf897690
C:\Users\heman\Downloads\orthinx dataset\MedicalExpert-I\0Normal\NormalG0 (165).png,0,Normal,train,dfd6aae1cd7756823c5c1173d17c8279
C:\Users\heman\Downloads\orthinx dataset\MedicalExpert-I\0Normal\NormalG0 (166).png,0,Normal,train,37fb74e97d2b3bc9ff1d8638ff2255dd
C:\Users\heman\Downloads\orthinx dataset\MedicalExpert-I\0Normal\NormalG0 (167).png,0,Normal,train,d77d2f73d68181c845bc1e0a2a1759c9
C:\Users\heman\Downloads\orthinx dataset\MedicalExpert-I\0Normal\NormalG0 (168).png,0,Normal,train,f1f854810ed1c39f1e056c3c407fda7b
C:\Users\heman\Downloads\orthinx dataset\MedicalExpert-I\0Normal\NormalG0 (169).png,0,Normal,train,9f983540706d7521dc08b9d6d43065f7
C:\Users\heman\Downloads\orthinx dataset\MedicalExpert-I\0Normal\NormalG0 (17).png,0,Normal,train,64ec29f18db4b86467696dfd660674eb
C:\Users\heman\Downloads\orthinx dataset\MedicalExpert-I\0Normal\NormalG0 (170).png,0,Normal,train,d6f41a7cc7ca1c2956db7c503ae6f3f7
C:\Users\heman\Downloads\orthinx dataset\MedicalExpert-I\0Normal\NormalG0 (171).png,0,Normal,val,8206ed63345ff775a3d14ad581fc8629
C:\Users\heman\Downloads\orthinx dataset\MedicalExpert-I\0Normal\NormalG0 (172).png,0,Normal,train,f1390a834bd1732c5b6b3576c67b4939
C:\Users\heman\Downloads\orthinx dataset\MedicalExpert-I\0Normal\NormalG0 (173).png,0,Normal,train,568e67e501fecaf4f7ed7642388df9ab
C:\Users\heman\Downloads\orthinx dataset\MedicalExpert-I\0Normal\NormalG0 (174).png,0,Normal,train,b16d754a26e6a1ed55724b181cd638da
C:\Users\heman\Downloads\orthinx dataset\MedicalExpert-I\0Normal\NormalG0 (175).png,0,Normal,train,09aeff17b2eff3ec5e43355b8a1f8417
C:\Users\heman\Downloads\orthinx dataset\MedicalExpert-I\0Normal\NormalG0 (176).png,0,Normal,train,cdb3798011dc54382994a027c2bb05de
C:\Users\heman\Downloads\orthinx dataset\MedicalExpert-I\0Normal\NormalG0 (177).png,0,Normal,train,8829192ecb4b0e7f20606dd61b76acae
C:\Users\heman\Downloads\orthinx dataset\MedicalExpert-I\0Normal\NormalG0 (178).png,0,Normal,val,445f614220a2e221640412d339fa0530
C:\Users\heman\Downloads\orthinx dataset\MedicalExpert-I\0Normal\NormalG0 (179).png,0,Normal,test,0cf91ee5df64e5870dec40f1263508d3
C:\Users\heman\Downloads\orthinx dataset\MedicalExpert-I\0Normal\NormalG0 (18).png,0,Normal,train,7a9d3fd452904d1dada901534ff955f9
C:\Users\heman\Downloads\orthinx dataset\MedicalExpert-I\0Normal\NormalG0 (180).png,0,Normal,train,c3a4fa6123e16f7857b32ef55cbc7297
C:\Users\heman\Downloads\orthinx dataset\MedicalExpert-I\0Normal\NormalG0 (181).png,0,Normal,val,0161987b0140a5f88837ed0714470af9
C:\Users\heman\Downloads\orthinx dataset\MedicalExpert-I\0Normal\NormalG0 (182).png,0,Normal,train,668d4a073461947b927932c3624a0246
C:\Users\heman\Downloads\orthinx dataset\MedicalExpert-I\0Normal\NormalG0 (183).png,0,Normal,train,9ba135f00803feca9693a3bb07357af4
C:\Users\heman\Downloads\orthinx dataset\MedicalExpert-I\0Normal\NormalG0 (184).png,0,Normal,train,9d53acdc06874d79b9ab9794de97f91b
C:\Users\heman\Downloads\orthinx dataset\MedicalExpert-I\0Normal\NormalG0 (185).png,0,Normal,train,769f2ea4cf42dab59e99740b92a9b54b
C:\Users\heman\Downloads\orthinx dataset\MedicalExpert-I\0Normal\NormalG0 (186).png,0,Normal,train,87c3bcbb5a35c154b0eb837604d3059c
C:\Users\heman\Downloads\orthinx dataset\MedicalExpert-I\0Normal\NormalG0 (187).png,0,Normal,train,eb8c017c746bd0922760e64c3b652f32
C:\Users\heman\Downloads\orthinx dataset\MedicalExpert-I\0Normal\NormalG0 (188).png,0,Normal,val,57284254ab43357848ff2f26b2930fbe
C:\Users\heman\Downloads\orthinx dataset\MedicalExpert-I\0Normal\NormalG0 (189).png,0,Normal,val,55fcf529b8204d2f39f05a9a6596e8ad
C:\Users\heman\Downloads\orthinx dataset\MedicalExpert-I\0Normal\NormalG0 (19).png,0,Normal,test,d0c9857736af0d9b24a20ff0f59437e5
C:\Users\heman\Downloads\orthinx dataset\MedicalExpert-I\0Normal\NormalG0 (190).png,0,Normal,train,adb2357af34f9ab78e3b8e6b5624c6b7
C:\Users\heman\Downloads\orthinx dataset\MedicalExpert-I\0Normal\NormalG0 (191).png,0,Normal,val,eed2ed62d3c0b682d1cb1cefaa48f0a6
C:\Users\heman\Downloads\orthinx dataset\MedicalExpert-I\0Normal\NormalG0 (192).png,0,Normal,train,2532868ba10de5c6b122a7d7d04911ce
C:\Users\heman\Downloads\orthinx dataset\MedicalExpert-I\0Normal\NormalG0 (193).png,0,Normal,train,f186b6f11911683ce3fd8724d7a4813d
C:\Users\heman\Downloads\orthinx dataset\MedicalExpert-I\0Normal\NormalG0 (194).png,0,Normal,val,768b58bd7af6415eed80795bf4aaaad2
C:\Users\heman\Downloads\orthinx dataset\MedicalExpert-I\0Normal\NormalG0 (195).png,0,Normal,val,4b8176f0dce1e8070f55eb9a467d5bb7
C:\Users\heman\Downloads\orthinx dataset\MedicalExpert-I\0Normal\NormalG0 (196).png,0,Normal,train,f8c91c9a889c640e3977d9e439f9517d
C:\Users\heman\Downloads\orthinx dataset\MedicalExpert-I\0Normal\NormalG0 (197).png,0,Normal,train,08ce4ed87423dc822cc8c24e39c3df86
C:\Users\heman\Downloads\orthinx dataset\MedicalExpert-I\0Normal\NormalG0 (198).png,0,Normal,train,1f83bac66d62e3f7495bcdfc7a76f2ef
C:\Users\heman\Downloads\orthinx dataset\MedicalExpert-I\0Normal\NormalG0 (199).png,0,Normal,train,08b9c5ba8f4a7bb26081a8fdb9c2961f
C:\Users\heman\Downloads\orthinx dataset\MedicalExpert-I\0Normal\NormalG0 (2).png,0,Normal,train,3b620fc9edd04d10f85713ebc72fbf7b
C:\Users\heman\Downloads\orthinx dataset\MedicalExpert-I\0Normal\NormalG0 (20).png,0,Normal,train,b47356100cee9cfe98b646ee790b2682
C:\Users\heman\Downloads\orthinx dataset\MedicalExpert-I\0Normal\NormalG0 (200).png,0,Normal,train,a624ab7c5cd5820b54572574c394a09c
C:\Users\heman\Downloads\orthinx dataset\MedicalExpert-I\0Normal\NormalG0 (201).png,0,Normal,train,5967482ebdb3d4c6c7938b579f952962
C:\Users\heman\Downloads\orthinx dataset\MedicalExpert-I\0Normal\NormalG0 (202).png,0,Normal,train,d2d88120175210367319da0740c98495
C:\Users\heman\Downloads\orthinx dataset\MedicalExpert-I\0Normal\NormalG0 (203).png,0,Normal,train,433632eb709dc1f58cb66b213470d381
C:\Users\heman\Downloads\orthinx dataset\MedicalExpert-I\0Normal\NormalG0 (204).png,0,Normal,train,3cc2fdc9f217ed248bfc11f2ed7c2a1f
C:\Users\heman\Downloads\orthinx dataset\MedicalExpert-I\0Normal\NormalG0 (205).png,0,Normal,train,3fc40e7b79f689d6586bf9d8a51eba4e
C:\Users\heman\Downloads\orthinx dataset\MedicalExpert-I\0Normal\NormalG0 (206).png,0,Normal,train,ec245f74d5a07cd38abc19cbb68629f6
C:\Users\heman\Downloads\orthinx dataset\MedicalExpert-I\0Normal\NormalG0 (207).png,0,Normal,train,d47f2768864b9d2014c1f72185e47df8
C:\Users\heman\Downloads\orthinx dataset\MedicalExpert-I\0Normal\NormalG0 (208).png,0,Normal,val,52dd34fd5f250e081298dcf1268b88d9
C:\Users\heman\Downloads\orthinx dataset\MedicalExpert-I\0Normal\NormalG0 (209).png,0,Normal,train,5eaa6e5b805f057d4311d6bff3672213
C:\Users\heman\Downloads\orthinx dataset\MedicalExpert-I\0Normal\NormalG0 (21).png,0,Normal,train,2a62b2b05998de99811e262668b0163e
C:\Users\heman\Downloads\orthinx dataset\MedicalExpert-I\0Normal\NormalG0 (210).png,0,Normal,train,2b185c0838ef489cb012b5629970002e
C:\Users\heman\Downloads\orthinx dataset\MedicalExpert-I\0Normal\NormalG0 (211).png,0,Normal,train,70f6bb3952c596766ec5c31ed503dbc4
C:\Users\heman\Downloads\orthinx dataset\MedicalExpert-I\0Normal\NormalG0 (212).png,0,Normal,train,635f79cb2dbc5bc38ac92138386abf27
C:\Users\heman\Downloads\orthinx dataset\MedicalExpert-I\0Normal\NormalG0 (213).png,0,Normal,train,800c1e14ae6744c22a34199c40fae4d9
C:\Users\heman\Downloads\orthinx dataset\MedicalExpert-I\0Normal\NormalG0 (214).png,0,Normal,test,e0f8060c5eb30e4016a8eee68dd1af70
C:\Users\heman\Downloads\orthinx dataset\MedicalExpert-I\0Normal\NormalG0 (215).png,0,Normal,train,73f31626e4690580a7c2505ab0f68b25
C:\Users\heman\Downloads\orthinx dataset\MedicalExpert-I\0Normal\NormalG0 (216).png,0,Normal,test,786f9f368dd6ef9fe72431c5cc3d9eba
C:\Users\heman\Downloads\orthinx dataset\MedicalExpert-I\0Normal\NormalG0 (217).png,0,Normal,train,30ff064033d005553daa21043ecefab5
C:\Users\heman\Downloads\orthinx dataset\MedicalExpert-I\0Normal\NormalG0 (218).png,0,Normal,train,bea42036d15245c8cc91c84121ca074d
C:\Users\heman\Downloads\orthinx dataset\MedicalExpert-I\0Normal\NormalG0 (219).png,0,Normal,train,d35a46743a92bc8be16c71e51ccc9c17
C:\Users\heman\Downloads\orthinx dataset\MedicalExpert-I\0Normal\NormalG0 (22).png,0,Normal,val,c065085aac5d6defceec1219c63fedfc
C:\Users\heman\Downloads\orthinx dataset\MedicalExpert-I\0Normal\NormalG0 (220).png,0,Normal,test,2b52081ef8aaff553afc9169fd93e28b
C:\Users\heman\Downloads\orthinx dataset\MedicalExpert-I\0Normal\NormalG0 (221).png,0,Normal,train,a82108267b4caebcbfeaf4a85f356336
C:\Users\heman\Downloads\orthinx dataset\MedicalExpert-I\0Normal\NormalG0 (222).png,0,Normal,train,8521a04760f065282fde55c05222be22
C:\Users\heman\Downloads\orthinx dataset\MedicalExpert-I\0Normal\NormalG0 (223).png,0,Normal,val,38f27ff74996427a33adabc801b59ba8
C:\Users\heman\Downloads\orthinx dataset\MedicalExpert-I\0Normal\NormalG0 (224).png,0,Normal,train,b99813d8e8acaa1c5105427874665e50
C:\Users\heman\Downloads\orthinx dataset\MedicalExpert-I\0Normal\NormalG0 (225).png,0,Normal,train,5d7182627f2f5862fa6c23a57e3bc78c
C:\Users\heman\Downloads\orthinx dataset\MedicalExpert-I\0Normal\NormalG0 (226).png,0,Normal,train,6169f98dc60a2f52d86e7ae7732f3975
C:\Users\heman\Downloads\orthinx dataset\MedicalExpert-I\0Normal\NormalG0 (227).png,0,Normal,train,c687ae032dd31bd5546ef513ef69e19a
C:\Users\heman\Downloads\orthinx dataset\MedicalExpert-I\0Normal\NormalG0 (228).png,0,Normal,train,505bb8f6f7317700531b918df2857056
C:\Users\heman\Downloads\orthinx dataset\MedicalExpert-I\0Normal\NormalG0 (229).png,0,Normal,train,4a95216ca957fe59abfa32438a0f4829
C:\Users\heman\Downloads\orthinx dataset\MedicalExpert-I\0Normal\NormalG0 (23).png,0,Normal,train,1975e833398f16dafcde134c0154f0a3
C:\Users\heman\Downloads\orthinx dataset\MedicalExpert-I\0Normal\NormalG0 (230).png,0,Normal,train,cd854bd22328e1cf3233e8b01a34c817
C:\Users\heman\Downloads\orthinx dataset\MedicalExpert-I\0Normal\NormalG0 (231).png,0,Normal,train,e710651d2ebe53d6ecaa35d9f4fefb8e
C:\Users\heman\Downloads\orthinx dataset\MedicalExpert-I\0Normal\NormalG0 (232).png,0,Normal,train,fdb642c129c520b56725db83cd1eb6e1
C:\Users\heman\Downloads\orthinx dataset\MedicalExpert-I\0Normal\NormalG0 (233).png,0,Normal,val,c182c6d8758f92fb7e8ca7b23b2f6131
C:\Users\heman\Downloads\orthinx dataset\MedicalExpert-I\0Normal\NormalG0 (234).png,0,Normal,train,f726b0fb83534824164c9d571e9d0852
C:\Users\heman\Downloads\orthinx dataset\MedicalExpert-I\0Normal\NormalG0 (235).png,0,Normal,val,7276144a951cfc512ef3c7269fc79233
C:\Users\heman\Downloads\orthinx dataset\MedicalExpert-I\0Normal\NormalG0 (236).png,0,Normal,train,c2308c24179f58ebed1173584ddb8307
C:\Users\heman\Downloads\orthinx dataset\MedicalExpert-I\0Normal\NormalG0 (237).png,0,Normal,train,a956fe3e41d2aebebc8e66819bd5ba66
C:\Users\heman\Downloads\orthinx dataset\MedicalExpert-I\0Normal\NormalG0 (238).png,0,Normal,train,9d67daed663575a5626f9a2902d27d68
C:\Users\heman\Downloads\orthinx dataset\MedicalExpert-I\0Normal\NormalG0 (239).png,0,Normal,train,f360cb98fd09124f9ad529dc7498b8da
C:\Users\heman\Downloads\orthinx dataset\MedicalExpert-I\0Normal\NormalG0 (24).png,0,Normal,val,2f47513dfa7f8f189dc3c264216a6e76
C:\Users\heman\Downloads\orthinx dataset\MedicalExpert-I\0Normal\NormalG0 (240).png,0,Normal,train,5f1001fc5c479d60d7fd6a1a1a757cd2
C:\Users\heman\Downloads\orthinx dataset\MedicalExpert-I\0Normal\NormalG0 (241).png,0,Normal,train,56969e221a23720c9d765d0104989e53
C:\Users\heman\Downloads\orthinx dataset\MedicalExpert-I\0Normal\NormalG0 (242).png,0,Normal,train,bd1c29a9f4d731b09d9d4e6303071fdd
C:\Users\heman\Downloads\orthinx dataset\MedicalExpert-I\0Normal\NormalG0 (243).png,0,Normal,val,122f653bf408e02c6921d4e842c3e606
C:\Users\heman\Downloads\orthinx dataset\MedicalExpert-I\0Normal\NormalG0 (244).png,0,Normal,val,51501086cb1f47f2a84fa2d27b945ada
C:\Users\heman\Downloads\orthinx dataset\MedicalExpert-I\0Normal\NormalG0 (245).png,0,Normal,val,e2bbe46bae100f77d107585e584d42a4
C:\Users\heman\Downloads\orthinx dataset\MedicalExpert-I\0Normal\NormalG0 (246).png,0,Normal,train,986f9db82c673f350057064c8ab34221
C:\Users\heman\Downloads\orthinx dataset\MedicalExpert-I\0Normal\NormalG0 (247).png,0,Normal,train,2825e53b2e7a03b6d83438124f86c491
C:\Users\heman\Downloads\orthinx dataset\MedicalExpert-I\0Normal\NormalG0 (248).png,0,Normal,train,20a5f921a6d20a9bafb06b28108d3536
C:\Users\heman\Downloads\orthinx dataset\MedicalExpert-I\0Normal\NormalG0 (249).png,0,Normal,val,cc7f7b1b461dc94ef66de10da687a448
C:\Users\heman\Downloads\orthinx dataset\MedicalExpert-I\0Normal\NormalG0 (25).png,0,Normal,train,4b91929989196d503438fceb1062d1cb
C:\Users\heman\Downloads\orthinx dataset\MedicalExpert-I\0Normal\NormalG0 (250).png,0,Normal,train,527de03bfd64849378e829158f54480b
C:\Users\heman\Downloads\orthinx dataset\MedicalExpert-I\0Normal\NormalG0 (251).png,0,Normal,val,a47cd6443b18fc61f0ab14d8353f338e
C:\Users\heman\Downloads\orthinx dataset\MedicalExpert-I\0Normal\NormalG0 (252).png,0,Normal,train,057311b8950b23c086841ba24b45f539
C:\Users\heman\Downloads\orthinx dataset\MedicalExpert-I\0Normal\NormalG0 (253).png,0,Normal,test,27c0c87079e0943eefcab5f855f261c5
C:\Users\heman\Downloads\orthinx dataset\MedicalExpert-I\0Normal\NormalG0 (254).png,0,Normal,train,9388fe9b2ebb8eeebeb6d6ad3cdc4799
C:\Users\heman\Downloads\orthinx dataset\MedicalExpert-I\0Normal\NormalG0 (255).png,0,Normal,train,4fd7302d320ab017f2dcc32da6e95bb8
C:\Users\heman\Downloads\orthinx dataset\MedicalExpert-I\0Normal\NormalG0 (256).png,0,Normal,val,d01ee216c62c12450e7ed22228b2d842
C:\Users\heman\Downloads\orthinx dataset\MedicalExpert-I\0Normal\NormalG0 (257).png,0,Normal,train,392f7bcf8a1532e734297d7fedfe4838
C:\Users\heman\Downloads\orthinx dataset\MedicalExpert-I\0Normal\NormalG0 (258).png,0,Normal,train,b9e15733f73020444028a5795b7328b9
C:\Users\heman\Downloads\orthinx dataset\MedicalExpert-I\0Normal\NormalG0 (259).png,0,Normal,train,2afc8efd3d9f34b7d23f29051ac7c167
C:\Users\heman\Downloads\orthinx dataset\MedicalExpert-I\0Normal\NormalG0 (26).png,0,Normal,train,14d4ec3da894dcf2f1b0bb24a7f2bd31
C:\Users\heman\Downloads\orthinx dataset\MedicalExpert-I\0Normal\NormalG0 (260).png,0,Normal,train,9b09893fb69a8debad8834f261628fbc
C:\Users\heman\Downloads\orthinx dataset\MedicalExpert-I\0Normal\NormalG0 (261).png,0,Normal,train,84e6a6bc613e9299fba2b05c7d9e23a1
C:\Users\heman\Downloads\orthinx dataset\MedicalExpert-I\0Normal\NormalG0 (262).png,0,Normal,train,7b5223a1cdf7a7b7eb20a86ed441709f
C:\Users\heman\Downloads\orthinx dataset\MedicalExpert-I\0Normal\NormalG0 (263).png,0,Normal,train,ff84043b7a52723c2d84a858577367b9
C:\Users\heman\Downloads\orthinx dataset\MedicalExpert-I\0Normal\NormalG0 (264).png,0,Normal,train,90b521cea33961a8f469800976b79aac
C:\Users\heman\Downloads\orthinx dataset\MedicalExpert-I\0Normal\NormalG0 (265).png,0,Normal,train,b0f295182c90ef11a5a40caca08f7196
C:\Users\heman\Downloads\orthinx dataset\MedicalExpert-I\0Normal\NormalG0 (266).png,0,Normal,train,8e82ea324a339ca4b303c63e0367a9f0
C:\Users\heman\Downloads\orthinx dataset\MedicalExpert-I\0Normal\NormalG0 (267).png,0,Normal,train,77c951f5c61cbec56ae29592a01ec0cd
C:\Users\heman\Downloads\orthinx dataset\MedicalExpert-I\0Normal\NormalG0 (268).png,0,Normal,test,17d6b2e3110b0fcbdf9e9ad477f73c8d
C:\Users\heman\Downloads\orthinx dataset\MedicalExpert-I\0Normal\NormalG0 (269).png,0,Normal,val,7e26ebd4e6a4e15004108898509f4425
C:\Users\heman\Downloads\orthinx dataset\MedicalExpert-I\0Normal\NormalG0 (27).png,0,Normal,test,5fa90766624362a96d68196319e4af99
C:\Users\heman\Downloads\orthinx dataset\MedicalExpert-I\0Normal\NormalG0 (270).png,0,Normal,test,a459e99a95e903624094e2aac9cf3485
C:\Users\heman\Downloads\orthinx dataset\MedicalExpert-I\0Normal\NormalG0 (271).png,0,Normal,test,24db558ad62e48bbfaceed5e1bc01ac6
C:\Users\heman\Downloads\orthinx dataset\MedicalExpert-I\0Normal\NormalG0 (272).png,0,Normal,train,fe79a4404b4ee82a5794a1ba0710ca22
C:\Users\heman\Downloads\orthinx dataset\MedicalExpert-I\0Normal\NormalG0 (273).png,0,Normal,train,f065cce4f10ec889745f7825ce0f0000
C:\Users\heman\Downloads\orthinx dataset\MedicalExpert-I\0Normal\NormalG0 (274).png,0,Normal,train,6ae1a36ab2e0cf3ba52cc9594a9243d1
C:\Users\heman\Downloads\orthinx dataset\MedicalExpert-I\0Normal\NormalG0 (275).png,0,Normal,train,3e0a1328a92613915161f7887a2e9c49
C:\Users\heman\Downloads\orthinx dataset\MedicalExpert-I\0Normal\NormalG0 (276).png,0,Normal,train,7b355bfaeb72c9fbf8e984989c29f0c1
C:\Users\heman\Downloads\orthinx dataset\MedicalExpert-I\0Normal\NormalG0 (277).png,0,Normal,train,01a39a4255ba6a5ee5783f3459421541
C:\Users\heman\Downloads\orthinx dataset\MedicalExpert-I\0Normal\NormalG0 (278).png,0,Normal,train,63c49791030d5c72feb2f88ca45b70b7
C:\Users\heman\Downloads\orthinx dataset\MedicalExpert-I\0Normal\NormalG0 (279).png,0,Normal,train,47b3faa69f9620fdb7678e21ecb1ba04
C:\Users\heman\Downloads\orthinx dataset\MedicalExpert-I\0Normal\NormalG0 (28).png,0,Normal,test,fa46108bffefb6f5206bc2c5c776b1cf
C:\Users\heman\Downloads\orthinx dataset\MedicalExpert-I\0Normal\NormalG0 (280).png,0,Normal,val,131aae4e55f4e84c6be1aa7335a41e6a
C:\Users\heman\Downloads\orthinx dataset\MedicalExpert-I\0Normal\NormalG0 (281).png,0,Normal,train,ee3c826d37d9e78b231006bdb8dd88f5
C:\Users\heman\Downloads\orthinx dataset\MedicalExpert-I\0Normal\NormalG0 (282).png,0,Normal,train,211e965f179369ce78f347fe44ed3f4e
C:\Users\heman\Downloads\orthinx dataset\MedicalExpert-I\0Normal\NormalG0 (283).png,0,Normal,train,d4cc7347c79db142db269487d19265ef
C:\Users\heman\Downloads\orthinx dataset\MedicalExpert-I\0Normal\NormalG0 (284).png,0,Normal,test,6fe9ee3347e2c18a924e5872289a7f8e
C:\Users\heman\Downloads\orthinx dataset\MedicalExpert-I\0Normal\NormalG0 (285).png,0,Normal,train,b85fb33a95dfac9640cb45b51adf72fa
C:\Users\heman\Downloads\orthinx dataset\MedicalExpert-I\0Normal\NormalG0 (286).png,0,Normal,test,e0327718c5cdbf84842635c935e1fa6a
C:\Users\heman\Downloads\orthinx dataset\MedicalExpert-I\0Normal\NormalG0 (287).png,0,Normal,train,3a74d94d9870dc32579f4555fe2a6d52
C:\Users\heman\Downloads\orthinx dataset\MedicalExpert-I\0Normal\NormalG0 (288).png,0,Normal,train,9b9e7bd520d14413785de09f331cfafc
C:\Users\heman\Downloads\orthinx dataset\MedicalExpert-I\0Normal\NormalG0 (289).png,0,Normal,train,f7fa98fa902ccb34ebc8efe6565be9e3
C:\Users\heman\Downloads\orthinx dataset\MedicalExpert-I\0Normal\NormalG0 (29).png,0,Normal,train,1d078bda780cc75290d9aab8f3ad6cc6
C:\Users\heman\Downloads\orthinx dataset\MedicalExpert-I\0Normal\NormalG0 (290).png,0,Normal,val,acfc6d46bfd1af45b844b320c6f8fdba
C:\Users\heman\Downloads\orthinx dataset\MedicalExpert-I\0Normal\NormalG0 (291).png,0,Normal,test,7fc646ac3abeaf2be4a1dbcba31c437f
C:\Users\heman\Downloads\orthinx dataset\MedicalExpert-I\0Normal\NormalG0 (292).png,0,Normal,val,b94b19f6e02c7497bf3b9209aa6cc442
C:\Users\heman\Downloads\orthinx dataset\MedicalExpert-I\0Normal\NormalG0 (293).png,0,Normal,val,c459cc8da1e8d3628cf061bb616ad07b
C:\Users\heman\Downloads\orthinx dataset\MedicalExpert-I\0Normal\NormalG0 (294).png,0,Normal,val,b94b19f6e02c7497bf3b9209aa6cc442
C:\Users\heman\Downloads\orthinx dataset\MedicalExpert-I\0Normal\NormalG0 (295).png,0,Normal,test,c10d88bf1eaf7691a723489460af01c6
C:\Users\heman\Downloads\orthinx dataset\MedicalExpert-I\0Normal\NormalG0 (296).png,0,Normal,test,f58ff89d060f6bc1ac413b0ed3b14347
C:\Users\heman\Downloads\orthinx dataset\MedicalExpert-I\0Normal\NormalG0 (297).png,0,Normal,train,19d3d916d3dd3f3811c61c68e3790e7a
C:\Users\heman\Downloads\orthinx dataset\MedicalExpert-I\0Normal\NormalG0 (298).png,0,Normal,train,4d3da25db1b8a6b8908b824183f3baac
C:\Users\heman\Downloads\orthinx dataset\MedicalExpert-I\0Normal\NormalG0 (299).png,0,Normal,train,babf3281ca5a9ff69508774b9d5314a8
C:\Users\heman\Downloads\orthinx dataset\MedicalExpert-I\0Normal\NormalG0 (3).png,0,Normal,train,62adcc7b5aa438213d6abb2233d5ea06
C:\Users\heman\Downloads\orthinx dataset\MedicalExpert-I\0Normal\NormalG0 (30).png,0,Normal,train,dc0e15d6d771ccf278bce759599bab9d
C:\Users\heman\Downloads\orthinx dataset\MedicalExpert-I\0Normal\NormalG0 (300).png,0,Normal,train,97d146077d7bb3e977c24d79e617d7b0
C:\Users\heman\Downloads\orthinx dataset\MedicalExpert-I\0Normal\NormalG0 (301).png,0,Normal,train,f7bfa5b2393abcd82ca554767739f4d0
C:\Users\heman\Downloads\orthinx dataset\MedicalExpert-I\0Normal\NormalG0 (302).png,0,Normal,train,b9e72c78acecfd108593d9422e03c37c
C:\Users\heman\Downloads\orthinx dataset\MedicalExpert-I\0Normal\NormalG0 (303).png,0,Normal,val,6dfed8e42b7fa2a6f369d1aeb5afd667
C:\Users\heman\Downloads\orthinx dataset\MedicalExpert-I\0Normal\NormalG0 (304).png,0,Normal,train,fbec463540cff400ed1d9b6ae7206aeb
C:\Users\heman\Downloads\orthinx dataset\MedicalExpert-I\0Normal\NormalG0 (305).png,0,Normal,train,dea25cb301db6dd0cf17430c8208024d
C:\Users\heman\Downloads\orthinx dataset\MedicalExpert-I\0Normal\NormalG0 (306).png,0,Normal,train,e6f0123f1d3742546af7929855f37070
C:\Users\heman\Downloads\orthinx dataset\MedicalExpert-I\0Normal\NormalG0 (307).png,0,Normal,val,538ecfc27c90c1ce3ccdcf9e5cacfb00
C:\Users\heman\Downloads\orthinx dataset\MedicalExpert-I\0Normal\NormalG0 (308).png,0,Normal,train,3f33b93889e3b68eece1ed0d7cc22410
C:\Users\heman\Downloads\orthinx dataset\MedicalExpert-I\0Normal\NormalG0 (309).png,0,Normal,train,5f0c174bc427cc42e7b8b54e24f98e56
C:\Users\heman\Downloads\orthinx dataset\MedicalExpert-I\0Normal\NormalG0 (31).png,0,Normal,train,76e7237a85bbd7dcd0dae3036c78f5aa
C:\Users\heman\Downloads\orthinx dataset\MedicalExpert-I\0Normal\NormalG0 (310).png,0,Normal,train,06e254d2ec988bee9b2479b2649efc67
C:\Users\heman\Downloads\orthinx dataset\MedicalExpert-I\0Normal\NormalG0 (311).png,0,Normal,test,183b7c58867682a423312d4da83ba7d5
C:\Users\heman\Downloads\orthinx dataset\MedicalExpert-I\0Normal\NormalG0 (312).png,0,Normal,val,a9723bcb88037022ce686220f595d226
C:\Users\heman\Downloads\orthinx dataset\MedicalExpert-I\0Normal\NormalG0 (313).png,0,Normal,train,9d59439f4b66aa55666d43e7c8059a98
C:\Users\heman\Downloads\orthinx dataset\MedicalExpert-I\0Normal\NormalG0 (314).png,0,Normal,train,99ac01f2bc13b7e1c026d3b9dcd00e57
C:\Users\heman\Downloads\orthinx dataset\MedicalExpert-I\0Normal\NormalG0 (315).png,0,Normal,train,e14943f0800f7b5767556ba399d7a3d5
C:\Users\heman\Downloads\orthinx dataset\MedicalExpert-I\0Normal\NormalG0 (316).png,0,Normal,train,270437595d9feda1319ae91495f49460
C:\Users\heman\Downloads\orthinx dataset\MedicalExpert-I\0Normal\NormalG0 (317).png,0,Normal,val,99f63f0a80f5d8bd047253baf7811be3
C:\Users\heman\Downloads\orthinx dataset\MedicalExpert-I\0Normal\NormalG0 (318).png,0,Normal,train,6a402fca31336ec9ec75790f41db706c
C:\Users\heman\Downloads\orthinx dataset\MedicalExpert-I\0Normal\NormalG0 (319).png,0,Normal,val,9c55abd7deb646438c49e6bf1fa7b9b6
C:\Users\heman\Downloads\orthinx dataset\MedicalExpert-I\0Normal\NormalG0 (32).png,0,Normal,train,6255d07d1b9dc9efa180aa5d904acf80
C:\Users\heman\Downloads\orthinx dataset\MedicalExpert-I\0Normal\NormalG0 (320).png,0,Normal,train,f196f69ae13541874e3453f9ddea3aa8
C:\Users\heman\Downloads\orthinx dataset\MedicalExpert-I\0Normal\NormalG0 (321).png,0,Normal,train,7ec0632d2f0265e6a83c644683ee5614
C:\Users\heman\Downloads\orthinx dataset\MedicalExpert-I\0Normal\NormalG0 (322).png,0,Normal,train,b0170b985f92afad1ead55fb9272e7b2
C:\Users\heman\Downloads\orthinx dataset\MedicalExpert-I\0Normal\NormalG0 (323).png,0,Normal,train,a479c487ae96e243fa5f8d6153c125eb
C:\Users\heman\Downloads\orthinx dataset\MedicalExpert-I\0Normal\NormalG0 (324).png,0,Normal,train,8cd3e6717369f48d546cc9807a9c298a
C:\Users\heman\Downloads\orthinx dataset\MedicalExpert-I\0Normal\NormalG0 (325).png,0,Normal,train,cfc03be211e0e2258fae7d87d6a6627a
C:\Users\heman\Downloads\orthinx dataset\MedicalExpert-I\0Normal\NormalG0 (326).png,0,Normal,test,f77d6d10c3fa145c1c5c833bad59b733
C:\Users\heman\Downloads\orthinx dataset\MedicalExpert-I\0Normal\NormalG0 (327).png,0,Normal,test,5ba5447cdc62e43c04f94cd7030e4ba1
C:\Users\heman\Downloads\orthinx dataset\MedicalExpert-I\0Normal\NormalG0 (328).png,0,Normal,train,c07ef33602fa5728c4c18b986809c3f2
C:\Users\heman\Downloads\orthinx dataset\MedicalExpert-I\0Normal\NormalG0 (329).png,0,Normal,train,69e2dbb3a3ddd3cfe5426ccbfaa82915
C:\Users\heman\Downloads\orthinx dataset\MedicalExpert-I\0Normal\NormalG0 (33).png,0,Normal,train,021b6830bd76ff591db8b4227b6fe9b3
C:\Users\heman\Downloads\orthinx dataset\MedicalExpert-I\0Normal\NormalG0 (330).png,0,Normal,test,387030ee3a8ad00fd09ae5e600cdd345
C:\Users\heman\Downloads\orthinx dataset\MedicalExpert-I\0Normal\NormalG0 (331).png,0,Normal,test,8c22638dcc71cc49eeda45cb4922b1e0
C:\Users\heman\Downloads\orthinx dataset\MedicalExpert-I\0Normal\NormalG0 (332).png,0,Normal,train,8c95eab01b57099ee18d41235eafd6a5
C:\Users\heman\Downloads\orthinx dataset\MedicalExpert-I\0Normal\NormalG0 (333).png,0,Normal,val,777b47c460dcd1721d6be9b345fd4cec
C:\Users\heman\Downloads\orthinx dataset\MedicalExpert-I\0Normal\NormalG0 (334).png,0,Normal,val,fd43414072ed066758d2882dd06ef0a6
C:\Users\heman\Downloads\orthinx dataset\MedicalExpert-I\0Normal\NormalG0 (335).png,0,Normal,train,239e8ac6f6a2c474516fbb9825129059
C:\Users\heman\Downloads\orthinx dataset\MedicalExpert-I\0Normal\NormalG0 (336).png,0,Normal,train,e10354c3f85929bde9e44cd6278341b8
C:\Users\heman\Downloads\orthinx dataset\MedicalExpert-I\0Normal\NormalG0 (337).png,0,Normal,test,ba2ad1056438f2c157aebdc6c0a16eb4
C:\Users\heman\Downloads\orthinx dataset\MedicalExpert-I\0Normal\NormalG0 (338).png,0,Normal,val,02db83609be16d072f997f022624e3b6
C:\Users\heman\Downloads\orthinx dataset\MedicalExpert-I\0Normal\NormalG0 (339).png,0,Normal,train,4dc530586058ca305bc52c9d9286ab1a
C:\Users\heman\Downloads\orthinx dataset\MedicalExpert-I\0Normal\NormalG0 (34).png,0,Normal,train,729c7c6e0db44fb0a6da2a5ab32367ae
C:\Users\heman\Downloads\orthinx dataset\MedicalExpert-I\0Normal\NormalG0 (340).png,0,Normal,val,cc46e6520eb5b8b7b296ad8af9591e6d
C:\Users\heman\Downloads\orthinx dataset\MedicalExpert-I\0Normal\NormalG0 (341).png,0,Normal,train,de9a0b056c5a04fa6c75aa3bbb735ab7
C:\Users\heman\Downloads\orthinx dataset\MedicalExpert-I\0Normal\NormalG0 (342).png,0,Normal,test,afbf0bc2b992cbed5628612b07d780f4
C:\Users\heman\Downloads\orthinx dataset\MedicalExpert-I\0Normal\NormalG0 (343).png,0,Normal,val,b0770bbcae40462936ab5d0ada0fd046
C:\Users\heman\Downloads\orthinx dataset\MedicalExpert-I\0Normal\NormalG0 (344).png,0,Normal,train,ca3c4c604d07d0afc15cb36b8fe8e979
C:\Users\heman\Downloads\orthinx dataset\MedicalExpert-I\0Normal\NormalG0 (345).png,0,Normal,train,ce92ba0c0aa09ec4a97a351ddf764b94
C:\Users\heman\Downloads\orthinx dataset\MedicalExpert-I\0Normal\NormalG0 (346).png,0,Normal,val,57a0f7dde84c541c7e9006348410b404
C:\Users\heman\Downloads\orthinx dataset\MedicalExpert-I\0Normal\NormalG0 (347).png,0,Normal,train,80ce586edc30fda3b19b721cb68ed757
C:\Users\heman\Downloads\orthinx dataset\MedicalExpert-I\0Normal\NormalG0 (348).png,0,Normal,train,7fd56d020b6031761700d20702b745f5
C:\Users\heman\Downloads\orthinx dataset\MedicalExpert-I\0Normal\NormalG0 (349).png,0,Normal,test,43fc41187a072f5ccf7f08e9c2b83e05
C:\Users\heman\Downloads\orthinx dataset\MedicalExpert-I\0Normal\NormalG0 (35).png,0,Normal,train,a802b16cc50573ce7120d65d26a9b094
C:\Users\heman\Downloads\orthinx dataset\MedicalExpert-I\0Normal\NormalG0 (350).png,0,Normal,train,ae0986d84b2108fa5f536051ea09147a
C:\Users\heman\Downloads\orthinx dataset\MedicalExpert-I\0Normal\NormalG0 (351).png,0,Normal,test,71a0a78f3fecd2b91fb0bc29b9788602
C:\Users\heman\Downloads\orthinx dataset\MedicalExpert-I\0Normal\NormalG0 (352).png,0,Normal,train,16524efb7ecbc3601a775c1e41b848d4
C:\Users\heman\Downloads\orthinx dataset\MedicalExpert-I\0Normal\NormalG0 (353).png,0,Normal,train,55ed6b7f6f771810043ff67eb6099966
C:\Users\heman\Downloads\orthinx dataset\MedicalExpert-I\0Normal\NormalG0 (354).png,0,Normal,train,c31f409da19da65c0dd749dfd481cdc3
C:\Users\heman\Downloads\orthinx dataset\MedicalExpert-I\0Normal\NormalG0 (355).png,0,Normal,train,5950a0091fa9aeb469c379ae714725c9
C:\Users\heman\Downloads\orthinx dataset\MedicalExpert-I\0Normal\NormalG0 (356).png,0,Normal,train,8a9298a553d10b626ef407cd8bbd2d7d
C:\Users\heman\Downloads\orthinx dataset\MedicalExpert-I\0Normal\NormalG0 (357).png,0,Normal,train,7b2d560ad49f591494b9cebc49ce6e16
C:\Users\heman\Downloads\orthinx dataset\MedicalExpert-I\0Normal\NormalG0 (358).png,0,Normal,train,05ea38fcf00b565e8f0f006eb0b72fe7
C:\Users\heman\Downloads\orthinx dataset\MedicalExpert-I\0Normal\NormalG0 (359).png,0,Normal,train,9ae5fb32a85c25a62e76151f38fb893a
C:\Users\heman\Downloads\orthinx dataset\MedicalExpert-I\0Normal\NormalG0 (36).png,0,Normal,val,cc264ae5642671a213df0c234a4b033e
C:\Users\heman\Downloads\orthinx dataset\MedicalExpert-I\0Normal\NormalG0 (360).png,0,Normal,train,edbd7aeebcc9d67f5cf9a68f69b9c262
C:\Users\heman\Downloads\orthinx dataset\MedicalExpert-I\0Normal\NormalG0 (361).png,0,Normal,train,b0f392e4eae2a93eba39fd028c826e21
C:\Users\heman\Downloads\orthinx dataset\MedicalExpert-I\0Normal\NormalG0 (362).png,0,Normal,train,eb052f5e1ac39dd1d841a940bbc05a3c
C:\Users\heman\Downloads\orthinx dataset\MedicalExpert-I\0Normal\NormalG0 (363).png,0,Normal,test,c784cc39668695fadad1c55f37116773
C:\Users\heman\Downloads\orthinx dataset\MedicalExpert-I\0Normal\NormalG0 (364).png,0,Normal,val,b9f66beeaf4594c4fec0f791d7e09634
C:\Users\heman\Downloads\orthinx dataset\MedicalExpert-I\0Normal\NormalG0 (365).png,0,Normal,train,1cb3c22c556a0d20723af43e1b8c3cb7
C:\Users\heman\Downloads\orthinx dataset\MedicalExpert-I\0Normal\NormalG0 (366).png,0,Normal,val,8fdb175822dc537ff25e90740902fcd3
C:\Users\heman\Downloads\orthinx dataset\MedicalExpert-I\0Normal\NormalG0 (367).png,0,Normal,train,9d9855d3855463703d04a8a3ac53e11f
C:\Users\heman\Downloads\orthinx dataset\MedicalExpert-I\0Normal\NormalG0 (368).png,0,Normal,train,f644b7e9c3d0ce94967e2ebf98c8e424
C:\Users\heman\Downloads\orthinx dataset\MedicalExpert-I\0Normal\NormalG0 (369).png,0,Normal,train,9eba1f194fe95d88bcab6012361b6781
C:\Users\heman\Downloads\orthinx dataset\MedicalExpert-I\0Normal\NormalG0 (37).png,0,Normal,train,4c492601dcfe8131e0380413f1815df9
C:\Users\heman\Downloads\orthinx dataset\MedicalExpert-I\0Normal\NormalG0 (370).png,0,Normal,test,a8710d03fa9f6a364b1534defcc61fb5
C:\Users\heman\Downloads\orthinx dataset\MedicalExpert-I\0Normal\NormalG0 (371).png,0,Normal,train,d0002ec15ca1338f82d4dfc19616a886
C:\Users\heman\Downloads\orthinx dataset\MedicalExpert-I\0Normal\NormalG0 (372).png,0,Normal,train,1af36af6d51473c8c90f2d6e69cb8952
C:\Users\heman\Downloads\orthinx dataset\MedicalExpert-I\0Normal\NormalG0 (373).png,0,Normal,test,1b3d661f9632755819772a4a851d81e9
C:\Users\heman\Downloads\orthinx dataset\MedicalExpert-I\0Normal\NormalG0 (374).png,0,Normal,train,0f54902ab13e6e799353196355176e1c
C:\Users\heman\Downloads\orthinx dataset\MedicalExpert-I\0Normal\NormalG0 (375).png,0,Normal,train,8d69787657c1d5bfadc50f411604ebd2
C:\Users\heman\Downloads\orthinx dataset\MedicalExpert-I\0Normal\NormalG0 (376).png,0,Normal,test,fa7e25ae6f926f9e2fd1f3ab2ad1a0f0
C:\Users\heman\Downloads\orthinx dataset\MedicalExpert-I\0Normal\NormalG0 (377).png,0,Normal,train,9e9de0d8f8545312190f31e60b79a8a9
C:\Users\heman\Downloads\orthinx dataset\MedicalExpert-I\0Normal\NormalG0 (378).png,0,Normal,val,8d0e66d4a0d687acc63347c10caffffa
C:\Users\heman\Downloads\orthinx dataset\MedicalExpert-I\0Normal\NormalG0 (379).png,0,Normal,test,371a416f3477bbd8267c6c4e483be2ce
C:\Users\heman\Downloads\orthinx dataset\MedicalExpert-I\0Normal\NormalG0 (38).png,0,Normal,train,07228fd2363eb851e62acd6a0e36cf70
C:\Users\heman\Downloads\orthinx dataset\MedicalExpert-I\0Normal\NormalG0 (380).png,0,Normal,train,6d2f158ba30da9366cd866d627ce835a
C:\Users\heman\Downloads\orthinx dataset\MedicalExpert-I\0Normal\NormalG0 (381).png,0,Normal,train,64f637b4d008b5a4b40d9b95759e6b81
C:\Users\heman\Downloads\orthinx dataset\MedicalExpert-I\0Normal\NormalG0 (382).png,0,Normal,val,e8fdebac198d58153a888929e68b78f8
C:\Users\heman\Downloads\orthinx dataset\MedicalExpert-I\0Normal\NormalG0 (383).png,0,Normal,train,9afe402a4aaadc1f140cc19abcf347c2
C:\Users\heman\Downloads\orthinx dataset\MedicalExpert-I\0Normal\NormalG0 (384).png,0,Normal,test,40df92fda2500ec834c58c3d78b6b223
C:\Users\heman\Downloads\orthinx dataset\MedicalExpert-I\0Normal\NormalG0 (385).png,0,Normal,train,faf600596b9c09a7a9e9a4462296c692
C:\Users\heman\Downloads\orthinx dataset\MedicalExpert-I\0Normal\NormalG0 (386).png,0,Normal,train,579c14592d9acfbfc875c7c165c541d4
C:\Users\heman\Downloads\orthinx dataset\MedicalExpert-I\0Normal\NormalG0 (387).png,0,Normal,train,935b3ff53da242cb946e6441b254e423
C:\Users\heman\Downloads\orthinx dataset\MedicalExpert-I\0Normal\NormalG0 (388).png,0,Normal,test,cfd5c9ee37b2038e98beda757af018be
C:\Users\heman\Downloads\orthinx dataset\MedicalExpert-I\0Normal\NormalG0 (389).png,0,Normal,train,a280882de4fcf287bff1b0bcdcff6d19
C:\Users\heman\Downloads\orthinx dataset\MedicalExpert-I\0Normal\NormalG0 (39).png,0,Normal,train,c9b1004c213d2ae6e47f7832d472438f
C:\Users\heman\Downloads\orthinx dataset\MedicalExpert-I\0Normal\NormalG0 (390).png,0,Normal,train,4d36306fc5d4fa0cebd909ba84f8a77f
C:\Users\heman\Downloads\orthinx dataset\MedicalExpert-I\0Normal\NormalG0 (391).png,0,Normal,train,8d14b2e9d8c3726dca76ffc6e52074d7
C:\Users\heman\Downloads\orthinx dataset\MedicalExpert-I\0Normal\NormalG0 (392).png,0,Normal,train,7828d60f4d169306a05043017751ec3f
C:\Users\heman\Downloads\orthinx dataset\MedicalExpert-I\0Normal\NormalG0 (393).png,0,Normal,train,4eb93b0b10b7e103651fb0bc4a1cf3ab
C:\Users\heman\Downloads\orthinx dataset\MedicalExpert-I\0Normal\NormalG0 (394).png,0,Normal,test,9ede7c40fa96f419e13c596fded2d866
C:\Users\heman\Downloads\orthinx dataset\MedicalExpert-I\0Normal\NormalG0 (395).png,0,Normal,val,6be9c9670a0f0051be42985bd78b3999
C:\Users\heman\Downloads\orthinx dataset\MedicalExpert-I\0Normal\NormalG0 (396).png,0,Normal,test,9212ced1b0beaf5a0a72b1b63a135488
C:\Users\heman\Downloads\orthinx dataset\MedicalExpert-I\0Normal\NormalG0 (397).png,0,Normal,train,40ee37904a69e83e56ab66f36e141edc
C:\Users\heman\Downloads\orthinx dataset\MedicalExpert-I\0Normal\NormalG0 (398).png,0,Normal,test,7fd4d2fe730ac0fd791791d2723d24b2
C:\Users\heman\Downloads\orthinx dataset\MedicalExpert-I\0Normal\NormalG0 (399).png,0,Normal,train,0cd77d5431c8b59e0dcd0471b9a6a170
C:\Users\heman\Downloads\orthinx dataset\MedicalExpert-I\0Normal\NormalG0 (4).png,0,Normal,train,c35a46f5f5fca2f4c11c6c645c12996f
C:\Users\heman\Downloads\orthinx dataset\MedicalExpert-I\0Normal\NormalG0 (40).png,0,Normal,train,344ad523e59432d48db65b365bc32571
C:\Users\heman\Downloads\orthinx dataset\MedicalExpert-I\0Normal\NormalG0 (400).png,0,Normal,train,c4b72071649964f494c9bc15521da8ff
C:\Users\heman\Downloads\orthinx dataset\MedicalExpert-I\0Normal\NormalG0 (401).png,0,Normal,train,e19fe3741b7f8f619cba7cf828a90f51
C:\Users\heman\Downloads\orthinx dataset\MedicalExpert-I\0Normal\NormalG0 (402).png,0,Normal,train,691d5991939ebc23ca7271a92dde0e52
C:\Users\heman\Downloads\orthinx dataset\MedicalExpert-I\0Normal\NormalG0 (403).png,0,Normal,val,a66bf132774b8c3e102a1ee915c9fdc7
C:\Users\heman\Downloads\orthinx dataset\MedicalExpert-I\0Normal\NormalG0 (404).png,0,Normal,train,63ce8734ecde051512a6f112e7362fd1
C:\Users\heman\Downloads\orthinx dataset\MedicalExpert-I\0Normal\NormalG0 (405).png,0,Normal,test,e08c540f730bdabc1157406512b2eb7a
C:\Users\heman\Downloads\orthinx dataset\MedicalExpert-I\0Normal\NormalG0 (406).png,0,Normal,train,7736fd6e3b427b45c9060d5b6ef25d23
C:\Users\heman\Downloads\orthinx dataset\MedicalExpert-I\0Normal\NormalG0 (407).png,0,Normal,train,96c7880d2691d25a291fc507e57fdbb1
C:\Users\heman\Downloads\orthinx dataset\MedicalExpert-I\0Normal\NormalG0 (408).png,0,Normal,train,778d49b34c234a75df161d2a2a139e92
C:\Users\heman\Downloads\orthinx dataset\MedicalExpert-I\0Normal\NormalG0 (409).png,0,Normal,test,6408c76aa1bc557fd57dd97822eb7d14
C:\Users\heman\Downloads\orthinx dataset\MedicalExpert-I\0Normal\NormalG0 (41).png,0,Normal,val,c510f738bd090ce22e2732e07939c8d4
C:\Users\heman\Downloads\orthinx dataset\MedicalExpert-I\0Normal\NormalG0 (410).png,0,Normal,val,b15f4a749e47b1eb64b4865a48e3ae54
C:\Users\heman\Downloads\orthinx dataset\MedicalExpert-I\0Normal\NormalG0 (411).png,0,Normal,train,99c95ac50f0911228fdf7e44953296e7
C:\Users\heman\Downloads\orthinx dataset\MedicalExpert-I\0Normal\NormalG0 (412).png,0,Normal,train,40ed909fe9c92fdbe0bbd19381fcb40b
C:\Users\heman\Downloads\orthinx dataset\MedicalExpert-I\0Normal\NormalG0 (413).png,0,Normal,val,68c338bf7c479131a2fcd3cd0b0e4482
C:\Users\heman\Downloads\orthinx dataset\MedicalExpert-I\0Normal\NormalG0 (414).png,0,Normal,train,71863286adc18b8061ab24772593358e
C:\Users\heman\Downloads\orthinx dataset\MedicalExpert-I\0Normal\NormalG0 (415).png,0,Normal,val,2b84fdae79865367652ebdb7d32cb010
C:\Users\heman\Downloads\orthinx dataset\MedicalExpert-I\0Normal\NormalG0 (416).png,0,Normal,train,ac839cd919b59c5adf5be704f2120166
C:\Users\heman\Downloads\orthinx dataset\MedicalExpert-I\0Normal\NormalG0 (417).png,0,Normal,train,b5e23e3dd9f38e164d7dd0e2e3f8d969
C:\Users\heman\Downloads\orthinx dataset\MedicalExpert-I\0Normal\NormalG0 (418).png,0,Normal,train,9701041001b795b47956ebc8a60cdd33
C:\Users\heman\Downloads\orthinx dataset\MedicalExpert-I\0Normal\NormalG0 (419).png,0,Normal,train,d4b9456e6eae64a4694bf63a5c2199e2
C:\Users\heman\Downloads\orthinx dataset\MedicalExpert-I\0Normal\NormalG0 (42).png,0,Normal,train,76efd9a084b528d6d4e7d0b209f0d5a1
C:\Users\heman\Downloads\orthinx dataset\MedicalExpert-I\0Normal\NormalG0 (420).png,0,Normal,train,a44ac192d7cc5348cd49d8a1d975fc81
C:\Users\heman\Downloads\orthinx dataset\MedicalExpert-I\0Normal\NormalG0 (421).png,0,Normal,train,e6821fc1314933e6c07626f9388ea26a
C:\Users\heman\Downloads\orthinx dataset\MedicalExpert-I\0Normal\NormalG0 (422).png,0,Normal,train,79eedfd000fcd09e7f164a1e8eb1dcc8
C:\Users\heman\Downloads\orthinx dataset\MedicalExpert-I\0Normal\NormalG0 (423).png,0,Normal,val,203c8243237bf403fd037c38b26c9a33
C:\Users\heman\Downloads\orthinx dataset\MedicalExpert-I\0Normal\NormalG0 (424).png,0,Normal,train,17c3855713892e4013eaad5a78677ea4
C:\Users\heman\Downloads\orthinx dataset\MedicalExpert-I\0Normal\NormalG0 (425).png,0,Normal,train,935ffa76ed736d2e351f2ac4d71ce6e7
C:\Users\heman\Downloads\orthinx dataset\MedicalExpert-I\0Normal\NormalG0 (426).png,0,Normal,train,e5a6f98385df623d77a35e353f9e6eb8
C:\Users\heman\Downloads\orthinx dataset\MedicalExpert-I\0Normal\NormalG0 (427).png,0,Normal,test,8d5bd7427a18f2c219f688769d4f1130
C:\Users\heman\Downloads\orthinx dataset\MedicalExpert-I\0Normal\NormalG0 (428).png,0,Normal,train,17890ae70c1c62fc0acdc01e2002a4e1
C:\Users\heman\Downloads\orthinx dataset\MedicalExpert-I\0Normal\NormalG0 (429).png,0,Normal,train,a90044538fda7a0b5a9f0073bf3bcc24
C:\Users\heman\Downloads\orthinx dataset\MedicalExpert-I\0Normal\NormalG0 (43).png,0,Normal,test,22be3016c77730146437426ebdfd1036
C:\Users\heman\Downloads\orthinx dataset\MedicalExpert-I\0Normal\NormalG0 (430).png,0,Normal,train,2fc2d9ca7b15fcb91f661c174d8c9cd9
C:\Users\heman\Downloads\orthinx dataset\MedicalExpert-I\0Normal\NormalG0 (431).png,0,Normal,train,3f078b1a3b382fdb7170bcb7c4c6fb85
C:\Users\heman\Downloads\orthinx dataset\MedicalExpert-I\0Normal\NormalG0 (432).png,0,Normal,train,d536676dfc09700ac3e90966c936d1fe
C:\Users\heman\Downloads\orthinx dataset\MedicalExpert-I\0Normal\NormalG0 (433).png,0,Normal,train,19a2d1d33bb0a4b118fb30a967c1ed6d
C:\Users\heman\Downloads\orthinx dataset\MedicalExpert-I\0Normal\NormalG0 (434).png,0,Normal,train,0b62cfe14817485dfbc71d58d597b5e3
C:\Users\heman\Downloads\orthinx dataset\MedicalExpert-I\0Normal\NormalG0 (435).png,0,Normal,test,2503c08a5940f87a055efe13c7ff3ed7
C:\Users\heman\Downloads\orthinx dataset\MedicalExpert-I\0Normal\NormalG0 (436).png,0,Normal,train,8985e4fbf0e32f05f7925f53e46a8d35
C:\Users\heman\Downloads\orthinx dataset\MedicalExpert-I\0Normal\NormalG0 (437).png,0,Normal,train,e775c8a02641c2aaf3de0088bf40fc6f
C:\Users\heman\Downloads\orthinx dataset\MedicalExpert-I\0Normal\NormalG0 (438).png,0,Normal,train,82059715b3303cbe0061dd4e01a58ca4
C:\Users\heman\Downloads\orthinx dataset\MedicalExpert-I\0Normal\NormalG0 (439).png,0,Normal,train,4c9502db5cf774085a6f5952dff67ffe
C:\Users\heman\Downloads\orthinx dataset\MedicalExpert-I\0Normal\NormalG0 (44).png,0,Normal,train,9ed55ecb48b9f222422a08fa409bc619
C:\Users\heman\Downloads\orthinx dataset\MedicalExpert-I\0Normal\NormalG0 (440).png,0,Normal,val,58e82ea35800cccb8ff1cc369cbd179b
C:\Users\heman\Downloads\orthinx dataset\MedicalExpert-I\0Normal\NormalG0 (441).png,0,Normal,test,1e99886b4e32f8fc7a4bccf7ea31f476
C:\Users\heman\Downloads\orthinx dataset\MedicalExpert-I\0Normal\NormalG0 (442).png,0,Normal,train,a63b2031662b230ea33e61b54a73d76e
C:\Users\heman\Downloads\orthinx dataset\MedicalExpert-I\0Normal\NormalG0 (443).png,0,Normal,train,b7b3c82eba5c53d04db3e66babf93bda
C:\Users\heman\Downloads\orthinx dataset\MedicalExpert-I\0Normal\NormalG0 (444).png,0,Normal,train,6a385eba88ed20064c5e0b62c2f5ad91
C:\Users\heman\Downloads\orthinx dataset\MedicalExpert-I\0Normal\NormalG0 (445).png,0,Normal,train,14f7bed4c7396a32c3408341f4d6dfa2
C:\Users\heman\Downloads\orthinx dataset\MedicalExpert-I\0Normal\NormalG0 (446).png,0,Normal,train,557a2cc98400a76ffa54034bd2e9c8fb
C:\Users\heman\Downloads\orthinx dataset\MedicalExpert-I\0Normal\NormalG0 (447).png,0,Normal,test,3ae1b0d3941d4c2751404a5a7b8b2782
C:\Users\heman\Downloads\orthinx dataset\MedicalExpert-I\0Normal\NormalG0 (448).png,0,Normal,train,3fd2d3c2fd78dcda2a0a35ff4d7bbcdd
C:\Users\heman\Downloads\orthinx dataset\MedicalExpert-I\0Normal\NormalG0 (449).png,0,Normal,val,e05e76d3ff4f4f020d6dea51e96107b8
C:\Users\heman\Downloads\orthinx dataset\MedicalExpert-I\0Normal\NormalG0 (45).png,0,Normal,train,aeec5c3e26853287ce2c943a0748bb38
C:\Users\heman\Downloads\orthinx dataset\MedicalExpert-I\0Normal\NormalG0 (450).png,0,Normal,val,9bf8c1db92f5cec87382253757792107
C:\Users\heman\Downloads\orthinx dataset\MedicalExpert-I\0Normal\NormalG0 (451).png,0,Normal,train,ad72aacb142cae4742e789663a4fe207
C:\Users\heman\Downloads\orthinx dataset\MedicalExpert-I\0Normal\NormalG0 (452).png,0,Normal,train,097886e24a7b5439580198c864845a7c
C:\Users\heman\Downloads\orthinx dataset\MedicalExpert-I\0Normal\NormalG0 (453).png,0,Normal,train,2dc2efeca9624452648735fef14d0399
C:\Users\heman\Downloads\orthinx dataset\MedicalExpert-I\0Normal\NormalG0 (454).png,0,Normal,train,3bbb32d676c74c2cb3b634bc29602aa6
C:\Users\heman\Downloads\orthinx dataset\MedicalExpert-I\0Normal\NormalG0 (455).png,0,Normal,train,092f05d213ad4155ec276ca43a93df35
C:\Users\heman\Downloads\orthinx dataset\MedicalExpert-I\0Normal\NormalG0 (456).png,0,Normal,train,06b3f604941dc40c885f7a5feaa6bb90
C:\Users\heman\Downloads\orthinx dataset\MedicalExpert-I\0Normal\NormalG0 (457).png,0,Normal,train,5289bc85b5769fcb36d350ad84b224d3
C:\Users\heman\Downloads\orthinx dataset\MedicalExpert-I\0Normal\NormalG0 (458).png,0,Normal,train,a7c6e8b0b2ced60bf213103531df758e
C:\Users\heman\Downloads\orthinx dataset\MedicalExpert-I\0Normal\NormalG0 (459).png,0,Normal,train,3a79aaf3ad67ca3f2672d8e9e91acb24
C:\Users\heman\Downloads\orthinx dataset\MedicalExpert-I\0Normal\NormalG0 (46).png,0,Normal,test,0a3015a5be5ca88d89a5eded699c7863
C:\Users\heman\Downloads\orthinx dataset\MedicalExpert-I\0Normal\NormalG0 (460).png,0,Normal,train,dffda8f959edea33b8823d8164f965ce
C:\Users\heman\Downloads\orthinx dataset\MedicalExpert-I\0Normal\NormalG0 (461).png,0,Normal,test,e14722afa0410356051a81d337f9fef4
C:\Users\heman\Downloads\orthinx dataset\MedicalExpert-I\0Normal\NormalG0 (462).png,0,Normal,train,729a45d3d4fa67d788916c2925664ca3
C:\Users\heman\Downloads\orthinx dataset\MedicalExpert-I\0Normal\NormalG0 (463).png,0,Normal,train,5b947aa0b607b1f9f491f6b70c8c905e
C:\Users\heman\Downloads\orthinx dataset\MedicalExpert-I\0Normal\NormalG0 (464).png,0,Normal,train,cb337e0dc62dd27736586fe4d6fe1b4f
C:\Users\heman\Downloads\orthinx dataset\MedicalExpert-I\0Normal\NormalG0 (465).png,0,Normal,train,d44149765ea0756bd1d1092bf8f9e82b
C:\Users\heman\Downloads\orthinx dataset\MedicalExpert-I\0Normal\NormalG0 (466).png,0,Normal,train,262aebea844dc695a6332cd5a330da7d
C:\Users\heman\Downloads\orthinx dataset\MedicalExpert-I\0Normal\NormalG0 (467).png,0,Normal,train,f55d16e4f7e36aa804a1c6a52bad389c
C:\Users\heman\Downloads\orthinx dataset\MedicalExpert-I\0Normal\NormalG0 (468).png,0,Normal,train,e93169ccfa5afd746464b6f0b696c751
C:\Users\heman\Downloads\orthinx dataset\MedicalExpert-I\0Normal\NormalG0 (469).png,0,Normal,train,66c4a4bdf97dd542ca55dcc509c68a1b
C:\Users\heman\Downloads\orthinx dataset\MedicalExpert-I\0Normal\NormalG0 (47).png,0,Normal,train,1334c5cb1912bf6b3276ce088b58def4
C:\Users\heman\Downloads\orthinx dataset\MedicalExpert-I\0Normal\NormalG0 (470).png,0,Normal,train,628643c5a1366ec04cdabd62ae40a957
C:\Users\heman\Downloads\orthinx dataset\MedicalExpert-I\0Normal\NormalG0 (471).png,0,Normal,train,30476c8952482e5259b18606ec265be3
C:\Users\heman\Downloads\orthinx dataset\MedicalExpert-I\0Normal\NormalG0 (472).png,0,Normal,val,2923d85ddcec0f18d2259e56e7af6ce3
C:\Users\heman\Downloads\orthinx dataset\MedicalExpert-I\0Normal\NormalG0 (473).png,0,Normal,train,06fce3c66aaab350d15aaa8c0c330509
C:\Users\heman\Downloads\orthinx dataset\MedicalExpert-I\0Normal\NormalG0 (474).png,0,Normal,train,d816399832ab97cce1348d2a8f85c099
C:\Users\heman\Downloads\orthinx dataset\MedicalExpert-I\0Normal\NormalG0 (475).png,0,Normal,train,ee54261dcac402aedb10a7650adfa509
C:\Users\heman\Downloads\orthinx dataset\MedicalExpert-I\0Normal\NormalG0 (476).png,0,Normal,train,62496db54b6aa91bc9765ca08fe439b2
C:\Users\heman\Downloads\orthinx dataset\MedicalExpert-I\0Normal\NormalG0 (477).png,0,Normal,train,5584f838078bd1b7692c8bdb76cd234d
C:\Users\heman\Downloads\orthinx dataset\MedicalExpert-I\0Normal\NormalG0 (478).png,0,Normal,test,3104d66d3afc26fbe37ab0d926252036
C:\Users\heman\Downloads\orthinx dataset\MedicalExpert-I\0Normal\NormalG0 (479).png,0,Normal,train,a86fdeb79128bcd88ea8758809d20989
C:\Users\heman\Downloads\orthinx dataset\MedicalExpert-I\0Normal\NormalG0 (48).png,0,Normal,train,6d5b766e5883cbb5e6dfae2b8c258c98
C:\Users\heman\Downloads\orthinx dataset\MedicalExpert-I\0Normal\NormalG0 (480).png,0,Normal,val,03aa0957ae920138fa857a102b2321c1
C:\Users\heman\Downloads\orthinx dataset\MedicalExpert-I\0Normal\NormalG0 (481).png,0,Normal,train,4c2c3fa47cf8881d3cd9c9496880da25
C:\Users\heman\Downloads\orthinx dataset\MedicalExpert-I\0Normal\NormalG0 (482).png,0,Normal,train,37aa8f8c31cf527eb6030b48a282a3e0
C:\Users\heman\Downloads\orthinx dataset\MedicalExpert-I\0Normal\NormalG0 (483).png,0,Normal,train,fe0636e403d88de92709927a3be2bc90
C:\Users\heman\Downloads\orthinx dataset\MedicalExpert-I\0Normal\NormalG0 (484).png,0,Normal,train,4256ceb05f64210b2d8e71ca0a473900
C:\Users\heman\Downloads\orthinx dataset\MedicalExpert-I\0Normal\NormalG0 (485).png,0,Normal,val,414a7f3daf4514bcefe1242cde68a60c
C:\Users\heman\Downloads\orthinx dataset\MedicalExpert-I\0Normal\NormalG0 (486).png,0,Normal,train,0102d9019d6159c575060e120e069e8f
C:\Users\heman\Downloads\orthinx dataset\MedicalExpert-I\0Normal\NormalG0 (487).png,0,Normal,train,bb711178889dfbe97ce2efe3ae4d29d6
C:\Users\heman\Downloads\orthinx dataset\MedicalExpert-I\0Normal\NormalG0 (488).png,0,Normal,test,06cab0e2a79444cfe3d9c98a3780bbf2
C:\Users\heman\Downloads\orthinx dataset\MedicalExpert-I\0Normal\NormalG0 (489).png,0,Normal,train,a5c816dda6f2934c323b108a90b7f62f
C:\Users\heman\Downloads\orthinx dataset\MedicalExpert-I\0Normal\NormalG0 (49).png,0,Normal,test,1194105f5f9319206ef518dba4f74cbf
C:\Users\heman\Downloads\orthinx dataset\MedicalExpert-I\0Normal\NormalG0 (490).png,0,Normal,train,498daa3201f767e7aed29ddd17eda365
C:\Users\heman\Downloads\orthinx dataset\MedicalExpert-I\0Normal\NormalG0 (491).png,0,Normal,train,5c61360b58a1cc5be2ada5731f5b4f33
C:\Users\heman\Downloads\orthinx dataset\MedicalExpert-I\0Normal\NormalG0 (492).png,0,Normal,test,608fe7b3ea940ada4f7bdf05aafb7739
C:\Users\heman\Downloads\orthinx dataset\MedicalExpert-I\0Normal\NormalG0 (493).png,0,Normal,train,12231a925854fe3305bd3f668ab18363
C:\Users\heman\Downloads\orthinx dataset\MedicalExpert-I\0Normal\NormalG0 (494).png,0,Normal,val,84a5e8bb5e9e75a118596dad61d0185d
C:\Users\heman\Downloads\orthinx dataset\MedicalExpert-I\0Normal\NormalG0 (495).png,0,Normal,train,c6949251d371484321bf38f167656d34
C:\Users\heman\Downloads\orthinx dataset\MedicalExpert-I\0Normal\NormalG0 (496).png,0,Normal,train,43ec170c88eb873cad37e6354438ec80
C:\Users\heman\Downloads\orthinx dataset\MedicalExpert-I\0Normal\NormalG0 (497).png,0,Normal,train,03939347e1c8826a4e00a6434aa2b6c7
C:\Users\heman\Downloads\orthinx dataset\MedicalExpert-I\0Normal\NormalG0 (498).png,0,Normal,test,46094a96476064293657830373690d73
C:\Users\heman\Downloads\orthinx dataset\MedicalExpert-I\0Normal\NormalG0 (499).png,0,Normal,train,c154af29a73f5c9672d149cda7dcb92a
C:\Users\heman\Downloads\orthinx dataset\MedicalExpert-I\0Normal\NormalG0 (5).png,0,Normal,val,c9d3ec2832f0750cff525e563001c2d0
C:\Users\heman\Downloads\orthinx dataset\MedicalExpert-I\0Normal\NormalG0 (50).png,0,Normal,train,8e2464becc196322e52ad3fe8047c026
C:\Users\heman\Downloads\orthinx dataset\MedicalExpert-I\0Normal\NormalG0 (500).png,0,Normal,test,e2c60d5038c12711b2a598c245e8c8b3
C:\Users\heman\Downloads\orthinx dataset\MedicalExpert-I\0Normal\NormalG0 (501).png,0,Normal,train,9c68ad5aab6f4a9341b29e5a088e7226
C:\Users\heman\Downloads\orthinx dataset\MedicalExpert-I\0Normal\NormalG0 (502).png,0,Normal,train,8f1fd12ee31a3a01983cddc2f19b26b9
C:\Users\heman\Downloads\orthinx dataset\MedicalExpert-I\0Normal\NormalG0 (503).png,0,Normal,train,600769ad75ad956337484d860bf6e512
C:\Users\heman\Downloads\orthinx dataset\MedicalExpert-I\0Normal\NormalG0 (504).png,0,Normal,train,5f813066d16ae76261ed822c0a74c84b
C:\Users\heman\Downloads\orthinx dataset\MedicalExpert-I\0Normal\NormalG0 (505).png,0,Normal,train,d8f8a0b2619aca7f21013ad0fd04b982
C:\Users\heman\Downloads\orthinx dataset\MedicalExpert-I\0Normal\NormalG0 (506).png,0,Normal,train,b6fe7f1aabb492aaf0f60f3692593541
C:\Users\heman\Downloads\orthinx dataset\MedicalExpert-I\0Normal\NormalG0 (507).png,0,Normal,test,1217ad4bc5a30ebe5f6ab610573b85bd
C:\Users\heman\Downloads\orthinx dataset\MedicalExpert-I\0Normal\NormalG0 (508).png,0,Normal,train,96cb02528426101fbb9fc5a19ed7ffa2
C:\Users\heman\Downloads\orthinx dataset\MedicalExpert-I\0Normal\NormalG0 (509).png,0,Normal,train,c1c5e9a46a8bbed628a2231507b8b0c5
C:\Users\heman\Downloads\orthinx dataset\MedicalExpert-I\0Normal\NormalG0 (51).png,0,Normal,train,215267b805e2d815f095b9a35d479d32
C:\Users\heman\Downloads\orthinx dataset\MedicalExpert-I\0Normal\NormalG0 (510).png,0,Normal,train,8461902f6e4667c31111d6cb7d1b1017
C:\Users\heman\Downloads\orthinx dataset\MedicalExpert-I\0Normal\NormalG0 (511).png,0,Normal,test,7057d492f05b31dcb3ad53341d4841ea
C:\Users\heman\Downloads\orthinx dataset\MedicalExpert-I\0Normal\NormalG0 (512).png,0,Normal,val,08993156523ba0c1003f8dfa12724c5e
C:\Users\heman\Downloads\orthinx dataset\MedicalExpert-I\0Normal\NormalG0 (513).png,0,Normal,val,a630d2aaa5d88dd4e0b82a1a29959eb0
C:\Users\heman\Downloads\orthinx dataset\MedicalExpert-I\0Normal\NormalG0 (514).png,0,Normal,train,bbc2e80c40f7d0dd36bb45f957cd2abc
C:\Users\heman\Downloads\orthinx dataset\MedicalExpert-I\0Normal\NormalG0 (52).png,0,Normal,train,d811b2099a4f832dea433c91cd6fb81d
C:\Users\heman\Downloads\orthinx dataset\MedicalExpert-I\0Normal\NormalG0 (53).png,0,Normal,train,30570edfb14fab9a6e866e2246064001
C:\Users\heman\Downloads\orthinx dataset\MedicalExpert-I\0Normal\NormalG0 (54).png,0,Normal,test,9fab8ded5d4fa5267a98dc37b56c8b45
C:\Users\heman\Downloads\orthinx dataset\MedicalExpert-I\0Normal\NormalG0 (55).png,0,Normal,train,f0fb2f804fe50e39c5dcd579062060db
C:\Users\heman\Downloads\orthinx dataset\MedicalExpert-I\0Normal\NormalG0 (56).png,0,Normal,test,cf060e615a5ddbb51cb95b2c1302dc57
C:\Users\heman\Downloads\orthinx dataset\MedicalExpert-I\0Normal\NormalG0 (57).png,0,Normal,test,d51c18b48003ae595cc1f7a8f65e202a
C:\Users\heman\Downloads\orthinx dataset\MedicalExpert-I\0Normal\NormalG0 (58).png,0,Normal,test,d7d8006c1247f3e09756027edebca5f5
C:\Users\heman\Downloads\orthinx dataset\MedicalExpert-I\0Normal\NormalG0 (59).png,0,Normal,test,f817efbea97d0d936d346a0c23001e93
C:\Users\heman\Downloads\orthinx dataset\MedicalExpert-I\0Normal\NormalG0 (6).png,0,Normal,test,f235a474098faed3651c925de3b085c4
C:\Users\heman\Downloads\orthinx dataset\MedicalExpert-I\0Normal\NormalG0 (60).png,0,Normal,train,5b055f2aeb984e28ccca97e1c126f6cd
C:\Users\heman\Downloads\orthinx dataset\MedicalExpert-I\0Normal\NormalG0 (61).png,0,Normal,val,3c8a0ea560520c308d4b62b218a4b7d7
C:\Users\heman\Downloads\orthinx dataset\MedicalExpert-I\0Normal\NormalG0 (62).png,0,Normal,train,7d727c31f7a9b9f05762b771b54951b9
C:\Users\heman\Downloads\orthinx dataset\MedicalExpert-I\0Normal\NormalG0 (63).png,0,Normal,train,4cf9a982187efaa096c2f546a669625b
C:\Users\heman\Downloads\orthinx dataset\MedicalExpert-I\0Normal\NormalG0 (64).png,0,Normal,val,ed62737316d35cf44f678b270fe501f7
C:\Users\heman\Downloads\orthinx dataset\MedicalExpert-I\0Normal\NormalG0 (65).png,0,Normal,train,abee2187663f617af477374f27f255bb
C:\Users\heman\Downloads\orthinx dataset\MedicalExpert-I\0Normal\NormalG0 (66).png,0,Normal,test,289cb1f0cae927527250005a945dac28
C:\Users\heman\Downloads\orthinx dataset\MedicalExpert-I\0Normal\NormalG0 (67).png,0,Normal,train,7b7a3943a7969945194f4094dd899c81
C:\Users\heman\Downloads\orthinx dataset\MedicalExpert-I\0Normal\NormalG0 (68).png,0,Normal,train,bfafacb41ab8aa882b7bc2728d2ef547
C:\Users\heman\Downloads\orthinx dataset\MedicalExpert-I\0Normal\NormalG0 (69).png,0,Normal,train,88bf2889e44a778f3ddd4743967d6571
C:\Users\heman\Downloads\orthinx dataset\MedicalExpert-I\0Normal\NormalG0 (7).png,0,Normal,train,ff869cbd66d9fdf3a0be158a840d1c3c
C:\Users\heman\Downloads\orthinx dataset\MedicalExpert-I\0Normal\NormalG0 (70).png,0,Normal,test,9c2ed7dba9c226bbb1c7e5ee661f2eec
C:\Users\heman\Downloads\orthinx dataset\MedicalExpert-I\0Normal\NormalG0 (71).png,0,Normal,train,d214e25e0b26dd8c3cd5609ef66783bb
C:\Users\heman\Downloads\orthinx dataset\MedicalExpert-I\0Normal\NormalG0 (72).png,0,Normal,train,4a28752bc148f313301f78fe9a5c4af1
C:\Users\heman\Downloads\orthinx dataset\MedicalExpert-I\0Normal\NormalG0 (73).png,0,Normal,train,297c437ad774d4b5193b0ccea35a4e26
C:\Users\heman\Downloads\orthinx dataset\MedicalExpert-I\0Normal\NormalG0 (74).png,0,Normal,train,ec01c44b5d2457ea8330988fab64fd67
C:\Users\heman\Downloads\orthinx dataset\MedicalExpert-I\0Normal\NormalG0 (75).png,0,Normal,test,9dfcf585501b8a10886f716be0dad5e2
C:\Users\heman\Downloads\orthinx dataset\MedicalExpert-I\0Normal\NormalG0 (76).png,0,Normal,train,04a62aeedfdcb358f7e068cca510b3e1
C:\Users\heman\Downloads\orthinx dataset\MedicalExpert-I\0Normal\NormalG0 (77).png,0,Normal,test,c8de72e63ddcb201f435b8eb9644236e
C:\Users\heman\Downloads\orthinx dataset\MedicalExpert-I\0Normal\NormalG0 (78).png,0,Normal,test,055757cb3189a335213db8c6b8f074af
C:\Users\heman\Downloads\orthinx dataset\MedicalExpert-I\0Normal\NormalG0 (79).png,0,Normal,train,304f6c99154fb162fe2bba540a9c4904
C:\Users\heman\Downloads\orthinx dataset\MedicalExpert-I\0Normal\NormalG0 (8).png,0,Normal,train,6d507af2c116fe128dda7cac7dcb85ce
C:\Users\heman\Downloads\orthinx dataset\MedicalExpert-I\0Normal\NormalG0 (80).png,0,Normal,train,c9c91520c14f2abe3921876cdbb9d3bd
C:\Users\heman\Downloads\orthinx dataset\MedicalExpert-I\0Normal\NormalG0 (81).png,0,Normal,val,87ab10270dd13596732663f2e3fcb451
C:\Users\heman\Downloads\orthinx dataset\MedicalExpert-I\0Normal\NormalG0 (82).png,0,Normal,train,111e47b88ee052ee361d33421f8d2acd
C:\Users\heman\Downloads\orthinx dataset\MedicalExpert-I\0Normal\NormalG0 (83).png,0,Normal,val,72765ea481be484fc9625ab908cad5e6
C:\Users\heman\Downloads\orthinx dataset\MedicalExpert-I\0Normal\NormalG0 (84).png,0,Normal,train,583fec35dbb6f12b53b5aefe28568993
C:\Users\heman\Downloads\orthinx dataset\MedicalExpert-I\0Normal\NormalG0 (85).png,0,Normal,train,d709191e65c079224d17e3bd65c2cab5
C:\Users\heman\Downloads\orthinx dataset\MedicalExpert-I\0Normal\NormalG0 (86).png,0,Normal,train,90388ed42cedb31641ef15c5620a3cd5
C:\Users\heman\Downloads\orthinx dataset\MedicalExpert-I\0Normal\NormalG0 (87).png,0,Normal,train,f3842a59e7dbbd3fa26c9b1b64c29b3c
C:\Users\heman\Downloads\orthinx dataset\MedicalExpert-I\0Normal\NormalG0 (88).png,0,Normal,train,102e3ecada90f8e499806ebcf34d1f29
C:\Users\heman\Downloads\orthinx dataset\MedicalExpert-I\0Normal\NormalG0 (89).png,0,Normal,val,b2685992fe8f83c94b559d1deb60a8f2
C:\Users\heman\Downloads\orthinx dataset\MedicalExpert-I\0Normal\NormalG0 (9).png,0,Normal,train,0edd5d2df01c117f5f8c5447584dd420
C:\Users\heman\Downloads\orthinx dataset\MedicalExpert-I\0Normal\NormalG0 (90).png,0,Normal,train,07936b9e2c4e1063cad20a2b8cedd8c4
C:\Users\heman\Downloads\orthinx dataset\MedicalExpert-I\0Normal\NormalG0 (91).png,0,Normal,train,0be8f7030d45db801b4e02b574f32423
C:\Users\heman\Downloads\orthinx dataset\MedicalExpert-I\0Normal\NormalG0 (92).png,0,Normal,test,f751e51d0f98c57b78d151a31c22c6ed
C:\Users\heman\Downloads\orthinx dataset\MedicalExpert-I\0Normal\NormalG0 (93).png,0,Normal,train,da3c45aa62645053940b5698e9bcb44c
C:\Users\heman\Downloads\orthinx dataset\MedicalExpert-I\0Normal\NormalG0 (94).png,0,Normal,train,0de85287e6370874cdda2f27c84316a9
C:\Users\heman\Downloads\orthinx dataset\MedicalExpert-I\0Normal\NormalG0 (95).png,0,Normal,train,4832bc727d9b04ab7e484a629bf9abe3
C:\Users\heman\Downloads\orthinx dataset\MedicalExpert-I\0Normal\NormalG0 (96).png,0,Normal,test,28358bcba560177dcc6fd9b60a5838da
C:\Users\heman\Downloads\orthinx dataset\MedicalExpert-I\0Normal\NormalG0 (97).png,0,Normal,train,c6265ede14a0aef1798df4d249d64e75
C:\Users\heman\Downloads\orthinx dataset\MedicalExpert-I\0Normal\NormalG0 (98).png,0,Normal,test,c11c8cbff34e57a1e356555062d95eb4
C:\Users\heman\Downloads\orthinx dataset\MedicalExpert-I\0Normal\NormalG0 (99).png,0,Normal,test,a67b1f7528250afbacd2c3be1b968878
C:\Users\heman\Downloads\orthinx dataset\MedicalExpert-I\1Doubtful\DoubtfulG1 (1).png,1,Doubtful,train,94e15997908d2aeab2c11f5ed489c712
C:\Users\heman\Downloads\orthinx dataset\MedicalExpert-I\1Doubtful\DoubtfulG1 (10).png,1,Doubtful,train,4610e4db24a2caa163d7f5744b9474f3
C:\Users\heman\Downloads\orthinx dataset\MedicalExpert-I\1Doubtful\DoubtfulG1 (100).png,1,Doubtful,train,e96c42381393bcbbaae635b7992f43f8
C:\Users\heman\Downloads\orthinx dataset\MedicalExpert-I\1Doubtful\DoubtfulG1 (101).png,1,Doubtful,train,7bb415bb70c7444ad52d23c01a3cbf06
C:\Users\heman\Downloads\orthinx dataset\MedicalExpert-I\1Doubtful\DoubtfulG1 (102).png,1,Doubtful,val,aa2d900786662d049cb977221d83b57b
C:\Users\heman\Downloads\orthinx dataset\MedicalExpert-I\1Doubtful\DoubtfulG1 (103).png,1,Doubtful,train,1473c3962916b877773d68a8b62c1463
C:\Users\heman\Downloads\orthinx dataset\MedicalExpert-I\1Doubtful\DoubtfulG1 (104).png,1,Doubtful,test,306fa97cb4d77ec4ea2c2981a51b9889
C:\Users\heman\Downloads\orthinx dataset\MedicalExpert-I\1Doubtful\DoubtfulG1 (105).png,1,Doubtful,train,05197628fdc46ce9e86b052827425201
C:\Users\heman\Downloads\orthinx dataset\MedicalExpert-I\1Doubtful\DoubtfulG1 (106).png,1,Doubtful,test,f2b8d8259f94bb99210771037bf95a29
C:\Users\heman\Downloads\orthinx dataset\MedicalExpert-I\1Doubtful\DoubtfulG1 (107).png,1,Doubtful,train,cd0b02b6072ec2a56c5c7111d4b1579f
C:\Users\heman\Downloads\orthinx dataset\MedicalExpert-I\1Doubtful\DoubtfulG1 (108).png,1,Doubtful,train,a890c93b66ab069d734fc14a9da33525
C:\Users\heman\Downloads\orthinx dataset\MedicalExpert-I\1Doubtful\DoubtfulG1 (109).png,1,Doubtful,test,ce35d4c93285709452f9f100c3ff257d
C:\Users\heman\Downloads\orthinx dataset\MedicalExpert-I\1Doubtful\DoubtfulG1 (11).png,1,Doubtful,val,3f759f923756546d6fd8752c60a5599c
C:\Users\heman\Downloads\orthinx dataset\MedicalExpert-I\1Doubtful\DoubtfulG1 (110).png,1,Doubtful,train,f983a0d91b517380805021c2f3f209c2
C:\Users\heman\Downloads\orthinx dataset\MedicalExpert-I\1Doubtful\DoubtfulG1 (111).png,1,Doubtful,train,8903e2ed9b79f2bd6583a47c3648e52d
C:\Users\heman\Downloads\orthinx dataset\MedicalExpert-I\1Doubtful\DoubtfulG1 (112).png,1,Doubtful,train,b886bbb393dc620f47cfb0ba9b568086
C:\Users\heman\Downloads\orthinx dataset\MedicalExpert-I\1Doubtful\DoubtfulG1 (113).png,1,Doubtful,train,21098c4b60e44a54c135e8a441065396
C:\Users\heman\Downloads\orthinx dataset\MedicalExpert-I\1Doubtful\DoubtfulG1 (114).png,1,Doubtful,train,3be253923d5cbb4477dd94764f625671
C:\Users\heman\Downloads\orthinx dataset\MedicalExpert-I\1Doubtful\DoubtfulG1 (115).png,1,Doubtful,val,f228759f063d91e3a8984b52443988ef
C:\Users\heman\Downloads\orthinx dataset\MedicalExpert-I\1Doubtful\DoubtfulG1 (116).png,1,Doubtful,train,c112b817969134d8a6284cae5190bad1
C:\Users\heman\Downloads\orthinx dataset\MedicalExpert-I\1Doubtful\DoubtfulG1 (117).png,1,Doubtful,train,340ea98092fdfb13638d507cbf6496fa
C:\Users\heman\Downloads\orthinx dataset\MedicalExpert-I\1Doubtful\DoubtfulG1 (118).png,1,Doubtful,train,40a5f82764b115e45327c44abb9de8f3
C:\Users\heman\Downloads\orthinx dataset\MedicalExpert-I\1Doubtful\DoubtfulG1 (119).png,1,Doubtful,train,0604284fe154bb00006ae0555f506aaf
C:\Users\heman\Downloads\orthinx dataset\MedicalExpert-I\1Doubtful\DoubtfulG1 (12).png,1,Doubtful,train,b00017f6e5808756ad0e443746617168
C:\Users\heman\Downloads\orthinx dataset\MedicalExpert-I\1Doubtful\DoubtfulG1 (120).png,1,Doubtful,test,c92a7689954a0ce3cfb762e33d205500
C:\Users\heman\Downloads\orthinx dataset\MedicalExpert-I\1Doubtful\DoubtfulG1 (121).png,1,Doubtful,train,72ad1b73c82650fbf951ebd9a8545023
C:\Users\heman\Downloads\orthinx dataset\MedicalExpert-I\1Doubtful\DoubtfulG1 (122).png,1,Doubtful,train,42ee02e752faebe9acb41a056ec7504a
C:\Users\heman\Downloads\orthinx dataset\MedicalExpert-I\1Doubtful\DoubtfulG1 (123).png,1,Doubtful,train,8b49db9dcb28b8ceb7f52411c0569726
C:\Users\heman\Downloads\orthinx dataset\MedicalExpert-I\1Doubtful\DoubtfulG1 (124).png,1,Doubtful,val,c5d3d516064fe2da748767eff0990387
C:\Users\heman\Downloads\orthinx dataset\MedicalExpert-I\1Doubtful\DoubtfulG1 (125).png,1,Doubtful,train,137150f1ba1d8601e304b7857643f78b
C:\Users\heman\Downloads\orthinx dataset\MedicalExpert-I\1Doubtful\DoubtfulG1 (126).png,1,Doubtful,train,1a0bcdead71564e1beac5102b6b00136
C:\Users\heman\Downloads\orthinx dataset\MedicalExpert-I\1Doubtful\DoubtfulG1 (127).png,1,Doubtful,train,feab64f9a5569a1aeaa8dd929e976385
C:\Users\heman\Downloads\orthinx dataset\MedicalExpert-I\1Doubtful\DoubtfulG1 (128).png,1,Doubtful,train,2da1357b2eb4fe5168aba30abc8e1928
C:\Users\heman\Downloads\orthinx dataset\MedicalExpert-I\1Doubtful\DoubtfulG1 (129).png,1,Doubtful,train,dae2614e262b169db8865e3b709a69cc
C:\Users\heman\Downloads\orthinx dataset\MedicalExpert-I\1Doubtful\DoubtfulG1 (13).png,1,Doubtful,test,44f64c57e8e852bec812f766cc689703
C:\Users\heman\Downloads\orthinx dataset\MedicalExpert-I\1Doubtful\DoubtfulG1 (130).png,1,Doubtful,val,7e55b61af60ed1a635ff69be3abc31ac
C:\Users\heman\Downloads\orthinx dataset\MedicalExpert-I\1Doubtful\DoubtfulG1 (131).png,1,Doubtful,test,bbbf2655c27b5e5098cedd74ed8db81b
C:\Users\heman\Downloads\orthinx dataset\MedicalExpert-I\1Doubtful\DoubtfulG1 (132).png,1,Doubtful,train,cf89d4baa9925a41e128ca6f7e6a2f1a
C:\Users\heman\Downloads\orthinx dataset\MedicalExpert-I\1Doubtful\DoubtfulG1 (133).png,1,Doubtful,val,6336b5e02f84cd0fa3def0b77c4e4618
C:\Users\heman\Downloads\orthinx dataset\MedicalExpert-I\1Doubtful\DoubtfulG1 (134).png,1,Doubtful,train,3751e1adfcb7a5ff54054d85cd2c8a41
C:\Users\heman\Downloads\orthinx dataset\MedicalExpert-I\1Doubtful\DoubtfulG1 (135).png,1,Doubtful,train,cefd3f17985df6c6469b7cce1de73cee
C:\Users\heman\Downloads\orthinx dataset\MedicalExpert-I\1Doubtful\DoubtfulG1 (136).png,1,Doubtful,test,9be2e2811ab411db9c8b62315a21d262
C:\Users\heman\Downloads\orthinx dataset\MedicalExpert-I\1Doubtful\DoubtfulG1 (137).png,1,Doubtful,test,eef14fd5ebde5c38b82fa57471ff8674
C:\Users\heman\Downloads\orthinx dataset\MedicalExpert-I\1Doubtful\DoubtfulG1 (138).png,1,Doubtful,val,856ac5998d7a13f72e077c645231a001
C:\Users\heman\Downloads\orthinx dataset\MedicalExpert-I\1Doubtful\DoubtfulG1 (139).png,1,Doubtful,train,f0575e8f059423f016e45ca323dabe0e
C:\Users\heman\Downloads\orthinx dataset\MedicalExpert-I\1Doubtful\DoubtfulG1 (14).png,1,Doubtful,train,0cea66237423e52c2ccd400094af6d49
C:\Users\heman\Downloads\orthinx dataset\MedicalExpert-I\1Doubtful\DoubtfulG1 (140).png,1,Doubtful,train,18f79374827ee11cfeef05f273b64859
C:\Users\heman\Downloads\orthinx dataset\MedicalExpert-I\1Doubtful\DoubtfulG1 (141).png,1,Doubtful,train,b57efc1eb7bf89382e077d4bfe25a687
C:\Users\heman\Downloads\orthinx dataset\MedicalExpert-I\1Doubtful\DoubtfulG1 (142).png,1,Doubtful,train,4025d61cc9b07e0e4e71a948c146972e
C:\Users\heman\Downloads\orthinx dataset\MedicalExpert-I\1Doubtful\DoubtfulG1 (143).png,1,Doubtful,train,c8f98ee5ba2e8ab3147a9834fc604df5
C:\Users\heman\Downloads\orthinx dataset\MedicalExpert-I\1Doubtful\DoubtfulG1 (144).png,1,Doubtful,train,afaa9c0f442484f5ccf7e890511df1ef
C:\Users\heman\Downloads\orthinx dataset\MedicalExpert-I\1Doubtful\DoubtfulG1 (145).png,1,Doubtful,val,9e3ff088b6c6c69a1a05abd7b2a2da8f
C:\Users\heman\Downloads\orthinx dataset\MedicalExpert-I\1Doubtful\DoubtfulG1 (146).png,1,Doubtful,test,44b8f85727ce57ac0f6cf6f260d3f5dd
C:\Users\heman\Downloads\orthinx dataset\MedicalExpert-I\1Doubtful\DoubtfulG1 (147).png,1,Doubtful,train,40acda61b85055aa8bcb4ca77c260663
C:\Users\heman\Downloads\orthinx dataset\MedicalExpert-I\1Doubtful\DoubtfulG1 (148).png,1,Doubtful,train,ac7e5ea97fb6741735f41e381e3b78ae
C:\Users\heman\Downloads\orthinx dataset\MedicalExpert-I\1Doubtful\DoubtfulG1 (149).png,1,Doubtful,train,be4e86627598b946e4ab4f7fde1466dc
C:\Users\heman\Downloads\orthinx dataset\MedicalExpert-I\1Doubtful\DoubtfulG1 (15).png,1,Doubtful,val,dfb719e5c7ab3716e9f85be57522448a
C:\Users\heman\Downloads\orthinx dataset\MedicalExpert-I\1Doubtful\DoubtfulG1 (150).png,1,Doubtful,train,9186c3660678550da6b5290f251d829d
C:\Users\heman\Downloads\orthinx dataset\MedicalExpert-I\1Doubtful\DoubtfulG1 (151).png,1,Doubtful,train,5e1735d2b956638cdb6973194e1f762b
C:\Users\heman\Downloads\orthinx dataset\MedicalExpert-I\1Doubtful\DoubtfulG1 (152).png,1,Doubtful,train,6479b0852f914167579484cb782a0efb
C:\Users\heman\Downloads\orthinx dataset\MedicalExpert-I\1Doubtful\DoubtfulG1 (153).png,1,Doubtful,train,85777d5ed59cb6b733a4b7e9b44a203a
C:\Users\heman\Downloads\orthinx dataset\MedicalExpert-I\1Doubtful\DoubtfulG1 (154).png,1,Doubtful,val,3a179ef9f2a2c33c3b42eeab64123645
C:\Users\heman\Downloads\orthinx dataset\MedicalExpert-I\1Doubtful\DoubtfulG1 (155).png,1,Doubtful,train,a0b193cf026596c67a14cc8c2740c539
C:\Users\heman\Downloads\orthinx dataset\MedicalExpert-I\1Doubtful\DoubtfulG1 (156).png,1,Doubtful,train,049e409bdb9bdedf10ef550eafe1ff08
C:\Users\heman\Downloads\orthinx dataset\MedicalExpert-I\1Doubtful\DoubtfulG1 (157).png,1,Doubtful,train,8e4074b99e563ceaf5275c9369583601
C:\Users\heman\Downloads\orthinx dataset\MedicalExpert-I\1Doubtful\DoubtfulG1 (158).png,1,Doubtful,train,4c0e8e2cb528e458040ca98724ac314c
C:\Users\heman\Downloads\orthinx dataset\MedicalExpert-I\1Doubtful\DoubtfulG1 (159).png,1,Doubtful,train,70d3fb99590c8d24e69252fa4e8d3956
C:\Users\heman\Downloads\orthinx dataset\MedicalExpert-I\1Doubtful\DoubtfulG1 (16).png,1,Doubtful,train,973139b913329b47ff0d639fc5f4f518
C:\Users\heman\Downloads\orthinx dataset\MedicalExpert-I\1Doubtful\DoubtfulG1 (160).png,1,Doubtful,val,aedb637ed521b421ca3b771a8de6d9f2
C:\Users\heman\Downloads\orthinx dataset\MedicalExpert-I\1Doubtful\DoubtfulG1 (161).png,1,Doubtful,test,b083ea804185fe59182cf342dd036e6e
C:\Users\heman\Downloads\orthinx dataset\MedicalExpert-I\1Doubtful\DoubtfulG1 (162).png,1,Doubtful,train,cda977812bd25021637a7eadd457d063
C:\Users\heman\Downloads\orthinx dataset\MedicalExpert-I\1Doubtful\DoubtfulG1 (163).png,1,Doubtful,train,4e8ae489d461ddc6342f3b5fbc9ca711
C:\Users\heman\Downloads\orthinx dataset\MedicalExpert-I\1Doubtful\DoubtfulG1 (164).png,1,Doubtful,train,541be891449d2414c5dae76f6c178de0
C:\Users\heman\Downloads\orthinx dataset\MedicalExpert-I\1Doubtful\DoubtfulG1 (165).png,1,Doubtful,test,a44f1251515cda7bf7b699c837119d1d
C:\Users\heman\Downloads\orthinx dataset\MedicalExpert-I\1Doubtful\DoubtfulG1 (166).png,1,Doubtful,val,7c2d76f8492db32454ca4c404d066225
C:\Users\heman\Downloads\orthinx dataset\MedicalExpert-I\1Doubtful\DoubtfulG1 (167).png,1,Doubtful,val,55074786e37313470660a9716a4679dc
C:\Users\heman\Downloads\orthinx dataset\MedicalExpert-I\1Doubtful\DoubtfulG1 (168).png,1,Doubtful,train,394155641c8e3c6dd8e2a89891454429
C:\Users\heman\Downloads\orthinx dataset\MedicalExpert-I\1Doubtful\DoubtfulG1 (169).png,1,Doubtful,train,8cbbd1cbde5424fb579126728fd8b853
C:\Users\heman\Downloads\orthinx dataset\MedicalExpert-I\1Doubtful\DoubtfulG1 (17).png,1,Doubtful,train,195a1e68318abc4352c269f88217164f
C:\Users\heman\Downloads\orthinx dataset\MedicalExpert-I\1Doubtful\DoubtfulG1 (170).png,1,Doubtful,train,cbb4ef0f5b425e1a2d58ec60adcb68d6
C:\Users\heman\Downloads\orthinx dataset\MedicalExpert-I\1Doubtful\DoubtfulG1 (171).png,1,Doubtful,train,a75302641df26323049d63a102032975
C:\Users\heman\Downloads\orthinx dataset\MedicalExpert-I\1Doubtful\DoubtfulG1 (172).png,1,Doubtful,train,08a47f892864d571ef979fac784065c3
C:\Users\heman\Downloads\orthinx dataset\MedicalExpert-I\1Doubtful\DoubtfulG1 (173).png,1,Doubtful,train,8442e6e017ff7457dacec521e079c423
C:\Users\heman\Downloads\orthinx dataset\MedicalExpert-I\1Doubtful\DoubtfulG1 (174).png,1,Doubtful,test,74263fea40060ad1252bd0a729395057
C:\Users\heman\Downloads\orthinx dataset\MedicalExpert-I\1Doubtful\DoubtfulG1 (175).png,1,Doubtful,train,213f1b0c0907bd7de5a7a993441f6ac5
C:\Users\heman\Downloads\orthinx dataset\MedicalExpert-I\1Doubtful\DoubtfulG1 (176).png,1,Doubtful,train,23175f368657a9ab52b3dfac6ce2fd87
C:\Users\heman\Downloads\orthinx dataset\MedicalExpert-I\1Doubtful\DoubtfulG1 (177).png,1,Doubtful,train,96071fff9af9ab62f8bec70185314e99
C:\Users\heman\Downloads\orthinx dataset\MedicalExpert-I\1Doubtful\DoubtfulG1 (178).png,1,Doubtful,train,8267fcf807642e8579b0100846513636
C:\Users\heman\Downloads\orthinx dataset\MedicalExpert-I\1Doubtful\DoubtfulG1 (179).png,1,Doubtful,train,df835c74177980207ba48a85b2366e0d
C:\Users\heman\Downloads\orthinx dataset\MedicalExpert-I\1Doubtful\DoubtfulG1 (18).png,1,Doubtful,val,e272ce276bb8155c75644919e9d4c331
C:\Users\heman\Downloads\orthinx dataset\MedicalExpert-I\1Doubtful\DoubtfulG1 (180).png,1,Doubtful,test,b4d49ea66354f31c6ec5989d4af9f826
C:\Users\heman\Downloads\orthinx dataset\MedicalExpert-I\1Doubtful\DoubtfulG1 (181).png,1,Doubtful,train,09c98737f4dae1d34c207ade3a3ffe2d
C:\Users\heman\Downloads\orthinx dataset\MedicalExpert-I\1Doubtful\DoubtfulG1 (182).png,1,Doubtful,val,17e0bce53344b17f8c7db1aba774d8a8
C:\Users\heman\Downloads\orthinx dataset\MedicalExpert-I\1Doubtful\DoubtfulG1 (183).png,1,Doubtful,train,130144fd2fec60ae5bddf46c6cd227b4
C:\Users\heman\Downloads\orthinx dataset\MedicalExpert-I\1Doubtful\DoubtfulG1 (184).png,1,Doubtful,val,933287bace0002cb7fb0e57cdcce7af0
C:\Users\heman\Downloads\orthinx dataset\MedicalExpert-I\1Doubtful\DoubtfulG1 (185).png,1,Doubtful,val,ef7d18dc2c9dd69a3770040c145af3af
C:\Users\heman\Downloads\orthinx dataset\MedicalExpert-I\1Doubtful\DoubtfulG1 (186).png,1,Doubtful,train,62905aeeb07f33989fcf10bd17e20788
C:\Users\heman\Downloads\orthinx dataset\MedicalExpert-I\1Doubtful\DoubtfulG1 (187).png,1,Doubtful,train,c33da56aa125e899a91634ad37e91e24
C:\Users\heman\Downloads\orthinx dataset\MedicalExpert-I\1Doubtful\DoubtfulG1 (188).png,1,Doubtful,val,1338d01576888820c02a80867fb1deee
C:\Users\heman\Downloads\orthinx dataset\MedicalExpert-I\1Doubtful\DoubtfulG1 (189).png,1,Doubtful,test,a2452b4acc850967aa8e6a6a25bc690e
C:\Users\heman\Downloads\orthinx dataset\MedicalExpert-I\1Doubtful\DoubtfulG1 (19).png,1,Doubtful,train,2e0f39ce2055b4d696b9bbe3b56a36e3
C:\Users\heman\Downloads\orthinx dataset\MedicalExpert-I\1Doubtful\DoubtfulG1 (190).png,1,Doubtful,train,5bb940bc5561797923b33dfce4745814
C:\Users\heman\Downloads\orthinx dataset\MedicalExpert-I\1Doubtful\DoubtfulG1 (191).png,1,Doubtful,train,ca690e3b18b3e5719d6f847537417e31
C:\Users\heman\Downloads\orthinx dataset\MedicalExpert-I\1Doubtful\DoubtfulG1 (192).png,1,Doubtful,train,c2ca9ab4e197febf3fa20340b29545dc
C:\Users\heman\Downloads\orthinx dataset\MedicalExpert-I\1Doubtful\DoubtfulG1 (193).png,1,Doubtful,test,975d6d6e07b9f6f8d7aabec78ff46271
C:\Users\heman\Downloads\orthinx dataset\MedicalExpert-I\1Doubtful\DoubtfulG1 (194).png,1,Doubtful,train,df08ab1359bcbb3c15dbf96d1a913900
C:\Users\heman\Downloads\orthinx dataset\MedicalExpert-I\1Doubtful\DoubtfulG1 (195).png,1,Doubtful,train,f6cb1d8e4f2dc52e29324789a6b171d7
C:\Users\heman\Downloads\orthinx dataset\MedicalExpert-I\1Doubtful\DoubtfulG1 (196).png,1,Doubtful,train,647957e1f86a4094db3e546218d384c7
C:\Users\heman\Downloads\orthinx dataset\MedicalExpert-I\1Doubtful\DoubtfulG1 (197).png,1,Doubtful,test,83b5b4d2bfe036fc465d3ea83387de0e
C:\Users\heman\Downloads\orthinx dataset\MedicalExpert-I\1Doubtful\DoubtfulG1 (198).png,1,Doubtful,train,8f24559d73703b21b52c5aeb8f272847
C:\Users\heman\Downloads\orthinx dataset\MedicalExpert-I\1Doubtful\DoubtfulG1 (199).png,1,Doubtful,train,0b09cc0f06f18f59b8e7d2c3d24d7e91
C:\Users\heman\Downloads\orthinx dataset\MedicalExpert-I\1Doubtful\DoubtfulG1 (2).png,1,Doubtful,train,ad4ba1d488efa9f5ec598350548a4dbc
C:\Users\heman\Downloads\orthinx dataset\MedicalExpert-I\1Doubtful\DoubtfulG1 (20).png,1,Doubtful,train,5e49a426a2faf73d9b20148fb139679f
C:\Users\heman\Downloads\orthinx dataset\MedicalExpert-I\1Doubtful\DoubtfulG1 (200).png,1,Doubtful,test,b9bb77f3ec1179f2da35d92233a8956e
C:\Users\heman\Downloads\orthinx dataset\MedicalExpert-I\1Doubtful\DoubtfulG1 (201).png,1,Doubtful,val,e64eb4681bbaa4056ae2bbfeeff20f97
C:\Users\heman\Downloads\orthinx dataset\MedicalExpert-I\1Doubtful\DoubtfulG1 (202).png,1,Doubtful,train,db7c47da724a0e8135d597215198d82a
C:\Users\heman\Downloads\orthinx dataset\MedicalExpert-I\1Doubtful\DoubtfulG1 (203).png,1,Doubtful,train,18a5362cbbcfe2791caca8d341757606
C:\Users\heman\Downloads\orthinx dataset\MedicalExpert-I\1Doubtful\DoubtfulG1 (204).png,1,Doubtful,train,be53236d4cca5591ad4e6523bd432532
C:\Users\heman\Downloads\orthinx dataset\MedicalExpert-I\1Doubtful\DoubtfulG1 (205).png,1,Doubtful,train,98fd32c30e978a38888cb16c1571cb79
C:\Users\heman\Downloads\orthinx dataset\MedicalExpert-I\1Doubtful\DoubtfulG1 (206).png,1,Doubtful,train,4bdf3bcd24200919de2b6c5468c1141c
C:\Users\heman\Downloads\orthinx dataset\MedicalExpert-I\1Doubtful\DoubtfulG1 (207).png,1,Doubtful,train,64c990a749a687e34dcadd05b2aa26f7
C:\Users\heman\Downloads\orthinx dataset\MedicalExpert-I\1Doubtful\DoubtfulG1 (208).png,1,Doubtful,test,f8f4c83f430c7f69d7102b3f01cad998
C:\Users\heman\Downloads\orthinx dataset\MedicalExpert-I\1Doubtful\DoubtfulG1 (209).png,1,Doubtful,train,1c3f4e702ceb751f40367d5184d3daa8
C:\Users\heman\Downloads\orthinx dataset\MedicalExpert-I\1Doubtful\DoubtfulG1 (21).png,1,Doubtful,train,e13867f64ea39e9fb5a17311c1f8f9cb
C:\Users\heman\Downloads\orthinx dataset\MedicalExpert-I\1Doubtful\DoubtfulG1 (210).png,1,Doubtful,train,0bc4623a8ae2b5923fd1a586b97ed600
C:\Users\heman\Downloads\orthinx dataset\MedicalExpert-I\1Doubtful\DoubtfulG1 (211).png,1,Doubtful,train,0286d5237b6d6b4fabd48493afc8ff30
C:\Users\heman\Downloads\orthinx dataset\MedicalExpert-I\1Doubtful\DoubtfulG1 (212).png,1,Doubtful,train,ed8ff6559d5bf5b092e4b80829d97e3e
C:\Users\heman\Downloads\orthinx dataset\MedicalExpert-I\1Doubtful\DoubtfulG1 (213).png,1,Doubtful,train,3dc2afc9a9a96c323beb2ec176d8d3b0
C:\Users\heman\Downloads\orthinx dataset\MedicalExpert-I\1Doubtful\DoubtfulG1 (214).png,1,Doubtful,train,5171293a9e461560da74d346d068b718
C:\Users\heman\Downloads\orthinx dataset\MedicalExpert-I\1Doubtful\DoubtfulG1 (215).png,1,Doubtful,train,39112f7ef0c7f5053824c2aa04fe652f
C:\Users\heman\Downloads\orthinx dataset\MedicalExpert-I\1Doubtful\DoubtfulG1 (216).png,1,Doubtful,train,6ff5eada1a0d8aa9bbcb072dd53f4ad3
C:\Users\heman\Downloads\orthinx dataset\MedicalExpert-I\1Doubtful\DoubtfulG1 (217).png,1,Doubtful,test,9201e1664a4b8cfa729d11148281d882
C:\Users\heman\Downloads\orthinx dataset\MedicalExpert-I\1Doubtful\DoubtfulG1 (218).png,1,Doubtful,test,b0e1839fbd08f309d8a0a6c337f90eb9
C:\Users\heman\Downloads\orthinx dataset\MedicalExpert-I\1Doubtful\DoubtfulG1 (219).png,1,Doubtful,train,0748da9815ac570f016b4da7042c4b49
C:\Users\heman\Downloads\orthinx dataset\MedicalExpert-I\1Doubtful\DoubtfulG1 (22).png,1,Doubtful,train,8372b7f94b02a92dd3acde66b1694b85
C:\Users\heman\Downloads\orthinx dataset\MedicalExpert-I\1Doubtful\DoubtfulG1 (220).png,1,Doubtful,val,b80625cacb50abc74449c89d771ad5e9
C:\Users\heman\Downloads\orthinx dataset\MedicalExpert-I\1Doubtful\DoubtfulG1 (221).png,1,Doubtful,train,23e63e6d9043b786a2de3a8188980610
C:\Users\heman\Downloads\orthinx dataset\MedicalExpert-I\1Doubtful\DoubtfulG1 (222).png,1,Doubtful,train,add16530b40a6ef350206e9d2b536634
C:\Users\heman\Downloads\orthinx dataset\MedicalExpert-I\1Doubtful\DoubtfulG1 (223).png,1,Doubtful,train,5886a7c1192be95179a78465b90cb9fc
C:\Users\heman\Downloads\orthinx dataset\MedicalExpert-I\1Doubtful\DoubtfulG1 (224).png,1,Doubtful,train,d6d3366b7046b0d6cbf19cffd68f2409
C:\Users\heman\Downloads\orthinx dataset\MedicalExpert-I\1Doubtful\DoubtfulG1 (225).png,1,Doubtful,val,a23e0a8d557f8ffdecc88f5a7fde7d72
C:\Users\heman\Downloads\orthinx dataset\MedicalExpert-I\1Doubtful\DoubtfulG1 (226).png,1,Doubtful,train,c9480a64a8dc2e6adc3c51aa58055f05
C:\Users\heman\Downloads\orthinx dataset\MedicalExpert-I\1Doubtful\DoubtfulG1 (227).png,1,Doubtful,train,f0c7b46df15bf9d9c92fc6eda16bc705
C:\Users\heman\Downloads\orthinx dataset\MedicalExpert-I\1Doubtful\DoubtfulG1 (228).png,1,Doubtful,test,0b96807dac7475919ba6e19b8f87fa53
C:\Users\heman\Downloads\orthinx dataset\MedicalExpert-I\1Doubtful\DoubtfulG1 (229).png,1,Doubtful,test,7fa4c1838ac200334e93f59f2c953316
C:\Users\heman\Downloads\orthinx dataset\MedicalExpert-I\1Doubtful\DoubtfulG1 (23).png,1,Doubtful,val,863e8258f8f7bfe3ce1c38c130e710f5
C:\Users\heman\Downloads\orthinx dataset\MedicalExpert-I\1Doubtful\DoubtfulG1 (230).png,1,Doubtful,train,800c8c8ce2be1ae415e58570e2a5e7f7
C:\Users\heman\Downloads\orthinx dataset\MedicalExpert-I\1Doubtful\DoubtfulG1 (231).png,1,Doubtful,train,f130d52c1bf301694bfdab44c589c0e9
C:\Users\heman\Downloads\orthinx dataset\MedicalExpert-I\1Doubtful\DoubtfulG1 (232).png,1,Doubtful,train,b8c1b8129a09163423007dd9eb64c861
C:\Users\heman\Downloads\orthinx dataset\MedicalExpert-I\1Doubtful\DoubtfulG1 (233).png,1,Doubtful,train,6f54fe35c04b104a6fde3e73b7c002d0
C:\Users\heman\Downloads\orthinx dataset\MedicalExpert-I\1Doubtful\DoubtfulG1 (234).png,1,Doubtful,val,087e403a08582feddde3d75044e3fc48
C:\Users\heman\Downloads\orthinx dataset\MedicalExpert-I\1Doubtful\DoubtfulG1 (235).png,1,Doubtful,val,7b1f1dce4def9e4c0a0e751050cf1bcb
C:\Users\heman\Downloads\orthinx dataset\MedicalExpert-I\1Doubtful\DoubtfulG1 (236).png,1,Doubtful,train,78e0eb7ccc8fbd30505cf870dd921ec6
C:\Users\heman\Downloads\orthinx dataset\MedicalExpert-I\1Doubtful\DoubtfulG1 (237).png,1,Doubtful,train,374307330929cc6d67686bf28541f6a8
C:\Users\heman\Downloads\orthinx dataset\MedicalExpert-I\1Doubtful\DoubtfulG1 (238).png,1,Doubtful,train,456982bb501cbb264da232a92832d883
C:\Users\heman\Downloads\orthinx dataset\MedicalExpert-I\1Doubtful\DoubtfulG1 (239).png,1,Doubtful,train,4f9a481d12e04d97b5f65b4930513053
C:\Users\heman\Downloads\orthinx dataset\MedicalExpert-I\1Doubtful\DoubtfulG1 (24).png,1,Doubtful,train,0d520dc4fbe79a703ff83303129c55dc
C:\Users\heman\Downloads\orthinx dataset\MedicalExpert-I\1Doubtful\DoubtfulG1 (240).png,1,Doubtful,train,0c584ac764122bd8588de80466daee01
C:\Users\heman\Downloads\orthinx dataset\MedicalExpert-I\1Doubtful\DoubtfulG1 (241).png,1,Doubtful,train,fbd41344d8aafb534b179770632e883d
C:\Users\heman\Downloads\orthinx dataset\MedicalExpert-I\1Doubtful\DoubtfulG1 (242).png,1,Doubtful,train,864d80f9572c545bcefddca764e8171f
C:\Users\heman\Downloads\orthinx dataset\MedicalExpert-I\1Doubtful\DoubtfulG1 (243).png,1,Doubtful,train,0e58827d1e3faf8c2bce19fe32cbd7cc
C:\Users\heman\Downloads\orthinx dataset\MedicalExpert-I\1Doubtful\DoubtfulG1 (244).png,1,Doubtful,train,1d0f5575955d30b907fe2e9f817fe324
C:\Users\heman\Downloads\orthinx dataset\MedicalExpert-I\1Doubtful\DoubtfulG1 (245).png,1,Doubtful,test,7634358007589a76d20db2bcc686f0e8
C:\Users\heman\Downloads\orthinx dataset\MedicalExpert-I\1Doubtful\DoubtfulG1 (246).png,1,Doubtful,val,17a4166a2f9e60f86484e2a400c27761
C:\Users\heman\Downloads\orthinx dataset\MedicalExpert-I\1Doubtful\DoubtfulG1 (247).png,1,Doubtful,val,29d81fe8bbccfd107405f4b175de0f2a
C:\Users\heman\Downloads\orthinx dataset\MedicalExpert-I\1Doubtful\DoubtfulG1 (248).png,1,Doubtful,train,4a720c95e6a6699b26719e6a17005c57
C:\Users\heman\Downloads\orthinx dataset\MedicalExpert-I\1Doubtful\DoubtfulG1 (249).png,1,Doubtful,test,9e696893d44b8c150ca86e67a253b84e
C:\Users\heman\Downloads\orthinx dataset\MedicalExpert-I\1Doubtful\DoubtfulG1 (25).png,1,Doubtful,test,f440bcb3d2e4220ebd3feee3ad7a8a24
C:\Users\heman\Downloads\orthinx dataset\MedicalExpert-I\1Doubtful\DoubtfulG1 (250).png,1,Doubtful,train,0ebd441af53e83a87393a0f76e687fe5
C:\Users\heman\Downloads\orthinx dataset\MedicalExpert-I\1Doubtful\DoubtfulG1 (251).png,1,Doubtful,val,11cdc393f3dc9e91ce49b7a89abd4d57
C:\Users\heman\Downloads\orthinx dataset\MedicalExpert-I\1Doubtful\DoubtfulG1 (252).png,1,Doubtful,train,89a0f8d76a34314e2bf0c625dccedd7c
C:\Users\heman\Downloads\orthinx dataset\MedicalExpert-I\1Doubtful\DoubtfulG1 (253).png,1,Doubtful,train,ac55b88f04a82ad733edae5949a5a73e
C:\Users\heman\Downloads\orthinx dataset\MedicalExpert-I\1Doubtful\DoubtfulG1 (254).png,1,Doubtful,train,1754999a4c9f14c3defe9517643d88ee
C:\Users\heman\Downloads\orthinx dataset\MedicalExpert-I\1Doubtful\DoubtfulG1 (255).png,1,Doubtful,test,b37cbe92b0c3f59851fd0a2a10ffc957
C:\Users\heman\Downloads\orthinx dataset\MedicalExpert-I\1Doubtful\DoubtfulG1 (256).png,1,Doubtful,train,4b73eecb1b644b199aefa626ec8ebab6
C:\Users\heman\Downloads\orthinx dataset\MedicalExpert-I\1Doubtful\DoubtfulG1 (257).png,1,Doubtful,train,933f5b59f153cca92d6941a632a0c3bc
C:\Users\heman\Downloads\orthinx dataset\MedicalExpert-I\1Doubtful\DoubtfulG1 (258).png,1,Doubtful,test,cd893b878f1a30ef84d8245794a4fca6
C:\Users\heman\Downloads\orthinx dataset\MedicalExpert-I\1Doubtful\DoubtfulG1 (259).png,1,Doubtful,train,838cd3c7ab00b197a40cd4553a45e911
C:\Users\heman\Downloads\orthinx dataset\MedicalExpert-I\1Doubtful\DoubtfulG1 (26).png,1,Doubtful,train,5e6a0db5283a095d2bb6947783d4b460
C:\Users\heman\Downloads\orthinx dataset\MedicalExpert-I\1Doubtful\DoubtfulG1 (260).png,1,Doubtful,train,aa9c529d9db22eaeaab635a19cbb15f9
C:\Users\heman\Downloads\orthinx dataset\MedicalExpert-I\1Doubtful\DoubtfulG1 (261).png,1,Doubtful,val,6ff76fa26450085d014c8a06a83bece4
C:\Users\heman\Downloads\orthinx dataset\MedicalExpert-I\1Doubtful\DoubtfulG1 (262).png,1,Doubtful,test,4753955e178c00592c576a5ab41b8d0c
C:\Users\heman\Downloads\orthinx dataset\MedicalExpert-I\1Doubtful\DoubtfulG1 (263).png,1,Doubtful,val,c50863c84d4c3fb1cf7c014b04a1f1c4
C:\Users\heman\Downloads\orthinx dataset\MedicalExpert-I\1Doubtful\DoubtfulG1 (264).png,1,Doubtful,train,48ce4d889a8e6041ec3fd61a8c61a2d3
C:\Users\heman\Downloads\orthinx dataset\MedicalExpert-I\1Doubtful\DoubtfulG1 (265).png,1,Doubtful,train,dc6edcd277281a3286428bb26fac0917
C:\Users\heman\Downloads\orthinx dataset\MedicalExpert-I\1Doubtful\DoubtfulG1 (266).png,1,Doubtful,val,1ada9e1bb73836bc4eaed7c4fd6d0aab
C:\Users\heman\Downloads\orthinx dataset\MedicalExpert-I\1Doubtful\DoubtfulG1 (267).png,1,Doubtful,test,27025dacf2b22ac1387af0b336eba814
C:\Users\heman\Downloads\orthinx dataset\MedicalExpert-I\1Doubtful\DoubtfulG1 (268).png,1,Doubtful,train,ff4b121d9f3ca109223e019a502cd995
C:\Users\heman\Downloads\orthinx dataset\MedicalExpert-I\1Doubtful\DoubtfulG1 (269).png,1,Doubtful,train,69e466df155677e70fb4cfa280bc68f7
C:\Users\heman\Downloads\orthinx dataset\MedicalExpert-I\1Doubtful\DoubtfulG1 (27).png,1,Doubtful,val,020343604d1d5a2862776e702a02f8fd
C:\Users\heman\Downloads\orthinx dataset\MedicalExpert-I\1Doubtful\DoubtfulG1 (270).png,1,Doubtful,train,fb3b03f896b052d36438bde0e33926b6
C:\Users\heman\Downloads\orthinx dataset\MedicalExpert-I\1Doubtful\DoubtfulG1 (271).png,1,Doubtful,test,b7b90ca4047cf938f42ee1538c19dcde
C:\Users\heman\Downloads\orthinx dataset\MedicalExpert-I\1Doubtful\DoubtfulG1 (272).png,1,Doubtful,train,151882992e7d6f8d01e696bf16b1aa56
C:\Users\heman\Downloads\orthinx dataset\MedicalExpert-I\1Doubtful\DoubtfulG1 (273).png,1,Doubtful,test,4083abf5a411f19e6e24a0358ee60346
C:\Users\heman\Downloads\orthinx dataset\MedicalExpert-I\1Doubtful\DoubtfulG1 (274).png,1,Doubtful,train,a57bfb8906221e83edf6d9586618c6b5
C:\Users\heman\Downloads\orthinx dataset\MedicalExpert-I\1Doubtful\DoubtfulG1 (275).png,1,Doubtful,val,c68b1e3326fc11a0102dff077dc5cb2e
C:\Users\heman\Downloads\orthinx dataset\MedicalExpert-I\1Doubtful\DoubtfulG1 (276).png,1,Doubtful,train,81c709d9e7d09f0fc1b0a3b63fd814b2
C:\Users\heman\Downloads\orthinx dataset\MedicalExpert-I\1Doubtful\DoubtfulG1 (277).png,1,Doubtful,train,00a90d833e20c5e903280d8dac89c18a
C:\Users\heman\Downloads\orthinx dataset\MedicalExpert-I\1Doubtful\DoubtfulG1 (278).png,1,Doubtful,train,cd016a88f64d74e71a2c3b77d18342a6
C:\Users\heman\Downloads\orthinx dataset\MedicalExpert-I\1Doubtful\DoubtfulG1 (279).png,1,Doubtful,train,5ad57b0266890c888c7b0e5a49d05ec9
C:\Users\heman\Downloads\orthinx dataset\MedicalExpert-I\1Doubtful\DoubtfulG1 (28).png,1,Doubtful,train,4b437f8076c04b5b3907c4d18f4ae8f7
C:\Users\heman\Downloads\orthinx dataset\MedicalExpert-I\1Doubtful\DoubtfulG1 (280).png,1,Doubtful,test,61114baed08cb9a1c1513d2871efff14
C:\Users\heman\Downloads\orthinx dataset\MedicalExpert-I\1Doubtful\DoubtfulG1 (281).png,1,Doubtful,train,88837b83375f83d30eee217136b70491
C:\Users\heman\Downloads\orthinx dataset\MedicalExpert-I\1Doubtful\DoubtfulG1 (282).png,1,Doubtful,train,1694911231ebdbe4db8832a1b78bf548
C:\Users\heman\Downloads\orthinx dataset\MedicalExpert-I\1Doubtful\DoubtfulG1 (283).png,1,Doubtful,train,7208d3dde7d8e5e205a78e9f34543321
C:\Users\heman\Downloads\orthinx dataset\MedicalExpert-I\1Doubtful\DoubtfulG1 (284).png,1,Doubtful,val,ec073743fa9a81b676031f6bfe84bb81
C:\Users\heman\Downloads\orthinx dataset\MedicalExpert-I\1Doubtful\DoubtfulG1 (285).png,1,Doubtful,train,e70b50de59051eab9786d7161e61100c
C:\Users\heman\Downloads\orthinx dataset\MedicalExpert-I\1Doubtful\DoubtfulG1 (286).png,1,Doubtful,train,d4b7dc649ab21889590b65b3e810eb6c
C:\Users\heman\Downloads\orthinx dataset\MedicalExpert-I\1Doubtful\DoubtfulG1 (287).png,1,Doubtful,train,d7e7521f188377226b5efb7b4f551ed0
C:\Users\heman\Downloads\orthinx dataset\MedicalExpert-I\1Doubtful\DoubtfulG1 (288).png,1,Doubtful,train,68653e170d35153c974947c9c92fb5d6
C:\Users\heman\Downloads\orthinx dataset\MedicalExpert-I\1Doubtful\DoubtfulG1 (289).png,1,Doubtful,train,ff8a75939edfec589c17e7dd45e3757d
C:\Users\heman\Downloads\orthinx dataset\MedicalExpert-I\1Doubtful\DoubtfulG1 (29).png,1,Doubtful,train,55f271c512fbb6d83875726441586a1e
C:\Users\heman\Downloads\orthinx dataset\MedicalExpert-I\1Doubtful\DoubtfulG1 (290).png,1,Doubtful,train,46940e691a4df3e026bf270f9e5d3476
C:\Users\heman\Downloads\orthinx dataset\MedicalExpert-I\1Doubtful\DoubtfulG1 (291).png,1,Doubtful,train,04cc68595bad728b3e66a4bfb8e59dc0
C:\Users\heman\Downloads\orthinx dataset\MedicalExpert-I\1Doubtful\DoubtfulG1 (292).png,1,Doubtful,test,ccf568951d57945e163accf6adf66d1d
C:\Users\heman\Downloads\orthinx dataset\MedicalExpert-I\1Doubtful\DoubtfulG1 (293).png,1,Doubtful,train,582be90262dc7216eee8bd7b90bbe2ee
C:\Users\heman\Downloads\orthinx dataset\MedicalExpert-I\1Doubtful\DoubtfulG1 (294).png,1,Doubtful,val,796281ef3ec369b2fed185eb5586867e
C:\Users\heman\Downloads\orthinx dataset\MedicalExpert-I\1Doubtful\DoubtfulG1 (295).png,1,Doubtful,train,6a835d0fabe28b0d56b0ef1b7876b866
C:\Users\heman\Downloads\orthinx dataset\MedicalExpert-I\1Doubtful\DoubtfulG1 (296).png,1,Doubtful,train,ac8c8ad2ad32eeebb76f5d08891df7d9
C:\Users\heman\Downloads\orthinx dataset\MedicalExpert-I\1Doubtful\DoubtfulG1 (297).png,1,Doubtful,train,17b21430e8c80e6b836ad3eb56407110
C:\Users\heman\Downloads\orthinx dataset\MedicalExpert-I\1Doubtful\DoubtfulG1 (298).png,1,Doubtful,val,b5423f4446cea7982edcb570bd95bdc3
C:\Users\heman\Downloads\orthinx dataset\MedicalExpert-I\1Doubtful\DoubtfulG1 (299).png,1,Doubtful,train,160117bafb5adb2a7c589bda2c1bbfb7
C:\Users\heman\Downloads\orthinx dataset\MedicalExpert-I\1Doubtful\DoubtfulG1 (3).png,1,Doubtful,test,d03ea5ba5e67eaafedbdde75c274e0e6
C:\Users\heman\Downloads\orthinx dataset\MedicalExpert-I\1Doubtful\DoubtfulG1 (30).png,1,Doubtful,test,14b17eb84a39358081dbb5b2408a6fe3
C:\Users\heman\Downloads\orthinx dataset\MedicalExpert-I\1Doubtful\DoubtfulG1 (300).png,1,Doubtful,train,0c675503d26965e2d7aef96bba91f7a7
C:\Users\heman\Downloads\orthinx dataset\MedicalExpert-I\1Doubtful\DoubtfulG1 (301).png,1,Doubtful,train,9fb6ddae42371ef548ed120ad13f9a2f
C:\Users\heman\Downloads\orthinx dataset\MedicalExpert-I\1Doubtful\DoubtfulG1 (302).png,1,Doubtful,val,36d0160c3e23fd27412f72035732bd3e
C:\Users\heman\Downloads\orthinx dataset\MedicalExpert-I\1Doubtful\DoubtfulG1 (303).png,1,Doubtful,train,eb3b162e835b531933582f451c0a8b9b
C:\Users\heman\Downloads\orthinx dataset\MedicalExpert-I\1Doubtful\DoubtfulG1 (304).png,1,Doubtful,train,6e963a1777e4522cc353cd0c5a42dec2
C:\Users\heman\Downloads\orthinx dataset\MedicalExpert-I\1Doubtful\DoubtfulG1 (305).png,1,Doubtful,test,0662fa5300261fe207b05fb7029a534a
C:\Users\heman\Downloads\orthinx dataset\MedicalExpert-I\1Doubtful\DoubtfulG1 (306).png,1,Doubtful,train,17a5dd021ec5558109e3bdf518237c57
C:\Users\heman\Downloads\orthinx dataset\MedicalExpert-I\1Doubtful\DoubtfulG1 (307).png,1,Doubtful,train,3b88f5d62c0bd9b348d0eb3674c9a0a8
C:\Users\heman\Downloads\orthinx dataset\MedicalExpert-I\1Doubtful\DoubtfulG1 (308).png,1,Doubtful,val,ec400e9c993e23226b2982855b532bff
C:\Users\heman\Downloads\orthinx dataset\MedicalExpert-I\1Doubtful\DoubtfulG1 (309).png,1,Doubtful,train,56812576b4998315d18d6db92faa651d
C:\Users\heman\Downloads\orthinx dataset\MedicalExpert-I\1Doubtful\DoubtfulG1 (31).png,1,Doubtful,val,dc439378750b120a586f7c2dea35a6a7
C:\Users\heman\Downloads\orthinx dataset\MedicalExpert-I\1Doubtful\DoubtfulG1 (310).png,1,Doubtful,train,081ee197d78877638a27a6a4814681ec
C:\Users\heman\Downloads\orthinx dataset\MedicalExpert-I\1Doubtful\DoubtfulG1 (311).png,1,Doubtful,train,e43ef239c6d206dd3f9310caf373780e
C:\Users\heman\Downloads\orthinx dataset\MedicalExpert-I\1Doubtful\DoubtfulG1 (312).png,1,Doubtful,train,306bbd9f22bf540d12dc41c3ddf68a78
C:\Users\heman\Downloads\orthinx dataset\MedicalExpert-I\1Doubtful\DoubtfulG1 (313).png,1,Doubtful,test,a8973113970c78feabdd8e8d676e98c6
C:\Users\heman\Downloads\orthinx dataset\MedicalExpert-I\1Doubtful\DoubtfulG1 (314).png,1,Doubtful,train,f1d22692e29b4f46af5ec3fc582c9181
C:\Users\heman\Downloads\orthinx dataset\MedicalExpert-I\1Doubtful\DoubtfulG1 (315).png,1,Doubtful,train,3b3f700a764a3b60bb30acf95b2b6b65
C:\Users\heman\Downloads\orthinx dataset\MedicalExpert-I\1Doubtful\DoubtfulG1 (316).png,1,Doubtful,test,12e90ac1ee34fb5829a1dd8228663e5f
C:\Users\heman\Downloads\orthinx dataset\MedicalExpert-I\1Doubtful\DoubtfulG1 (317).png,1,Doubtful,train,64d4188844a25de03a2bb4b664cb9712
C:\Users\heman\Downloads\orthinx dataset\MedicalExpert-I\1Doubtful\DoubtfulG1 (318).png,1,Doubtful,train,f5a63d9b1531fae9eff2712a7ace512f
C:\Users\heman\Downloads\orthinx dataset\MedicalExpert-I\1Doubtful\DoubtfulG1 (319).png,1,Doubtful,train,4ab94fb556aecebe91b6efeb0de47deb
C:\Users\heman\Downloads\orthinx dataset\MedicalExpert-I\1Doubtful\DoubtfulG1 (32).png,1,Doubtful,train,1770d7ee721c6d11c6d4355f7fc48cb2
C:\Users\heman\Downloads\orthinx dataset\MedicalExpert-I\1Doubtful\DoubtfulG1 (320).png,1,Doubtful,train,07a90cc0685e56362f0d24eb61c09899
C:\Users\heman\Downloads\orthinx dataset\MedicalExpert-I\1Doubtful\DoubtfulG1 (321).png,1,Doubtful,train,6685d06474dab6bb0ca59bc4dbab33ba
C:\Users\heman\Downloads\orthinx dataset\MedicalExpert-I\1Doubtful\DoubtfulG1 (322).png,1,Doubtful,val,cc137764261e1b27bc63a4e0e1910024
C:\Users\heman\Downloads\orthinx dataset\MedicalExpert-I\1Doubtful\DoubtfulG1 (323).png,1,Doubtful,train,f6548e5fb94d2acedc40ed353a7ebdcb
C:\Users\heman\Downloads\orthinx dataset\MedicalExpert-I\1Doubtful\DoubtfulG1 (324).png,1,Doubtful,train,1ae40a7ae9bc7abdcd1a7b712b70f41d
C:\Users\heman\Downloads\orthinx dataset\MedicalExpert-I\1Doubtful\DoubtfulG1 (325).png,1,Doubtful,val,d8763799063caf1a504e09351873e1a1
C:\Users\heman\Downloads\orthinx dataset\MedicalExpert-I\1Doubtful\DoubtfulG1 (326).png,1,Doubtful,test,4f7cd7475f58c9601d8f8e989f1fe147
C:\Users\heman\Downloads\orthinx dataset\MedicalExpert-I\1Doubtful\DoubtfulG1 (327).png,1,Doubtful,train,f54a64851babac2f40f735d26e5f2cdc
C:\Users\heman\Downloads\orthinx dataset\MedicalExpert-I\1Doubtful\DoubtfulG1 (328).png,1,Doubtful,train,c47c1f2f04e5743aeb2d339e071a96ea
C:\Users\heman\Downloads\orthinx dataset\MedicalExpert-I\1Doubtful\DoubtfulG1 (329).png,1,Doubtful,train,cef7960de7d6da9bfc0a468b890ad82b
C:\Users\heman\Downloads\orthinx dataset\MedicalExpert-I\1Doubtful\DoubtfulG1 (33).png,1,Doubtful,train,64da715e6ee24d35a958c82cf43dc35b
C:\Users\heman\Downloads\orthinx dataset\MedicalExpert-I\1Doubtful\DoubtfulG1 (330).png,1,Doubtful,train,e282129e39fa8cbc90bab6f5482ea9fe
C:\Users\heman\Downloads\orthinx dataset\MedicalExpert-I\1Doubtful\DoubtfulG1 (331).png,1,Doubtful,train,7edf6c1e2b747c13d1f0eb0509370455
C:\Users\heman\Downloads\orthinx dataset\MedicalExpert-I\1Doubtful\DoubtfulG1 (332).png,1,Doubtful,train,a157d71f2aa43ae416bb62768f63ce81
C:\Users\heman\Downloads\orthinx dataset\MedicalExpert-I\1Doubtful\DoubtfulG1 (333).png,1,Doubtful,train,7abf4093f78041b6517a2caed5c1acfb
C:\Users\heman\Downloads\orthinx dataset\MedicalExpert-I\1Doubtful\DoubtfulG1 (334).png,1,Doubtful,train,9819fea8d4a4309c160c132ca6391606
C:\Users\heman\Downloads\orthinx dataset\MedicalExpert-I\1Doubtful\DoubtfulG1 (335).png,1,Doubtful,train,9ee04931fe791fc60052f3834b0943ff
C:\Users\heman\Downloads\orthinx dataset\MedicalExpert-I\1Doubtful\DoubtfulG1 (336).png,1,Doubtful,test,780e9ae18b25ca31f38306096d429fcb
C:\Users\heman\Downloads\orthinx dataset\MedicalExpert-I\1Doubtful\DoubtfulG1 (337).png,1,Doubtful,val,02ca6619b9700e994a5bf2d2e1217d40
C:\Users\heman\Downloads\orthinx dataset\MedicalExpert-I\1Doubtful\DoubtfulG1 (338).png,1,Doubtful,train,272c3f87cebbe40f11db25773d42b906
C:\Users\heman\Downloads\orthinx dataset\MedicalExpert-I\1Doubtful\DoubtfulG1 (339).png,1,Doubtful,train,b19c7d6e81a177a9e719de64284ecc0c
C:\Users\heman\Downloads\orthinx dataset\MedicalExpert-I\1Doubtful\DoubtfulG1 (34).png,1,Doubtful,val,1ee76c8ea9a8efb6f809aff22f18db51
C:\Users\heman\Downloads\orthinx dataset\MedicalExpert-I\1Doubtful\DoubtfulG1 (340).png,1,Doubtful,train,7f4d61fd422cde5e542db1bdd8681f10
C:\Users\heman\Downloads\orthinx dataset\MedicalExpert-I\1Doubtful\DoubtfulG1 (341).png,1,Doubtful,train,700b7f3686efc39f275ef0ff0b56859b
C:\Users\heman\Downloads\orthinx dataset\MedicalExpert-I\1Doubtful\DoubtfulG1 (342).png,1,Doubtful,train,57521d887a6d904d22e3d1c7a94fe95d
C:\Users\heman\Downloads\orthinx dataset\MedicalExpert-I\1Doubtful\DoubtfulG1 (343).png,1,Doubtful,train,cbad54446a4864861204a40d9dfcec44
C:\Users\heman\Downloads\orthinx dataset\MedicalExpert-I\1Doubtful\DoubtfulG1 (344).png,1,Doubtful,val,38d3dce8b28def744e8fa1193769400c
C:\Users\heman\Downloads\orthinx dataset\MedicalExpert-I\1Doubtful\DoubtfulG1 (345).png,1,Doubtful,train,182a5e5e58708b61a2b5611c374d2bdf
C:\Users\heman\Downloads\orthinx dataset\MedicalExpert-I\1Doubtful\DoubtfulG1 (346).png,1,Doubtful,test,890c23444b3a4eb43e3281877a622b6e
C:\Users\heman\Downloads\orthinx dataset\MedicalExpert-I\1Doubtful\DoubtfulG1 (347).png,1,Doubtful,train,17d13adb1934bab5fa546459a6247fce
C:\Users\heman\Downloads\orthinx dataset\MedicalExpert-I\1Doubtful\DoubtfulG1 (348).png,1,Doubtful,test,5a27c7b6143f62bffeeb8d5bd9649fcb
C:\Users\heman\Downloads\orthinx dataset\MedicalExpert-I\1Doubtful\DoubtfulG1 (349).png,1,Doubtful,train,30c0630791633db3877590ce6d734d9c
C:\Users\heman\Downloads\orthinx dataset\MedicalExpert-I\1Doubtful\DoubtfulG1 (35).png,1,Doubtful,test,9650510ce1d85f1fc70bd6e62a71c6bd
C:\Users\heman\Downloads\orthinx dataset\MedicalExpert-I\1Doubtful\DoubtfulG1 (350).png,1,Doubtful,train,feab62dcf82d1343fef721d737e37e33
C:\Users\heman\Downloads\orthinx dataset\MedicalExpert-I\1Doubtful\DoubtfulG1 (351).png,1,Doubtful,train,0ad715b94d970421e09927085405e3d9
C:\Users\heman\Downloads\orthinx dataset\MedicalExpert-I\1Doubtful\DoubtfulG1 (352).png,1,Doubtful,train,85de1f912ccfef8d18440d128be7e754
C:\Users\heman\Downloads\orthinx dataset\MedicalExpert-I\1Doubtful\DoubtfulG1 (353).png,1,Doubtful,val,2e597f1ef1a7ef90805f3d4435643d43
C:\Users\heman\Downloads\orthinx dataset\MedicalExpert-I\1Doubtful\DoubtfulG1 (354).png,1,Doubtful,test,edf88855bc35322f7fde3624c45f38aa
C:\Users\heman\Downloads\orthinx dataset\MedicalExpert-I\1Doubtful\DoubtfulG1 (355).png,1,Doubtful,test,23d2573375067b6f903956e7c88ea03c
C:\Users\heman\Downloads\orthinx dataset\MedicalExpert-I\1Doubtful\DoubtfulG1 (356).png,1,Doubtful,test,047d165939bdc1afda15232d6d567594
C:\Users\heman\Downloads\orthinx dataset\MedicalExpert-I\1Doubtful\DoubtfulG1 (357).png,1,Doubtful,train,82a640487463875b462ecb3dc3d7bce9
C:\Users\heman\Downloads\orthinx dataset\MedicalExpert-I\1Doubtful\DoubtfulG1 (358).png,1,Doubtful,train,48beba694ce444abb3b93b47e98e0269
C:\Users\heman\Downloads\orthinx dataset\MedicalExpert-I\1Doubtful\DoubtfulG1 (359).png,1,Doubtful,train,686629b0cbdc52510f1a25b768e24304
C:\Users\heman\Downloads\orthinx dataset\MedicalExpert-I\1Doubtful\DoubtfulG1 (36).png,1,Doubtful,train,b3ab914a6413661d0d8d01c2322fb6cd
C:\Users\heman\Downloads\orthinx dataset\MedicalExpert-I\1Doubtful\DoubtfulG1 (360).png,1,Doubtful,train,5071e0bc7374a3c35d2b09ff554f4f44
C:\Users\heman\Downloads\orthinx dataset\MedicalExpert-I\1Doubtful\DoubtfulG1 (361).png,1,Doubtful,test,63c4f774ba2bd51813394cbcb5544cf6
C:\Users\heman\Downloads\orthinx dataset\MedicalExpert-I\1Doubtful\DoubtfulG1 (362).png,1,Doubtful,train,3c861a909d9bbe234c92e01eb0504968
C:\Users\heman\Downloads\orthinx dataset\MedicalExpert-I\1Doubtful\DoubtfulG1 (363).png,1,Doubtful,train,9242517442094c80f95e275db35994d1
C:\Users\heman\Downloads\orthinx dataset\MedicalExpert-I\1Doubtful\DoubtfulG1 (364).png,1,Doubtful,train,ced0f358e57828ddb42ad94136880b65
C:\Users\heman\Downloads\orthinx dataset\MedicalExpert-I\1Doubtful\DoubtfulG1 (365).png,1,Doubtful,train,88f5fea51fc995401367bb8dc23dbcdd
C:\Users\heman\Downloads\orthinx dataset\MedicalExpert-I\1Doubtful\DoubtfulG1 (366).png,1,Doubtful,train,a31f161349edadeeaaef94639ee8f85a
C:\Users\heman\Downloads\orthinx dataset\MedicalExpert-I\1Doubtful\DoubtfulG1 (367).png,1,Doubtful,train,a14a7a923428499676f175a97bb7056f
C:\Users\heman\Downloads\orthinx dataset\MedicalExpert-I\1Doubtful\DoubtfulG1 (368).png,1,Doubtful,train,78e1a6e3ac982fd768b7376c48a3300e
C:\Users\heman\Downloads\orthinx dataset\MedicalExpert-I\1Doubtful\DoubtfulG1 (369).png,1,Doubtful,train,abe2cd2b0a9aa6a1b4ce3544e62c0e1b
C:\Users\heman\Downloads\orthinx dataset\MedicalExpert-I\1Doubtful\DoubtfulG1 (37).png,1,Doubtful,test,eae8363e0905d8d1ac3671bd45161cf1
C:\Users\heman\Downloads\orthinx dataset\MedicalExpert-I\1Doubtful\DoubtfulG1 (370).png,1,Doubtful,val,380228ef8f5ee042f381446f92d357fd
C:\Users\heman\Downloads\orthinx dataset\MedicalExpert-I\1Doubtful\DoubtfulG1 (371).png,1,Doubtful,train,027c2e01d29af2de9f506865256989be
C:\Users\heman\Downloads\orthinx dataset\MedicalExpert-I\1Doubtful\DoubtfulG1 (372).png,1,Doubtful,train,a217e7b3fabae2869c4fe7f2dc3fcfe2
C:\Users\heman\Downloads\orthinx dataset\MedicalExpert-I\1Doubtful\DoubtfulG1 (373).png,1,Doubtful,train,b726c36dfc5c3a5b991fd924de2535ff
C:\Users\heman\Downloads\orthinx dataset\MedicalExpert-I\1Doubtful\DoubtfulG1 (374).png,1,Doubtful,train,8e601430f30f9361c7d5b1baf5326866
C:\Users\heman\Downloads\orthinx dataset\MedicalExpert-I\1Doubtful\DoubtfulG1 (375).png,1,Doubtful,train,fdab643d39f4b5db08ae7788f477d6c6
C:\Users\heman\Downloads\orthinx dataset\MedicalExpert-I\1Doubtful\DoubtfulG1 (376).png,1,Doubtful,train,ad95fea45f579a2362554981f72c65c6
C:\Users\heman\Downloads\orthinx dataset\MedicalExpert-I\1Doubtful\DoubtfulG1 (377).png,1,Doubtful,train,4dd590716d5ed80734ffa0b21b92c3f1
C:\Users\heman\Downloads\orthinx dataset\MedicalExpert-I\1Doubtful\DoubtfulG1 (378).png,1,Doubtful,train,9b742517c8ea96a942aeaefb0ac6b21a
C:\Users\heman\Downloads\orthinx dataset\MedicalExpert-I\1Doubtful\DoubtfulG1 (379).png,1,Doubtful,train,b101009d7abf33b35f62098227eb54f5
C:\Users\heman\Downloads\orthinx dataset\MedicalExpert-I\1Doubtful\DoubtfulG1 (38).png,1,Doubtful,train,38b7e47cf19033a96a533e5f8b2d6313
C:\Users\heman\Downloads\orthinx dataset\MedicalExpert-I\1Doubtful\DoubtfulG1 (380).png,1,Doubtful,train,36c5be1c032a1aecc4b594d489853c01
C:\Users\heman\Downloads\orthinx dataset\MedicalExpert-I\1Doubtful\DoubtfulG1 (381).png,1,Doubtful,val,f319ae91f6265cf20235622c0a0cecd4
C:\Users\heman\Downloads\orthinx dataset\MedicalExpert-I\1Doubtful\DoubtfulG1 (382).png,1,Doubtful,train,9ff89e82a3c4f89897a23d00aa8c632a
C:\Users\heman\Downloads\orthinx dataset\MedicalExpert-I\1Doubtful\DoubtfulG1 (383).png,1,Doubtful,train,b308579db75065579574ea8ab48e91d8
C:\Users\heman\Downloads\orthinx dataset\MedicalExpert-I\1Doubtful\DoubtfulG1 (384).png,1,Doubtful,train,deb1e621cca9d76d46dc751c615c416a
C:\Users\heman\Downloads\orthinx dataset\MedicalExpert-I\1Doubtful\DoubtfulG1 (385).png,1,Doubtful,train,d4ea18ff2d798f445232cc00dcfb0d22
C:\Users\heman\Downloads\orthinx dataset\MedicalExpert-I\1Doubtful\DoubtfulG1 (386).png,1,Doubtful,train,b308579db75065579574ea8ab48e91d8
C:\Users\heman\Downloads\orthinx dataset\MedicalExpert-I\1Doubtful\DoubtfulG1 (387).png,1,Doubtful,train,674174cdc21e31713dfed0715e4a216c
C:\Users\heman\Downloads\orthinx dataset\MedicalExpert-I\1Doubtful\DoubtfulG1 (388).png,1,Doubtful,train,e26f0174be53fee3f272f18e1b3cb0b5
C:\Users\heman\Downloads\orthinx dataset\MedicalExpert-I\1Doubtful\DoubtfulG1 (389).png,1,Doubtful,val,523e33c2a8e488a2777711af408808d2
C:\Users\heman\Downloads\orthinx dataset\MedicalExpert-I\1Doubtful\DoubtfulG1 (39).png,1,Doubtful,train,7d11d53e77398876f6405b0a92cf7f65
C:\Users\heman\Downloads\orthinx dataset\MedicalExpert-I\1Doubtful\DoubtfulG1 (390).png,1,Doubtful,train,ee26a81a8fa916b887223beb4f9a6bdd
C:\Users\heman\Downloads\orthinx dataset\MedicalExpert-I\1Doubtful\DoubtfulG1 (391).png,1,Doubtful,train,a576fe7e0c6e982f007ebb0287de51cd
C:\Users\heman\Downloads\orthinx dataset\MedicalExpert-I\1Doubtful\DoubtfulG1 (392).png,1,Doubtful,train,0935ac91f826695478d576dc15ce4b40
C:\Users\heman\Downloads\orthinx dataset\MedicalExpert-I\1Doubtful\DoubtfulG1 (393).png,1,Doubtful,train,7c2c1f3781cde19548801b50009aaf2f
C:\Users\heman\Downloads\orthinx dataset\MedicalExpert-I\1Doubtful\DoubtfulG1 (394).png,1,Doubtful,val,d4020c31d65a6675fa2bdb5ebe93e973
C:\Users\heman\Downloads\orthinx dataset\MedicalExpert-I\1Doubtful\DoubtfulG1 (395).png,1,Doubtful,train,061f9630fe7d955908b4a0697105b451
C:\Users\heman\Downloads\orthinx dataset\MedicalExpert-I\1Doubtful\DoubtfulG1 (396).png,1,Doubtful,train,dd6d4422ff494ad60eec7ec55c6e87b2
C:\Users\heman\Downloads\orthinx dataset\MedicalExpert-I\1Doubtful\DoubtfulG1 (397).png,1,Doubtful,test,6451b77c1f7fdedd5beecd91dacdc412
C:\Users\heman\Downloads\orthinx dataset\MedicalExpert-I\1Doubtful\DoubtfulG1 (398).png,1,Doubtful,val,71b21c349d53d6a58198a556b41124a9
C:\Users\heman\Downloads\orthinx dataset\MedicalExpert-I\1Doubtful\DoubtfulG1 (399).png,1,Doubtful,train,b50dacc4147454eb09f8fc83c5094fc7
C:\Users\heman\Downloads\orthinx dataset\MedicalExpert-I\1Doubtful\DoubtfulG1 (4).png,1,Doubtful,train,91aedc892203d102e4ed7e1e45deee4d
C:\Users\heman\Downloads\orthinx dataset\MedicalExpert-I\1Doubtful\DoubtfulG1 (40).png,1,Doubtful,train,55a2fe398725b657d822a6fc4b512a97
C:\Users\heman\Downloads\orthinx dataset\MedicalExpert-I\1Doubtful\DoubtfulG1 (400).png,1,Doubtful,train,c2fd5d2e00863f6b2cd51ef9adabafd9
C:\Users\heman\Downloads\orthinx dataset\MedicalExpert-I\1Doubtful\DoubtfulG1 (401).png,1,Doubtful,train,4d17c6d54c02bc1e5993b3672be67c43
C:\Users\heman\Downloads\orthinx dataset\MedicalExpert-I\1Doubtful\DoubtfulG1 (402).png,1,Doubtful,test,1bddc2ce8e2b872e582ec4fe666f3874
C:\Users\heman\Downloads\orthinx dataset\MedicalExpert-I\1Doubtful\DoubtfulG1 (403).png,1,Doubtful,train,f8591b36771548846db2798dc5c463c7
C:\Users\heman\Downloads\orthinx dataset\MedicalExpert-I\1Doubtful\DoubtfulG1 (404).png,1,Doubtful,test,6993f7546dae56354da40a72d21e4ec5
C:\Users\heman\Downloads\orthinx dataset\MedicalExpert-I\1Doubtful\DoubtfulG1 (405).png,1,Doubtful,train,86dbda6cfb8554a8a4d9ab3bc94edfa7
C:\Users\heman\Downloads\orthinx dataset\MedicalExpert-I\1Doubtful\DoubtfulG1 (406).png,1,Doubtful,train,d0c7cf26f62320e02831d6d99df845c8
C:\Users\heman\Downloads\orthinx dataset\MedicalExpert-I\1Doubtful\DoubtfulG1 (407).png,1,Doubtful,test,f6681d4ab419b1a6a06e2eae7ce89969
C:\Users\heman\Downloads\orthinx dataset\MedicalExpert-I\1Doubtful\DoubtfulG1 (408).png,1,Doubtful,train,2947553ca7aeddca9b2b91be2ebfed79
C:\Users\heman\Downloads\orthinx dataset\MedicalExpert-I\1Doubtful\DoubtfulG1 (409).png,1,Doubtful,train,76d3dba79afce713e179f0717e984be9
C:\Users\heman\Downloads\orthinx dataset\MedicalExpert-I\1Doubtful\DoubtfulG1 (41).png,1,Doubtful,train,ba180c7cd8865e93e83540d15999b66b
C:\Users\heman\Downloads\orthinx dataset\MedicalExpert-I\1Doubtful\DoubtfulG1 (410).png,1,Doubtful,train,ee7351ad74915391c68cc5ee1c34ea58
C:\Users\heman\Downloads\orthinx dataset\MedicalExpert-I\1Doubtful\DoubtfulG1 (411).png,1,Doubtful,train,8d1535638bd60b9fd640d845c06b760c
C:\Users\heman\Downloads\orthinx dataset\MedicalExpert-I\1Doubtful\DoubtfulG1 (412).png,1,Doubtful,train,358f86442d2e3142eb8458bf8ebb569e
C:\Users\heman\Downloads\orthinx dataset\MedicalExpert-I\1Doubtful\DoubtfulG1 (413).png,1,Doubtful,train,fba14cf8c102725f1b34bf4c4b7c4046
C:\Users\heman\Downloads\orthinx dataset\MedicalExpert-I\1Doubtful\DoubtfulG1 (414).png,1,Doubtful,train,9eac3c3c4540d739b5e535ac8dd63cae
C:\Users\heman\Downloads\orthinx dataset\MedicalExpert-I\1Doubtful\DoubtfulG1 (415).png,1,Doubtful,train,ee1f28beaa5ede3c3e30fdae73c90e98
C:\Users\heman\Downloads\orthinx dataset\MedicalExpert-I\1Doubtful\DoubtfulG1 (416).png,1,Doubtful,train,0fc6e5b810f104692d9ddfe88d6328bf
C:\Users\heman\Downloads\orthinx dataset\MedicalExpert-I\1Doubtful\DoubtfulG1 (417).png,1,Doubtful,train,74a7e8505ca2b42c9f0477e2f9f5ddbe
C:\Users\heman\Downloads\orthinx dataset\MedicalExpert-I\1Doubtful\DoubtfulG1 (418).png,1,Doubtful,train,8b9bfb0048f47d5081372cca7825f937
C:\Users\heman\Downloads\orthinx dataset\MedicalExpert-I\1Doubtful\DoubtfulG1 (419).png,1,Doubtful,test,c7bface87a6bbb70c1716797efa6c472
C:\Users\heman\Downloads\orthinx dataset\MedicalExpert-I\1Doubtful\DoubtfulG1 (42).png,1,Doubtful,train,63d219691a1db7556c06c9c870a1f54e
C:\Users\heman\Downloads\orthinx dataset\MedicalExpert-I\1Doubtful\DoubtfulG1 (420).png,1,Doubtful,test,23f3af38cb90ad36abb8384c50fcf8a5
C:\Users\heman\Downloads\orthinx dataset\MedicalExpert-I\1Doubtful\DoubtfulG1 (421).png,1,Doubtful,train,7846f7e793f6c0c93b6ae77c4e6ac164
C:\Users\heman\Downloads\orthinx dataset\MedicalExpert-I\1Doubtful\DoubtfulG1 (422).png,1,Doubtful,train,d9535ceaf15f2a51563459f80a0563e5
C:\Users\heman\Downloads\orthinx dataset\MedicalExpert-I\1Doubtful\DoubtfulG1 (423).png,1,Doubtful,train,a5871b12ac53cb051bbe7dbd5190a765
C:\Users\heman\Downloads\orthinx dataset\MedicalExpert-I\1Doubtful\DoubtfulG1 (424).png,1,Doubtful,val,854547c42b9beefff4995e0a5051ad49
C:\Users\heman\Downloads\orthinx dataset\MedicalExpert-I\1Doubtful\DoubtfulG1 (425).png,1,Doubtful,train,00b7584bbeb7b936d772008b8bfaff58
C:\Users\heman\Downloads\orthinx dataset\MedicalExpert-I\1Doubtful\DoubtfulG1 (426).png,1,Doubtful,train,fbbead6ec355eb360d5ada210eff4685
C:\Users\heman\Downloads\orthinx dataset\MedicalExpert-I\1Doubtful\DoubtfulG1 (427).png,1,Doubtful,train,14bd9bb7b915252d6406920755aa6adf
C:\Users\heman\Downloads\orthinx dataset\MedicalExpert-I\1Doubtful\DoubtfulG1 (428).png,1,Doubtful,train,90ce1f27d76eda68106faeb94c25044b
C:\Users\heman\Downloads\orthinx dataset\MedicalExpert-I\1Doubtful\DoubtfulG1 (429).png,1,Doubtful,train,987546fafcf75fdc4fd73cd3ebeef814
C:\Users\heman\Downloads\orthinx dataset\MedicalExpert-I\1Doubtful\DoubtfulG1 (43).png,1,Doubtful,test,9a257cb366bfb4dde60fed3fff0bf1fa
C:\Users\heman\Downloads\orthinx dataset\MedicalExpert-I\1Doubtful\DoubtfulG1 (430).png,1,Doubtful,val,2a43da637fbd08371fb17396532ad857
C:\Users\heman\Downloads\orthinx dataset\MedicalExpert-I\1Doubtful\DoubtfulG1 (431).png,1,Doubtful,test,aa9ae62a22b4d9d3fabbf4747b4fc577
C:\Users\heman\Downloads\orthinx dataset\MedicalExpert-I\1Doubtful\DoubtfulG1 (432).png,1,Doubtful,train,8a5674f7742e60315adfc5bc98f41d5a
C:\Users\heman\Downloads\orthinx dataset\MedicalExpert-I\1Doubtful\DoubtfulG1 (433).png,1,Doubtful,train,23409474f981d504d0a6f19ed468cecc
C:\Users\heman\Downloads\orthinx dataset\MedicalExpert-I\1Doubtful\DoubtfulG1 (434).png,1,Doubtful,train,757069c6cf6b360fdb8b7b5bbff64ec7
C:\Users\heman\Downloads\orthinx dataset\MedicalExpert-I\1Doubtful\DoubtfulG1 (435).png,1,Doubtful,val,07236c2d3aa9f062d6fd8a2a0ecb6d4b
C:\Users\heman\Downloads\orthinx dataset\MedicalExpert-I\1Doubtful\DoubtfulG1 (436).png,1,Doubtful,train,363d7177924b7c1980c699cc1f3d497f
C:\Users\heman\Downloads\orthinx dataset\MedicalExpert-I\1Doubtful\DoubtfulG1 (437).png,1,Doubtful,train,e7a7a9eba599a09587b1a98470018723
C:\Users\heman\Downloads\orthinx dataset\MedicalExpert-I\1Doubtful\DoubtfulG1 (438).png,1,Doubtful,val,6ae6c971d693da50ea9d2dd7b1b20244
C:\Users\heman\Downloads\orthinx dataset\MedicalExpert-I\1Doubtful\DoubtfulG1 (439).png,1,Doubtful,train,d3ce11a92ed914230e6152e4fa620578
C:\Users\heman\Downloads\orthinx dataset\MedicalExpert-I\1Doubtful\DoubtfulG1 (44).png,1,Doubtful,train,1f860ed906f2c0ee6f3a1aa9246f0685
C:\Users\heman\Downloads\orthinx dataset\MedicalExpert-I\1Doubtful\DoubtfulG1 (440).png,1,Doubtful,val,477a793097bda10b81fd6cf173a98475
C:\Users\heman\Downloads\orthinx dataset\MedicalExpert-I\1Doubtful\DoubtfulG1 (441).png,1,Doubtful,train,0f1f397a5ba54d81f2a77b2bd6cd99e3
C:\Users\heman\Downloads\orthinx dataset\MedicalExpert-I\1Doubtful\DoubtfulG1 (442).png,1,Doubtful,train,c3a29317c94f2b72627e6ced4dc3b093
C:\Users\heman\Downloads\orthinx dataset\MedicalExpert-I\1Doubtful\DoubtfulG1 (443).png,1,Doubtful,val,f71ef3141ccfb61a59ddb8b50b34dd05
C:\Users\heman\Downloads\orthinx dataset\MedicalExpert-I\1Doubtful\DoubtfulG1 (444).png,1,Doubtful,train,e9970331e28a900907c047564fb5dfa7
C:\Users\heman\Downloads\orthinx dataset\MedicalExpert-I\1Doubtful\DoubtfulG1 (445).png,1,Doubtful,test,d2b71c87c20219c206eaf27dd0cf707a
C:\Users\heman\Downloads\orthinx dataset\MedicalExpert-I\1Doubtful\DoubtfulG1 (446).png,1,Doubtful,train,0fd7cd9dc4293a2b144d23e5c9b60a72
C:\Users\heman\Downloads\orthinx dataset\MedicalExpert-I\1Doubtful\DoubtfulG1 (447).png,1,Doubtful,val,ab707b66e83695b8dd9340e1386fab4f
C:\Users\heman\Downloads\orthinx dataset\MedicalExpert-I\1Doubtful\DoubtfulG1 (448).png,1,Doubtful,train,3921388d9dc86d6e78c3908083eaf811
C:\Users\heman\Downloads\orthinx dataset\MedicalExpert-I\1Doubtful\DoubtfulG1 (449).png,1,Doubtful,train,4c0d5818da7a6575d271af234ab436df
C:\Users\heman\Downloads\orthinx dataset\MedicalExpert-I\1Doubtful\DoubtfulG1 (45).png,1,Doubtful,train,6d604dde4da5fcbe617e5b35e917e53c
C:\Users\heman\Downloads\orthinx dataset\MedicalExpert-I\1Doubtful\DoubtfulG1 (450).png,1,Doubtful,train,05e0f87a8d481b7cff8ea7db2654d712
C:\Users\heman\Downloads\orthinx dataset\MedicalExpert-I\1Doubtful\DoubtfulG1 (451).png,1,Doubtful,test,d4df99a4cd89da253cdc7d06739b0b1b
C:\Users\heman\Downloads\orthinx dataset\MedicalExpert-I\1Doubtful\DoubtfulG1 (452).png,1,Doubtful,test,49c28e8a995b1ecdc47d04e72a9b7c83
C:\Users\heman\Downloads\orthinx dataset\MedicalExpert-I\1Doubtful\DoubtfulG1 (453).png,1,Doubtful,val,ab707b66e83695b8dd9340e1386fab4f
C:\Users\heman\Downloads\orthinx dataset\MedicalExpert-I\1Doubtful\DoubtfulG1 (454).png,1,Doubtful,train,4a836b060cb62f3dd6ebf97160b26326
C:\Users\heman\Downloads\orthinx dataset\MedicalExpert-I\1Doubtful\DoubtfulG1 (455).png,1,Doubtful,val,f209c715bcb5723551105d670cf25fa3
C:\Users\heman\Downloads\orthinx dataset\MedicalExpert-I\1Doubtful\DoubtfulG1 (456).png,1,Doubtful,train,db812926574ec35334b0603bd080c72b
C:\Users\heman\Downloads\orthinx dataset\MedicalExpert-I\1Doubtful\DoubtfulG1 (457).png,1,Doubtful,val,290006fad466ce7afa0368194d30ed89
C:\Users\heman\Downloads\orthinx dataset\MedicalExpert-I\1Doubtful\DoubtfulG1 (458).png,1,Doubtful,val,4409554d9af1414375b0127cd08877ee
C:\Users\heman\Downloads\orthinx dataset\MedicalExpert-I\1Doubtful\DoubtfulG1 (459).png,1,Doubtful,train,f246329e809240fcfe5f95a0f0384ea0
C:\Users\heman\Downloads\orthinx dataset\MedicalExpert-I\1Doubtful\DoubtfulG1 (46).png,1,Doubtful,train,6d7f6e95a2ebbf4207d3f691171bfd7f
C:\Users\heman\Downloads\orthinx dataset\MedicalExpert-I\1Doubtful\DoubtfulG1 (460).png,1,Doubtful,train,08aff53549a8fb38b32271e059f4dcc2
C:\Users\heman\Downloads\orthinx dataset\MedicalExpert-I\1Doubtful\DoubtfulG1 (461).png,1,Doubtful,val,feb055fd99b92a33933782ba4812df77
C:\Users\heman\Downloads\orthinx dataset\MedicalExpert-I\1Doubtful\DoubtfulG1 (462).png,1,Doubtful,train,b353b1f0b0b5bbe3d493d19cb0d9fa36
C:\Users\heman\Downloads\orthinx dataset\MedicalExpert-I\1Doubtful\DoubtfulG1 (463).png,1,Doubtful,train,492fabea96576dcec1c74557092ef8b4
C:\Users\heman\Downloads\orthinx dataset\MedicalExpert-I\1Doubtful\DoubtfulG1 (464).png,1,Doubtful,train,52a66cb9a4b7a2c52817d41871002f08
C:\Users\heman\Downloads\orthinx dataset\MedicalExpert-I\1Doubtful\DoubtfulG1 (465).png,1,Doubtful,train,3e43e220130d5acedc489b8077bdb443
C:\Users\heman\Downloads\orthinx dataset\MedicalExpert-I\1Doubtful\DoubtfulG1 (466).png,1,Doubtful,val,61691dfd24016a4bf1ca0a57cba8a456
C:\Users\heman\Downloads\orthinx dataset\MedicalExpert-I\1Doubtful\DoubtfulG1 (467).png,1,Doubtful,train,4f48c841c84a25e239608d0e0b05dd06
C:\Users\heman\Downloads\orthinx dataset\MedicalExpert-I\1Doubtful\DoubtfulG1 (468).png,1,Doubtful,val,1d2eeea8bfa8b373eb520523c42dab34
C:\Users\heman\Downloads\orthinx dataset\MedicalExpert-I\1Doubtful\DoubtfulG1 (469).png,1,Doubtful,val,d4ad571e4d241783b7c89c81b13d5e90
C:\Users\heman\Downloads\orthinx dataset\MedicalExpert-I\1Doubtful\DoubtfulG1 (47).png,1,Doubtful,test,4302daee520d5614c25d2d6271f577a6
C:\Users\heman\Downloads\orthinx dataset\MedicalExpert-I\1Doubtful\DoubtfulG1 (470).png,1,Doubtful,train,301930c547513f8c04e0b1a060756b23
C:\Users\heman\Downloads\orthinx dataset\MedicalExpert-I\1Doubtful\DoubtfulG1 (471).png,1,Doubtful,train,955d57e7906c2e25c1ffbb3006101055
C:\Users\heman\Downloads\orthinx dataset\MedicalExpert-I\1Doubtful\DoubtfulG1 (472).png,1,Doubtful,test,89446add696d6146968ffdc01999ed71
C:\Users\heman\Downloads\orthinx dataset\MedicalExpert-I\1Doubtful\DoubtfulG1 (473).png,1,Doubtful,train,1b487ab9a56f5cafc859ebf2acf5f5fe
C:\Users\heman\Downloads\orthinx dataset\MedicalExpert-I\1Doubtful\DoubtfulG1 (474).png,1,Doubtful,train,8580681a628dfe479c1e365035fa262b
C:\Users\heman\Downloads\orthinx dataset\MedicalExpert-I\1Doubtful\DoubtfulG1 (475).png,1,Doubtful,train,675a2a403b04cb23acaef3c398e60aa5
C:\Users\heman\Downloads\orthinx dataset\MedicalExpert-I\1Doubtful\DoubtfulG1 (476).png,1,Doubtful,val,9d4b29826d489d0f4f01a183ebd732c7
C:\Users\heman\Downloads\orthinx dataset\MedicalExpert-I\1Doubtful\DoubtfulG1 (477).png,1,Doubtful,test,1c967f857ff0d84afb48f0d977f37168
C:\Users\heman\Downloads\orthinx dataset\MedicalExpert-I\1Doubtful\DoubtfulG1 (48).png,1,Doubtful,test,d20182646a956484d71d731ce15bf38a
C:\Users\heman\Downloads\orthinx dataset\MedicalExpert-I\1Doubtful\DoubtfulG1 (49).png,1,Doubtful,val,1945bd81e92d1be0f25ad571599af9c1
C:\Users\heman\Downloads\orthinx dataset\MedicalExpert-I\1Doubtful\DoubtfulG1 (5).png,1,Doubtful,train,d2a24fb5b74424d1583b44aff2e73a7a
C:\Users\heman\Downloads\orthinx dataset\MedicalExpert-I\1Doubtful\DoubtfulG1 (50).png,1,Doubtful,train,3349e9210151cd30e57b3ad48c58cda5
C:\Users\heman\Downloads\orthinx dataset\MedicalExpert-I\1Doubtful\DoubtfulG1 (51).png,1,Doubtful,test,d4495d447a602e98f9d8ededf29c6593
C:\Users\heman\Downloads\orthinx dataset\MedicalExpert-I\1Doubtful\DoubtfulG1 (52).png,1,Doubtful,train,5963692169bbeb045cf6e3ba5b8cf4ba
C:\Users\heman\Downloads\orthinx dataset\MedicalExpert-I\1Doubtful\DoubtfulG1 (53).png,1,Doubtful,train,55544f11a9d5be0d3c88259ee482cdf0
C:\Users\heman\Downloads\orthinx dataset\MedicalExpert-I\1Doubtful\DoubtfulG1 (54).png,1,Doubtful,train,db9e2c52f25f2c1076849fa99783e4e0
C:\Users\heman\Downloads\orthinx dataset\MedicalExpert-I\1Doubtful\DoubtfulG1 (55).png,1,Doubtful,train,6e661aac6f9b499aa2fe5ae346aff9c4
C:\Users\heman\Downloads\orthinx dataset\MedicalExpert-I\1Doubtful\DoubtfulG1 (56).png,1,Doubtful,test,0bbb53377f0b92d73aa45f2101edc252
C:\Users\heman\Downloads\orthinx dataset\MedicalExpert-I\1Doubtful\DoubtfulG1 (57).png,1,Doubtful,train,c1e483e585c5abf00d0f1f9f9027555b
C:\Users\heman\Downloads\orthinx dataset\MedicalExpert-I\1Doubtful\DoubtfulG1 (58).png,1,Doubtful,train,ccc951a65143039b2d899c5dbdcb1721
C:\Users\heman\Downloads\orthinx dataset\MedicalExpert-I\1Doubtful\DoubtfulG1 (59).png,1,Doubtful,train,731e4346a4ce03a0ba5b0e5db200c2bb
C:\Users\heman\Downloads\orthinx dataset\MedicalExpert-I\1Doubtful\DoubtfulG1 (6).png,1,Doubtful,val,a78576cb0d16f54df27bb8e37865f3c4
C:\Users\heman\Downloads\orthinx dataset\MedicalExpert-I\1Doubtful\DoubtfulG1 (60).png,1,Doubtful,val,059fb806cdeb30005fb806ba703dd2b3
C:\Users\heman\Downloads\orthinx dataset\MedicalExpert-I\1Doubtful\DoubtfulG1 (61).png,1,Doubtful,train,748d20f7a69e78e7368372265ad1a80d
C:\Users\heman\Downloads\orthinx dataset\MedicalExpert-I\1Doubtful\DoubtfulG1 (62).png,1,Doubtful,train,44d9b1293f62ba524964e9f39cf07689
C:\Users\heman\Downloads\orthinx dataset\MedicalExpert-I\1Doubtful\DoubtfulG1 (63).png,1,Doubtful,test,7e8f7196033c5a3e0db32edd6eb25cd2
C:\Users\heman\Downloads\orthinx dataset\MedicalExpert-I\1Doubtful\DoubtfulG1 (64).png,1,Doubtful,train,2272bce3198349848dc00d59026279bd
C:\Users\heman\Downloads\orthinx dataset\MedicalExpert-I\1Doubtful\DoubtfulG1 (65).png,1,Doubtful,test,79cefff5216da71efacf95276cfa4fd9
C:\Users\heman\Downloads\orthinx dataset\MedicalExpert-I\1Doubtful\DoubtfulG1 (66).png,1,Doubtful,train,55e2ad4c444a47ab562bf6576b310b7e
C:\Users\heman\Downloads\orthinx dataset\MedicalExpert-I\1Doubtful\DoubtfulG1 (67).png,1,Doubtful,train,785c1395219ebae8d89d98f1e06bbd12
C:\Users\heman\Downloads\orthinx dataset\MedicalExpert-I\1Doubtful\DoubtfulG1 (68).png,1,Doubtful,train,0380c4c9034a434fb231899d551cf9a9
C:\Users\heman\Downloads\orthinx dataset\MedicalExpert-I\1Doubtful\DoubtfulG1 (69).png,1,Doubtful,test,6e4232fa07d0d6f185530313a027e6c8
C:\Users\heman\Downloads\orthinx dataset\MedicalExpert-I\1Doubtful\DoubtfulG1 (7).png,1,Doubtful,train,e277fc2b0fd0b1822d5532b14f699246
C:\Users\heman\Downloads\orthinx dataset\MedicalExpert-I\1Doubtful\DoubtfulG1 (70).png,1,Doubtful,val,cb26b29a22f7746a3c00c0223dcf87ef
C:\Users\heman\Downloads\orthinx dataset\MedicalExpert-I\1Doubtful\DoubtfulG1 (71).png,1,Doubtful,train,9a521c767252b9dd0691991a49d6ad6e
C:\Users\heman\Downloads\orthinx dataset\MedicalExpert-I\1Doubtful\DoubtfulG1 (72).png,1,Doubtful,train,43e4b891dbc933cf5308f860733baab5
C:\Users\heman\Downloads\orthinx dataset\MedicalExpert-I\1Doubtful\DoubtfulG1 (73).png,1,Doubtful,train,ccee40415892e03af2e8b4ac42f9c9be
C:\Users\heman\Downloads\orthinx dataset\MedicalExpert-I\1Doubtful\DoubtfulG1 (74).png,1,Doubtful,train,7957910cdeaf950cff02d657b8ae9be2
C:\Users\heman\Downloads\orthinx dataset\MedicalExpert-I\1Doubtful\DoubtfulG1 (75).png,1,Doubtful,train,f63f42712a8045ec5a556366e981c862
C:\Users\heman\Downloads\orthinx dataset\MedicalExpert-I\1Doubtful\DoubtfulG1 (76).png,1,Doubtful,train,ccee40415892e03af2e8b4ac42f9c9be
C:\Users\heman\Downloads\orthinx dataset\MedicalExpert-I\1Doubtful\DoubtfulG1 (77).png,1,Doubtful,train,9970ca3fb373d41a8b198a0a40aede07
C:\Users\heman\Downloads\orthinx dataset\MedicalExpert-I\1Doubtful\DoubtfulG1 (78).png,1,Doubtful,train,29a5fa56562008bc1bfabfe0d0546d3f
C:\Users\heman\Downloads\orthinx dataset\MedicalExpert-I\1Doubtful\DoubtfulG1 (79).png,1,Doubtful,train,09546baf68b872a7bbe0da40cf28c3ea
C:\Users\heman\Downloads\orthinx dataset\MedicalExpert-I\1Doubtful\DoubtfulG1 (8).png,1,Doubtful,train,3b80075b39e6ab4bd60fe5c34bcffaa8
C:\Users\heman\Downloads\orthinx dataset\MedicalExpert-I\1Doubtful\DoubtfulG1 (80).png,1,Doubtful,train,74317b8eb7bff5ca483e3f18fd1e7eb0
C:\Users\heman\Downloads\orthinx dataset\MedicalExpert-I\1Doubtful\DoubtfulG1 (81).png,1,Doubtful,val,8ad11a6aad4335d7517971b66b3e0ba1
C:\Users\heman\Downloads\orthinx dataset\MedicalExpert-I\1Doubtful\DoubtfulG1 (82).png,1,Doubtful,train,54dc22588296d61aea374110dfd59f12
C:\Users\heman\Downloads\orthinx dataset\MedicalExpert-I\1Doubtful\DoubtfulG1 (83).png,1,Doubtful,train,1a005c1cb3f4c46ae96485795d13e755
C:\Users\heman\Downloads\orthinx dataset\MedicalExpert-I\1Doubtful\DoubtfulG1 (84).png,1,Doubtful,val,a7096a4535815610767f6835e9327a55
C:\Users\heman\Downloads\orthinx dataset\MedicalExpert-I\1Doubtful\DoubtfulG1 (85).png,1,Doubtful,train,f7ad2606e37f18ee7f7ba1623781bc2a
C:\Users\heman\Downloads\orthinx dataset\MedicalExpert-I\1Doubtful\DoubtfulG1 (86).png,1,Doubtful,test,c635edb48ef420f3446af686480c9a27
C:\Users\heman\Downloads\orthinx dataset\MedicalExpert-I\1Doubtful\DoubtfulG1 (87).png,1,Doubtful,train,7674e58d971c32463ee8f85a7cfbd9e2
C:\Users\heman\Downloads\orthinx dataset\MedicalExpert-I\1Doubtful\DoubtfulG1 (88).png,1,Doubtful,train,f8ca37be89704d4e6f40bc3dee0ef744
C:\Users\heman\Downloads\orthinx dataset\MedicalExpert-I\1Doubtful\DoubtfulG1 (89).png,1,Doubtful,test,1e9df9f0c1a63766030c6dc8cc1fc81a
C:\Users\heman\Downloads\orthinx dataset\MedicalExpert-I\1Doubtful\DoubtfulG1 (9).png,1,Doubtful,train,d1c214877ddbf8400eacbdd41dfbcc40
C:\Users\heman\Downloads\orthinx dataset\MedicalExpert-I\1Doubtful\DoubtfulG1 (90).png,1,Doubtful,train,0d246a978f05835b409eb3fdc9980cf3
C:\Users\heman\Downloads\orthinx dataset\MedicalExpert-I\1Doubtful\DoubtfulG1 (91).png,1,Doubtful,train,fdf6a075f7d549b6a4e496a798eeebc2
C:\Users\heman\Downloads\orthinx dataset\MedicalExpert-I\1Doubtful\DoubtfulG1 (92).png,1,Doubtful,train,12949c6a960979570d004237b0ce020a
C:\Users\heman\Downloads\orthinx dataset\MedicalExpert-I\1Doubtful\DoubtfulG1 (93).png,1,Doubtful,val,e1dcac2ff2de44471ba6d3d0b271033e
C:\Users\heman\Downloads\orthinx dataset\MedicalExpert-I\1Doubtful\DoubtfulG1 (94).png,1,Doubtful,train,b0cb1ed40608577ec94323cf8cf1409a
C:\Users\heman\Downloads\orthinx dataset\MedicalExpert-I\1Doubtful\DoubtfulG1 (95).png,1,Doubtful,train,08a5878c7158a4755df0adf215f88de3
C:\Users\heman\Downloads\orthinx dataset\MedicalExpert-I\1Doubtful\DoubtfulG1 (96).png,1,Doubtful,train,2ad8cf5ee8d4670d11ca5d4b73019568
C:\Users\heman\Downloads\orthinx dataset\MedicalExpert-I\1Doubtful\DoubtfulG1 (97).png,1,Doubtful,train,11cbe2da601f4c17124bbd016bb7a7bd
C:\Users\heman\Downloads\orthinx dataset\MedicalExpert-I\1Doubtful\DoubtfulG1 (98).png,1,Doubtful,test,17753a351c6ff5dba00bd73f34b3c77e
C:\Users\heman\Downloads\orthinx dataset\MedicalExpert-I\1Doubtful\DoubtfulG1 (99).png,1,Doubtful,train,728819e6878bac8a40ea5e4312c8aa68
C:\Users\heman\Downloads\orthinx dataset\MedicalExpert-I\2Mild\MildG2 (1).png,2,Mild,val,436941b274180ac1cd04ade230a9aac4
C:\Users\heman\Downloads\orthinx dataset\MedicalExpert-I\2Mild\MildG2 (10).png,2,Mild,train,0eddc8061cc6fc894f2519952565a1b3
C:\Users\heman\Downloads\orthinx dataset\MedicalExpert-I\2Mild\MildG2 (100).png,2,Mild,test,7fe1e2edfcc237c4372e55f8c94f4768
C:\Users\heman\Downloads\orthinx dataset\MedicalExpert-I\2Mild\MildG2 (101).png,2,Mild,train,bc9bca0472802481fc3358e04c29de53
C:\Users\heman\Downloads\orthinx dataset\MedicalExpert-I\2Mild\MildG2 (102).png,2,Mild,val,b18dcee58593ee0f64c8c5ea76225ca8
C:\Users\heman\Downloads\orthinx dataset\MedicalExpert-I\2Mild\MildG2 (103).png,2,Mild,train,11f042977d66f4b57c1632c0e62a2497
C:\Users\heman\Downloads\orthinx dataset\MedicalExpert-I\2Mild\MildG2 (104).png,2,Mild,train,6a7bafd62d90eb00f6478a101b6670cd
C:\Users\heman\Downloads\orthinx dataset\MedicalExpert-I\2Mild\MildG2 (105).png,2,Mild,train,7aa81a56789164edf698cb5033d0fb6f
C:\Users\heman\Downloads\orthinx dataset\MedicalExpert-I\2Mild\MildG2 (106).png,2,Mild,val,e31143937a4eb3329d2616c306d74165
C:\Users\heman\Downloads\orthinx dataset\MedicalExpert-I\2Mild\MildG2 (107).png,2,Mild,val,8be4a5756cfd6d9fd7dfbc0a15a353bf
C:\Users\heman\Downloads\orthinx dataset\MedicalExpert-I\2Mild\MildG2 (108).png,2,Mild,val,266b6d82ed53a279f53e9d333c08bcdc
C:\Users\heman\Downloads\orthinx dataset\MedicalExpert-I\2Mild\MildG2 (109).png,2,Mild,train,1c005a7266114fe339a0b4030ca126d0
C:\Users\heman\Downloads\orthinx dataset\MedicalExpert-I\2Mild\MildG2 (11).png,2,Mild,test,5ae86452ea86b42cad9190af7ce1c8d3
C:\Users\heman\Downloads\orthinx dataset\MedicalExpert-I\2Mild\MildG2 (110).png,2,Mild,train,bc9bca0472802481fc3358e04c29de53
C:\Users\heman\Downloads\orthinx dataset\MedicalExpert-I\2Mild\MildG2 (111).png,2,Mild,test,45b1cb3ac138c35f3153623e5e376018
C:\Users\heman\Downloads\orthinx dataset\MedicalExpert-I\2Mild\MildG2 (112).png,2,Mild,train,bb60dadcd9c8baf86d2c7e935b8407c3
C:\Users\heman\Downloads\orthinx dataset\MedicalExpert-I\2Mild\MildG2 (113).png,2,Mild,train,73405d06a44fc1b41aae838833fb3a54
C:\Users\heman\Downloads\orthinx dataset\MedicalExpert-I\2Mild\MildG2 (114).png,2,Mild,test,1e9a8386a5121f58d8fad96082175596
C:\Users\heman\Downloads\orthinx dataset\MedicalExpert-I\2Mild\MildG2 (115).png,2,Mild,train,9cd2f7f66d6e6202fe0d79da5b3e4b8b
C:\Users\heman\Downloads\orthinx dataset\MedicalExpert-I\2Mild\MildG2 (116).png,2,Mild,train,e812832377f9445e01bf6077ae1d6210
C:\Users\heman\Downloads\orthinx dataset\MedicalExpert-I\2Mild\MildG2 (117).png,2,Mild,train,eacf9cfdb37ce3b4360058a11a9ac3ae
C:\Users\heman\Downloads\orthinx dataset\MedicalExpert-I\2Mild\MildG2 (118).png,2,Mild,train,98a9f1073d5ffb7a16ca907d236c411d
C:\Users\heman\Downloads\orthinx dataset\MedicalExpert-I\2Mild\MildG2 (119).png,2,Mild,train,2f77a4622bc8a3322844b020e026f837
C:\Users\heman\Downloads\orthinx dataset\MedicalExpert-I\2Mild\MildG2 (12).png,2,Mild,train,991f22b7ac2869f350ce7881d3990d42
C:\Users\heman\Downloads\orthinx dataset\MedicalExpert-I\2Mild\MildG2 (120).png,2,Mild,train,468157d23d511adfa1499747fa88e55c
C:\Users\heman\Downloads\orthinx dataset\MedicalExpert-I\2Mild\MildG2 (121).png,2,Mild,train,1a60f996f10343113d2ea4a289ab399c
C:\Users\heman\Downloads\orthinx dataset\MedicalExpert-I\2Mild\MildG2 (122).png,2,Mild,train,bf2214cb84955533677f8cf781fb3fc3
C:\Users\heman\Downloads\orthinx dataset\MedicalExpert-I\2Mild\MildG2 (123).png,2,Mild,train,71cff54700461fa1c6470ce6561dfeae
C:\Users\heman\Downloads\orthinx dataset\MedicalExpert-I\2Mild\MildG2 (124).png,2,Mild,train,1ad330e6d833889ef1fcd75793f6cc34
C:\Users\heman\Downloads\orthinx dataset\MedicalExpert-I\2Mild\MildG2 (125).png,2,Mild,train,ca78baec3a68f6592cadb1e730eb3258
C:\Users\heman\Downloads\orthinx dataset\MedicalExpert-I\2Mild\MildG2 (126).png,2,Mild,test,167f8283eec33170971d638b0c71709d
C:\Users\heman\Downloads\orthinx dataset\MedicalExpert-I\2Mild\MildG2 (127).png,2,Mild,train,8ffb268d755b06a69e3592b26c1c1e9f
C:\Users\heman\Downloads\orthinx dataset\MedicalExpert-I\2Mild\MildG2 (128).png,2,Mild,train,9c3f40cb09c300a794285d591db926df
C:\Users\heman\Downloads\orthinx dataset\MedicalExpert-I\2Mild\MildG2 (129).png,2,Mild,train,4449b65570d33ccd5f97085e39cfddd7
C:\Users\heman\Downloads\orthinx dataset\MedicalExpert-I\2Mild\MildG2 (13).png,2,Mild,train,e06974bc7b279246a10cf9fe009fcb16
C:\Users\heman\Downloads\orthinx dataset\MedicalExpert-I\2Mild\MildG2 (130).png,2,Mild,test,e30ed316fedd0c5baa4343c534811041
C:\Users\heman\Downloads\orthinx dataset\MedicalExpert-I\2Mild\MildG2 (131).png,2,Mild,train,6f2870b8b4b96466885a290c9c686e8e
C:\Users\heman\Downloads\orthinx dataset\MedicalExpert-I\2Mild\MildG2 (132).png,2,Mild,test,fb3af3427eb792591ed3183a5f1b334b
C:\Users\heman\Downloads\orthinx dataset\MedicalExpert-I\2Mild\MildG2 (133).png,2,Mild,val,7b7159fd4ba025f75802a980efc2fa97
C:\Users\heman\Downloads\orthinx dataset\MedicalExpert-I\2Mild\MildG2 (134).png,2,Mild,train,0c0fc25fc4689d7bf642bb401b74df1b
C:\Users\heman\Downloads\orthinx dataset\MedicalExpert-I\2Mild\MildG2 (135).png,2,Mild,test,0f432b908669c41fc8b1ec5bd76f511c
C:\Users\heman\Downloads\orthinx dataset\MedicalExpert-I\2Mild\MildG2 (136).png,2,Mild,train,f18f68891d25dd8f42a64a648ab89b62
C:\Users\heman\Downloads\orthinx dataset\MedicalExpert-I\2Mild\MildG2 (137).png,2,Mild,train,db7fc511e30bc749e6f113ad68c2ce98
C:\Users\heman\Downloads\orthinx dataset\MedicalExpert-I\2Mild\MildG2 (138).png,2,Mild,train,e915c6070476691696f304781f30f6b1
C:\Users\heman\Downloads\orthinx dataset\MedicalExpert-I\2Mild\MildG2 (139).png,2,Mild,train,9367d2cbf2535a536ed99fffa181cb2f
C:\Users\heman\Downloads\orthinx dataset\MedicalExpert-I\2Mild\MildG2 (14).png,2,Mild,train,e46c6d7ce1a9c16c2bc8451d6ca3fb72
C:\Users\heman\Downloads\orthinx dataset\MedicalExpert-I\2Mild\MildG2 (140).png,2,Mild,train,bac8cd77cae6d3cf3c531f2dbc3e4b2c
C:\Users\heman\Downloads\orthinx dataset\MedicalExpert-I\2Mild\MildG2 (141).png,2,Mild,train,205e97feb415195da907610d69422603
C:\Users\heman\Downloads\orthinx dataset\MedicalExpert-I\2Mild\MildG2 (142).png,2,Mild,train,bfd131cf2a2521b2479f5cc525fd209f
C:\Users\heman\Downloads\orthinx dataset\MedicalExpert-I\2Mild\MildG2 (143).png,2,Mild,val,b458442e9af4fc22cb9ff231a8b32616
C:\Users\heman\Downloads\orthinx dataset\MedicalExpert-I\2Mild\MildG2 (144).png,2,Mild,train,c71ea97926ec65aa99e53962e403387f
C:\Users\heman\Downloads\orthinx dataset\MedicalExpert-I\2Mild\MildG2 (145).png,2,Mild,train,ae1000fda3b19dbd5f36f195c63f6bc4
C:\Users\heman\Downloads\orthinx dataset\MedicalExpert-I\2Mild\MildG2 (146).png,2,Mild,train,e8a50c22b0b3dcace6c340f29477ce90
C:\Users\heman\Downloads\orthinx dataset\MedicalExpert-I\2Mild\MildG2 (147).png,2,Mild,train,8547b34444b07eac356ebf1a12d5b821
C:\Users\heman\Downloads\orthinx dataset\MedicalExpert-I\2Mild\MildG2 (148).png,2,Mild,train,93a4efbb5ba8c25ce8f23e737526a92e
C:\Users\heman\Downloads\orthinx dataset\MedicalExpert-I\2Mild\MildG2 (149).png,2,Mild,train,2889bdf62402ca5fbb045efed886e1e0
C:\Users\heman\Downloads\orthinx dataset\MedicalExpert-I\2Mild\MildG2 (15).png,2,Mild,train,370c74e03758b8c95f4407851fdb1585
C:\Users\heman\Downloads\orthinx dataset\MedicalExpert-I\2Mild\MildG2 (150).png,2,Mild,train,248ecc848cf40c85415f7260ecc39378
C:\Users\heman\Downloads\orthinx dataset\MedicalExpert-I\2Mild\MildG2 (151).png,2,Mild,train,2f2f8c8e156ff60d9022cca0d8be94ae
C:\Users\heman\Downloads\orthinx dataset\MedicalExpert-I\2Mild\MildG2 (152).png,2,Mild,train,e3eb49876ad21635ba8e5c4fbce08838
C:\Users\heman\Downloads\orthinx dataset\MedicalExpert-I\2Mild\MildG2 (153).png,2,Mild,val,94e49960751ad2c92871a654d62841a9
C:\Users\heman\Downloads\orthinx dataset\MedicalExpert-I\2Mild\MildG2 (154).png,2,Mild,train,f7ebdc8c898d2937137ffc9f01ce41f2
C:\Users\heman\Downloads\orthinx dataset\MedicalExpert-I\2Mild\MildG2 (155).png,2,Mild,val,949bc02b18bc637ba58006fbdc9a4f7f
C:\Users\heman\Downloads\orthinx dataset\MedicalExpert-I\2Mild\MildG2 (156).png,2,Mild,val,c907f80408cdd6d45e7faa5237f6dee7
C:\Users\heman\Downloads\orthinx dataset\MedicalExpert-I\2Mild\MildG2 (157).png,2,Mild,test,a4adcf5f6c3617555545bae45980162e
C:\Users\heman\Downloads\orthinx dataset\MedicalExpert-I\2Mild\MildG2 (158).png,2,Mild,val,f24c6c244230596687389364978134c7
C:\Users\heman\Downloads\orthinx dataset\MedicalExpert-I\2Mild\MildG2 (159).png,2,Mild,train,96f095c1363f3a56c4129ef7d2b58148
C:\Users\heman\Downloads\orthinx dataset\MedicalExpert-I\2Mild\MildG2 (16).png,2,Mild,train,1268bd49d5d4065607ad53c5c931197e
C:\Users\heman\Downloads\orthinx dataset\MedicalExpert-I\2Mild\MildG2 (160).png,2,Mild,train,44bfae9e3b4cc5502fcd821e2f0a832a
C:\Users\heman\Downloads\orthinx dataset\MedicalExpert-I\2Mild\MildG2 (161).png,2,Mild,test,cdbac7810a9c35fb7d842b312eef9da8
C:\Users\heman\Downloads\orthinx dataset\MedicalExpert-I\2Mild\MildG2 (162).png,2,Mild,train,17dba91157d8a7e69a6ad1207f3d15eb
C:\Users\heman\Downloads\orthinx dataset\MedicalExpert-I\2Mild\MildG2 (163).png,2,Mild,train,8f17746dde7a0cb330c7af90d22edf0d
C:\Users\heman\Downloads\orthinx dataset\MedicalExpert-I\2Mild\MildG2 (164).png,2,Mild,test,48f5055a212e271ecbf348dab167e8df
C:\Users\heman\Downloads\orthinx dataset\MedicalExpert-I\2Mild\MildG2 (165).png,2,Mild,test,0c3376650e42b0615eb3940c85ee1c86
C:\Users\heman\Downloads\orthinx dataset\MedicalExpert-I\2Mild\MildG2 (166).png,2,Mild,train,f2218c5ef474afddf0c1cd25b387ff0c
C:\Users\heman\Downloads\orthinx dataset\MedicalExpert-I\2Mild\MildG2 (167).png,2,Mild,train,e71d9c0cd78fe2d02b0b48b346ed3164
C:\Users\heman\Downloads\orthinx dataset\MedicalExpert-I\2Mild\MildG2 (168).png,2,Mild,val,f4ab27afa2184321dd3eb49f4b59e66c
C:\Users\heman\Downloads\orthinx dataset\MedicalExpert-I\2Mild\MildG2 (169).png,2,Mild,val,e925a9ec6e46de805f113be89d602422
C:\Users\heman\Downloads\orthinx dataset\MedicalExpert-I\2Mild\MildG2 (17).png,2,Mild,test,a270ffee954bf1df797349cb1e8dd1e0
C:\Users\heman\Downloads\orthinx dataset\MedicalExpert-I\2Mild\MildG2 (170).png,2,Mild,train,543b88a0b71fdee010bd6bc6f6ed4db1
C:\Users\heman\Downloads\orthinx dataset\MedicalExpert-I\2Mild\MildG2 (171).png,2,Mild,train,34023d80eedc66e8b251f3a0d3d0f22f
C:\Users\heman\Downloads\orthinx dataset\MedicalExpert-I\2Mild\MildG2 (172).png,2,Mild,train,6f8cd3bb5c3983a12bf02fb33623c1a1
C:\Users\heman\Downloads\orthinx dataset\MedicalExpert-I\2Mild\MildG2 (173).png,2,Mild,train,df33b36c5533d92acd808c6e8df61c24
C:\Users\heman\Downloads\orthinx dataset\MedicalExpert-I\2Mild\MildG2 (174).png,2,Mild,test,45a1cc4dcda502edb4ae78375f0e9a51
C:\Users\heman\Downloads\orthinx dataset\MedicalExpert-I\2Mild\MildG2 (175).png,2,Mild,val,d37602eadd1919ac790fcbe8fa1e6ae6
C:\Users\heman\Downloads\orthinx dataset\MedicalExpert-I\2Mild\MildG2 (176).png,2,Mild,train,b1214b76fdf56be773bdba5e31ba0689
C:\Users\heman\Downloads\orthinx dataset\MedicalExpert-I\2Mild\MildG2 (177).png,2,Mild,train,62499f0d357774064950cb65c91ada50
C:\Users\heman\Downloads\orthinx dataset\MedicalExpert-I\2Mild\MildG2 (178).png,2,Mild,train,a27e0fce9291020dd08a091ad3097d72
C:\Users\heman\Downloads\orthinx dataset\MedicalExpert-I\2Mild\MildG2 (179).png,2,Mild,train,d448106afc11c2d974f21bcb5b2bf139
C:\Users\heman\Downloads\orthinx dataset\MedicalExpert-I\2Mild\MildG2 (18).png,2,Mild,train,094a989ddb07af6f09d9f6ff2bfbbde3
C:\Users\heman\Downloads\orthinx dataset\MedicalExpert-I\2Mild\MildG2 (180).png,2,Mild,train,66d549786c207bdac9fd6fe68ab0dd95
C:\Users\heman\Downloads\orthinx dataset\MedicalExpert-I\2Mild\MildG2 (181).png,2,Mild,train,a1d58938ecf078155cb13890c6b09b57
C:\Users\heman\Downloads\orthinx dataset\MedicalExpert-I\2Mild\MildG2 (182).png,2,Mild,train,fb7e1349ccd1e5f3c52ce59191af0b9a
C:\Users\heman\Downloads\orthinx dataset\MedicalExpert-I\2Mild\MildG2 (183).png,2,Mild,test,53b741a95b5653011cccf4bcefa6a282
C:\Users\heman\Downloads\orthinx dataset\MedicalExpert-I\2Mild\MildG2 (184).png,2,Mild,val,e9d09733fcabf4dc2d02c7ad24380080
C:\Users\heman\Downloads\orthinx dataset\MedicalExpert-I\2Mild\MildG2 (185).png,2,Mild,val,26f48b1e22287786f1446d32c8099a09
C:\Users\heman\Downloads\orthinx dataset\MedicalExpert-I\2Mild\MildG2 (186).png,2,Mild,train,440d9028d150bcce92467bdc924b7ce6
C:\Users\heman\Downloads\orthinx dataset\MedicalExpert-I\2Mild\MildG2 (187).png,2,Mild,train,d28576d824d648f7a35a78b48cf69054
C:\Users\heman\Downloads\orthinx dataset\MedicalExpert-I\2Mild\MildG2 (188).png,2,Mild,train,40231c72f839300baa067b530acd8cff
C:\Users\heman\Downloads\orthinx dataset\MedicalExpert-I\2Mild\MildG2 (189).png,2,Mild,train,0dd3d216016c736a1926b2e2f22291a5
C:\Users\heman\Downloads\orthinx dataset\MedicalExpert-I\2Mild\MildG2 (19).png,2,Mild,test,c98c2d1f0ee9d8c5180322552de9f026
C:\Users\heman\Downloads\orthinx dataset\MedicalExpert-I\2Mild\MildG2 (190).png,2,Mild,test,7c1f029e0b263853b138901eb0877359
C:\Users\heman\Downloads\orthinx dataset\MedicalExpert-I\2Mild\MildG2 (191).png,2,Mild,train,2675c4afe05f37a2b691262864dfa640
C:\Users\heman\Downloads\orthinx dataset\MedicalExpert-I\2Mild\MildG2 (192).png,2,Mild,train,90c24f6d4323ab1f96c302f4417511cc
C:\Users\heman\Downloads\orthinx dataset\MedicalExpert-I\2Mild\MildG2 (193).png,2,Mild,train,eb6681d407da58d754e463440d9d7b7c
C:\Users\heman\Downloads\orthinx dataset\MedicalExpert-I\2Mild\MildG2 (194).png,2,Mild,val,c2ef03cbdea4747138e2435bcbd53f7c
C:\Users\heman\Downloads\orthinx dataset\MedicalExpert-I\2Mild\MildG2 (195).png,2,Mild,train,adec7744d0ef4769375f7be8e0d03c88
C:\Users\heman\Downloads\orthinx dataset\MedicalExpert-I\2Mild\MildG2 (196).png,2,Mild,train,98b309a1fb36caa95877ab6b1efbea62
C:\Users\heman\Downloads\orthinx dataset\MedicalExpert-I\2Mild\MildG2 (197).png,2,Mild,train,8de1f7c65d0d82658fce8a4fe2eb9686
C:\Users\heman\Downloads\orthinx dataset\MedicalExpert-I\2Mild\MildG2 (198).png,2,Mild,train,da2bd176806cebe6f035b7ad4f86a8e8
C:\Users\heman\Downloads\orthinx dataset\MedicalExpert-I\2Mild\MildG2 (199).png,2,Mild,train,78fe1be0e9728228d66f66783a2f4024
C:\Users\heman\Downloads\orthinx dataset\MedicalExpert-I\2Mild\MildG2 (2).png,2,Mild,train,537643f14e0168df7c8ea6c2040146d3
C:\Users\heman\Downloads\orthinx dataset\MedicalExpert-I\2Mild\MildG2 (20).png,2,Mild,train,4edff6725f2e70695870ecdc2c42c54c
C:\Users\heman\Downloads\orthinx dataset\MedicalExpert-I\2Mild\MildG2 (200).png,2,Mild,train,4b1ab6b9727c9df21b0efa0bec69defd
C:\Users\heman\Downloads\orthinx dataset\MedicalExpert-I\2Mild\MildG2 (201).png,2,Mild,train,6aa9b407edb2140ed613dc00fc005698
C:\Users\heman\Downloads\orthinx dataset\MedicalExpert-I\2Mild\MildG2 (202).png,2,Mild,train,a418ca4e2b88fd8fb82ccd781fea8037
C:\Users\heman\Downloads\orthinx dataset\MedicalExpert-I\2Mild\MildG2 (203).png,2,Mild,train,7ca37f8f29b18368e82c6d14f16a4436
C:\Users\heman\Downloads\orthinx dataset\MedicalExpert-I\2Mild\MildG2 (204).png,2,Mild,val,a1520c54cacfa3222d9f999dbf20c41b
C:\Users\heman\Downloads\orthinx dataset\MedicalExpert-I\2Mild\MildG2 (205).png,2,Mild,train,783c0f4416f31ebf4a59ca1a44302601
C:\Users\heman\Downloads\orthinx dataset\MedicalExpert-I\2Mild\MildG2 (206).png,2,Mild,train,be41947fe4a0ba6032b4b3ed93d9153f
C:\Users\heman\Downloads\orthinx dataset\MedicalExpert-I\2Mild\MildG2 (207).png,2,Mild,val,097e47445fb6112f35392284289ad04f
C:\Users\heman\Downloads\orthinx dataset\MedicalExpert-I\2Mild\MildG2 (208).png,2,Mild,train,6a9166962a0a74e75e1e5c8deaae7c6d
C:\Users\heman\Downloads\orthinx dataset\MedicalExpert-I\2Mild\MildG2 (209).png,2,Mild,train,50bf995d2e869b4aed50fea6e179a5e7
C:\Users\heman\Downloads\orthinx dataset\MedicalExpert-I\2Mild\MildG2 (21).png,2,Mild,val,2dfc9f847d02225905687647969f9e47
C:\Users\heman\Downloads\orthinx dataset\MedicalExpert-I\2Mild\MildG2 (210).png,2,Mild,train,2cb20be9e7d61c906ad005b54e5daf00
C:\Users\heman\Downloads\orthinx dataset\MedicalExpert-I\2Mild\MildG2 (211).png,2,Mild,val,a1520c54cacfa3222d9f999dbf20c41b
C:\Users\heman\Downloads\orthinx dataset\MedicalExpert-I\2Mild\MildG2 (212).png,2,Mild,train,4c537682bf140b48034a35d7a775af85
C:\Users\heman\Downloads\orthinx dataset\MedicalExpert-I\2Mild\MildG2 (213).png,2,Mild,train,be41947fe4a0ba6032b4b3ed93d9153f
C:\Users\heman\Downloads\orthinx dataset\MedicalExpert-I\2Mild\MildG2 (214).png,2,Mild,val,cc1220c5992b952f7f8f82e99439c58e
C:\Users\heman\Downloads\orthinx dataset\MedicalExpert-I\2Mild\MildG2 (215).png,2,Mild,train,19a027feeb6ac29a8d2f4a044f9cbe59
C:\Users\heman\Downloads\orthinx dataset\MedicalExpert-I\2Mild\MildG2 (216).png,2,Mild,train,ac800875a761877d8098e034cff6bcf1
C:\Users\heman\Downloads\orthinx dataset\MedicalExpert-I\2Mild\MildG2 (217).png,2,Mild,train,e7f28778a8d61144194ea3c8c4e93bed
C:\Users\heman\Downloads\orthinx dataset\MedicalExpert-I\2Mild\MildG2 (218).png,2,Mild,val,b13e286033a09a311efaaaf6e11d18c6
C:\Users\heman\Downloads\orthinx dataset\MedicalExpert-I\2Mild\MildG2 (219).png,2,Mild,train,1dffa9a2447c1322cbb4716451f1d256
C:\Users\heman\Downloads\orthinx dataset\MedicalExpert-I\2Mild\MildG2 (22).png,2,Mild,val,dee1e124cbbb5958334686f1e0baf246
C:\Users\heman\Downloads\orthinx dataset\MedicalExpert-I\2Mild\MildG2 (220).png,2,Mild,train,60dd3600e91d3badf4cac8dd6ad99502
C:\Users\heman\Downloads\orthinx dataset\MedicalExpert-I\2Mild\MildG2 (221).png,2,Mild,test,5ae9452a76850e777b9bbb18ab99aeb9
C:\Users\heman\Downloads\orthinx dataset\MedicalExpert-I\2Mild\MildG2 (222).png,2,Mild,train,5eee5d1223807c589bc2605f98185be4
C:\Users\heman\Downloads\orthinx dataset\MedicalExpert-I\2Mild\MildG2 (223).png,2,Mild,train,3066e42cb15299d9f2c207e46175926e
C:\Users\heman\Downloads\orthinx dataset\MedicalExpert-I\2Mild\MildG2 (224).png,2,Mild,test,7c4a09606b16487b0f6066a759c26352
C:\Users\heman\Downloads\orthinx dataset\MedicalExpert-I\2Mild\MildG2 (225).png,2,Mild,test,a1035f9397a6a5906081fd0ddb3d01d4
C:\Users\heman\Downloads\orthinx dataset\MedicalExpert-I\2Mild\MildG2 (226).png,2,Mild,val,715bbd09b07ca60f2ace21f3fdcbe540
C:\Users\heman\Downloads\orthinx dataset\MedicalExpert-I\2Mild\MildG2 (227).png,2,Mild,train,8987d184c796f53b22315a351e6a96a2
C:\Users\heman\Downloads\orthinx dataset\MedicalExpert-I\2Mild\MildG2 (228).png,2,Mild,train,be903100f075262f7eed696a8c246012
C:\Users\heman\Downloads\orthinx dataset\MedicalExpert-I\2Mild\MildG2 (229).png,2,Mild,test,3a1da753da20533035bd4ffcd88451cb
C:\Users\heman\Downloads\orthinx dataset\MedicalExpert-I\2Mild\MildG2 (23).png,2,Mild,test,0919b26d9fe314de8060ac1219e92fcc
C:\Users\heman\Downloads\orthinx dataset\MedicalExpert-I\2Mild\MildG2 (230).png,2,Mild,train,906308d88d8ac6a09ee36845abd6d42a
C:\Users\heman\Downloads\orthinx dataset\MedicalExpert-I\2Mild\MildG2 (231).png,2,Mild,train,2301c93b44ced8dfd3dd25c94d6a0df3
C:\Users\heman\Downloads\orthinx dataset\MedicalExpert-I\2Mild\MildG2 (232).png,2,Mild,train,3d5ee6aefb82937a08508c3baa586a43
C:\Users\heman\Downloads\orthinx dataset\MedicalExpert-I\2Mild\MildG2 (24).png,2,Mild,train,06b1f9261ba05f228e8a3b0ee64ad4a3
C:\Users\heman\Downloads\orthinx dataset\MedicalExpert-I\2Mild\MildG2 (25).png,2,Mild,train,43d49bad915313735d764f5b7c59518b
C:\Users\heman\Downloads\orthinx dataset\MedicalExpert-I\2Mild\MildG2 (26).png,2,Mild,train,88cc6e201a171b18973f8766ba62af49
C:\Users\heman\Downloads\orthinx dataset\MedicalExpert-I\2Mild\MildG2 (27).png,2,Mild,val,413cf412079efb426f645a249a3183f6
C:\Users\heman\Downloads\orthinx dataset\MedicalExpert-I\2Mild\MildG2 (28).png,2,Mild,val,d5e873d180bff1670374e68d10f2072b
C:\Users\heman\Downloads\orthinx dataset\MedicalExpert-I\2Mild\MildG2 (29).png,2,Mild,test,147608ca242441caa1a72a3506cdab73
C:\Users\heman\Downloads\orthinx dataset\MedicalExpert-I\2Mild\MildG2 (3).png,2,Mild,train,d5a380aa8bc70ad4dbac631ac009c995
C:\Users\heman\Downloads\orthinx dataset\MedicalExpert-I\2Mild\MildG2 (30).png,2,Mild,test,7c4c21bb7ea6aec1b2d1fc4d2d321a52
C:\Users\heman\Downloads\orthinx dataset\MedicalExpert-I\2Mild\MildG2 (31).png,2,Mild,train,a6e4c88aceeb36232a7f493f6aad9b8f
C:\Users\heman\Downloads\orthinx dataset\MedicalExpert-I\2Mild\MildG2 (32).png,2,Mild,train,955cb110e3aa24bd03da3369b31010c8
C:\Users\heman\Downloads\orthinx dataset\MedicalExpert-I\2Mild\MildG2 (33).png,2,Mild,train,fc75153a06c81d5bed2e02e096f1044f
C:\Users\heman\Downloads\orthinx dataset\MedicalExpert-I\2Mild\MildG2 (34).png,2,Mild,train,1f9d817cc2f074d51a418dc140665d6d
C:\Users\heman\Downloads\orthinx dataset\MedicalExpert-I\2Mild\MildG2 (35).png,2,Mild,train,00f95a9df6678eda59de86f1a653fa6a
C:\Users\heman\Downloads\orthinx dataset\MedicalExpert-I\2Mild\MildG2 (36).png,2,Mild,train,f4ed6b99fc4ded5df1b2591b588b8422
C:\Users\heman\Downloads\orthinx dataset\MedicalExpert-I\2Mild\MildG2 (37).png,2,Mild,test,12eb4e12c9a39307eb1f3fdc2cf0ed3a
C:\Users\heman\Downloads\orthinx dataset\MedicalExpert-I\2Mild\MildG2 (38).png,2,Mild,test,4bfb32d0d733efc83e37b15cb97464fd
C:\Users\heman\Downloads\orthinx dataset\MedicalExpert-I\2Mild\MildG2 (39).png,2,Mild,val,68b3b361c92d6318e822560c464e2517
C:\Users\heman\Downloads\orthinx dataset\MedicalExpert-I\2Mild\MildG2 (4).png,2,Mild,train,bd66a4da1c99504fd7371accdd9f0797
C:\Users\heman\Downloads\orthinx dataset\MedicalExpert-I\2Mild\MildG2 (40).png,2,Mild,val,730d2c5728ca90841e8e6fb49b504eeb
C:\Users\heman\Downloads\orthinx dataset\MedicalExpert-I\2Mild\MildG2 (41).png,2,Mild,train,b8763b20b357e6cee3104e865dc5f71e
C:\Users\heman\Downloads\orthinx dataset\MedicalExpert-I\2Mild\MildG2 (42).png,2,Mild,train,ad790a496a2f0661a7d1bd6899baaf1b
C:\Users\heman\Downloads\orthinx dataset\MedicalExpert-I\2Mild\MildG2 (43).png,2,Mild,val,7da246e81397ced62cedba9dcf7f55be
C:\Users\heman\Downloads\orthinx dataset\MedicalExpert-I\2Mild\MildG2 (44).png,2,Mild,train,396e989ff370d5dc8f0632eac9f85ae3
C:\Users\heman\Downloads\orthinx dataset\MedicalExpert-I\2Mild\MildG2 (45).png,2,Mild,train,274523913e9c7c41d7c19731cf2e09e6
C:\Users\heman\Downloads\orthinx dataset\MedicalExpert-I\2Mild\MildG2 (46).png,2,Mild,train,e1d74efddf6e550e013cd79673fb496b
C:\Users\heman\Downloads\orthinx dataset\MedicalExpert-I\2Mild\MildG2 (47).png,2,Mild,val,667f9621d2e96f9fffbbf968a6789be3
C:\Users\heman\Downloads\orthinx dataset\MedicalExpert-I\2Mild\MildG2 (48).png,2,Mild,train,a717ea8035946a46753cd0136bd65b96
C:\Users\heman\Downloads\orthinx dataset\MedicalExpert-I\2Mild\MildG2 (49).png,2,Mild,train,0c13529fb7dd3f3fd9ca84992b2c2ad5
C:\Users\heman\Downloads\orthinx dataset\MedicalExpert-I\2Mild\MildG2 (5).png,2,Mild,train,8a3c94755e8450436158206c9bc9d33b
C:\Users\heman\Downloads\orthinx dataset\MedicalExpert-I\2Mild\MildG2 (50).png,2,Mild,train,533bcd4b1e102b366e75017215f9d1b3
C:\Users\heman\Downloads\orthinx dataset\MedicalExpert-I\2Mild\MildG2 (51).png,2,Mild,test,46c7cec050f9e45e2c3baefcd63ddaa5
C:\Users\heman\Downloads\orthinx dataset\MedicalExpert-I\2Mild\MildG2 (52).png,2,Mild,test,7388eed37f284289cb566accfde18829
C:\Users\heman\Downloads\orthinx dataset\MedicalExpert-I\2Mild\MildG2 (53).png,2,Mild,val,ad75667ef4f349338501f1f41c0ca7e9
C:\Users\heman\Downloads\orthinx dataset\MedicalExpert-I\2Mild\MildG2 (54).png,2,Mild,train,ff481644c0c2991273a4383cdc3fc45f
C:\Users\heman\Downloads\orthinx dataset\MedicalExpert-I\2Mild\MildG2 (55).png,2,Mild,train,c7d040593fb077454069ae6e48a5f471
C:\Users\heman\Downloads\orthinx dataset\MedicalExpert-I\2Mild\MildG2 (56).png,2,Mild,test,fd66e03a8ca6c2bfd43580273c31f30d
C:\Users\heman\Downloads\orthinx dataset\MedicalExpert-I\2Mild\MildG2 (57).png,2,Mild,train,975116cfdf7d8b33cef4aba30cfa7d8c
C:\Users\heman\Downloads\orthinx dataset\MedicalExpert-I\2Mild\MildG2 (58).png,2,Mild,train,0641a1e5f95285bf0649a265449058c3
C:\Users\heman\Downloads\orthinx dataset\MedicalExpert-I\2Mild\MildG2 (59).png,2,Mild,train,b967a706ccfb939940718494b6161178
C:\Users\heman\Downloads\orthinx dataset\MedicalExpert-I\2Mild\MildG2 (6).png,2,Mild,train,1c5b64ae9da62cc049245702996f928f
C:\Users\heman\Downloads\orthinx dataset\MedicalExpert-I\2Mild\MildG2 (60).png,2,Mild,train,3f528606e67b0d675e2f6478aa2854e2
C:\Users\heman\Downloads\orthinx dataset\MedicalExpert-I\2Mild\MildG2 (61).png,2,Mild,val,520063cad793becbd973ea9f388d0410
C:\Users\heman\Downloads\orthinx dataset\MedicalExpert-I\2Mild\MildG2 (62).png,2,Mild,train,80e906d03161f227bcfffac58f3f902e
C:\Users\heman\Downloads\orthinx dataset\MedicalExpert-I\2Mild\MildG2 (63).png,2,Mild,test,011f59f933a50937b1c463ee7d091369
C:\Users\heman\Downloads\orthinx dataset\MedicalExpert-I\2Mild\MildG2 (64).png,2,Mild,val,4fcc0175656b3fc6753fdf5f6e7bdfff
C:\Users\heman\Downloads\orthinx dataset\MedicalExpert-I\2Mild\MildG2 (65).png,2,Mild,train,7a958736597e5d4d57575bc8e67f72b0
C:\Users\heman\Downloads\orthinx dataset\MedicalExpert-I\2Mild\MildG2 (66).png,2,Mild,train,50629f163e4d3d5a08694572d448568b
C:\Users\heman\Downloads\orthinx dataset\MedicalExpert-I\2Mild\MildG2 (67).png,2,Mild,train,56212dac560ee49d09b716fcc175747b
C:\Users\heman\Downloads\orthinx dataset\MedicalExpert-I\2Mild\MildG2 (68).png,2,Mild,train,f77c453e6a5ed9bb610cd62816ae554f
C:\Users\heman\Downloads\orthinx dataset\MedicalExpert-I\2Mild\MildG2 (69).png,2,Mild,train,f3947a86a468f505ab1bb0c58361b2ef
C:\Users\heman\Downloads\orthinx dataset\MedicalExpert-I\2Mild\MildG2 (7).png,2,Mild,train,c376b4ff7fcb54250b1b2e1d8dfe67aa
C:\Users\heman\Downloads\orthinx dataset\MedicalExpert-I\2Mild\MildG2 (70).png,2,Mild,train,ae103bc825a95b21e76caf644cdb0e2c
C:\Users\heman\Downloads\orthinx dataset\MedicalExpert-I\2Mild\MildG2 (71).png,2,Mild,train,c625defe8cf24ca5adde4442c1f1e622
C:\Users\heman\Downloads\orthinx dataset\MedicalExpert-I\2Mild\MildG2 (72).png,2,Mild,train,77dc9be9884dfe24452d463617414cda
C:\Users\heman\Downloads\orthinx dataset\MedicalExpert-I\2Mild\MildG2 (73).png,2,Mild,train,0243c013afa2780c0b276c1a48c8c840
C:\Users\heman\Downloads\orthinx dataset\MedicalExpert-I\2Mild\MildG2 (74).png,2,Mild,train,f77c453e6a5ed9bb610cd62816ae554f
C:\Users\heman\Downloads\orthinx dataset\MedicalExpert-I\2Mild\MildG2 (75).png,2,Mild,train,29e56228005e87f27d336197366c227d
C:\Users\heman\Downloads\orthinx dataset\MedicalExpert-I\2Mild\MildG2 (76).png,2,Mild,train,39cf7a4d18cb960f2f3640ca47c66717
C:\Users\heman\Downloads\orthinx dataset\MedicalExpert-I\2Mild\MildG2 (77).png,2,Mild,train,01c145ce324019ff63bb57d1bce7049e
C:\Users\heman\Downloads\orthinx dataset\MedicalExpert-I\2Mild\MildG2 (78).png,2,Mild,train,14dbb547eb66b5248b13b26513b93bc8
C:\Users\heman\Downloads\orthinx dataset\MedicalExpert-I\2Mild\MildG2 (79).png,2,Mild,train,56212dac560ee49d09b716fcc175747b
C:\Users\heman\Downloads\orthinx dataset\MedicalExpert-I\2Mild\MildG2 (8).png,2,Mild,train,008f5d4465eaff97f978673793b16d41
C:\Users\heman\Downloads\orthinx dataset\MedicalExpert-I\2Mild\MildG2 (80).png,2,Mild,train,17ec6ba67271aab45fd9d4a8eb22ad6b
C:\Users\heman\Downloads\orthinx dataset\MedicalExpert-I\2Mild\MildG2 (81).png,2,Mild,train,213fd7fcce29190a9f7db4bb2e87780a
C:\Users\heman\Downloads\orthinx dataset\MedicalExpert-I\2Mild\MildG2 (82).png,2,Mild,train,52d880e008327d5f1aa9188c578ff55b
C:\Users\heman\Downloads\orthinx dataset\MedicalExpert-I\2Mild\MildG2 (83).png,2,Mild,test,8da5bbe7653bb60627883d493ad13d75
C:\Users\heman\Downloads\orthinx dataset\MedicalExpert-I\2Mild\MildG2 (84).png,2,Mild,train,008c7adcd26374985790386500fa316e
C:\Users\heman\Downloads\orthinx dataset\MedicalExpert-I\2Mild\MildG2 (85).png,2,Mild,train,8b81e3754e7f1ba22fbf1a30ab80c6de
C:\Users\heman\Downloads\orthinx dataset\MedicalExpert-I\2Mild\MildG2 (86).png,2,Mild,train,5a88656da83806430b73ebdf9a061ec5
C:\Users\heman\Downloads\orthinx dataset\MedicalExpert-I\2Mild\MildG2 (87).png,2,Mild,test,aa96018a4e16fcd2867e3a7d5f1e906e
C:\Users\heman\Downloads\orthinx dataset\MedicalExpert-I\2Mild\MildG2 (88).png,2,Mild,train,e8cff0d37b50fdb3e087ed8c5c73756c
C:\Users\heman\Downloads\orthinx dataset\MedicalExpert-I\2Mild\MildG2 (89).png,2,Mild,val,bd5637770a353508ae417593044402f8
C:\Users\heman\Downloads\orthinx dataset\MedicalExpert-I\2Mild\MildG2 (9).png,2,Mild,train,ea49f5e98048c712b329b6321fc725c1
C:\Users\heman\Downloads\orthinx dataset\MedicalExpert-I\2Mild\MildG2 (90).png,2,Mild,train,9e6d96c00ea04ee5ca637837d8a6f145
C:\Users\heman\Downloads\orthinx dataset\MedicalExpert-I\2Mild\MildG2 (91).png,2,Mild,train,c820f4074668aaa13f6a04102216c0d0
C:\Users\heman\Downloads\orthinx dataset\MedicalExpert-I\2Mild\MildG2 (92).png,2,Mild,train,6cbd50888b3812a499527300e2fef966
C:\Users\heman\Downloads\orthinx dataset\MedicalExpert-I\2Mild\MildG2 (93).png,2,Mild,train,8fbc3181c1040a40ee59f3deca917fcf
C:\Users\heman\Downloads\orthinx dataset\MedicalExpert-I\2Mild\MildG2 (94).png,2,Mild,train,67cf712f3b8799696190508d624b5290
C:\Users\heman\Downloads\orthinx dataset\MedicalExpert-I\2Mild\MildG2 (95).png,2,Mild,train,25e4628af060586fcbf2f8191c98a039
C:\Users\heman\Downloads\orthinx dataset\MedicalExpert-I\2Mild\MildG2 (96).png,2,Mild,train,d06892fa3170773c72e61ebaa0d0ab63
C:\Users\heman\Downloads\orthinx dataset\MedicalExpert-I\2Mild\MildG2 (97).png,2,Mild,test,f68532d8a6927dae0c415ce940958aa6
C:\Users\heman\Downloads\orthinx dataset\MedicalExpert-I\2Mild\MildG2 (98).png,2,Mild,test,916f5a12bd20e6a526426cc076fb0cb5
C:\Users\heman\Downloads\orthinx dataset\MedicalExpert-I\2Mild\MildG2 (99).png,2,Mild,train,8d92d1df5ee5b9e4b3916f42960b4f1f
C:\Users\heman\Downloads\orthinx dataset\MedicalExpert-I\3Moderate\ModerateG3 (1).png,3,Moderate,test,f1e2003d60b6dc1f6a4548ae7342d351
C:\Users\heman\Downloads\orthinx dataset\MedicalExpert-I\3Moderate\ModerateG3 (10).png,3,Moderate,train,4d4e1ace06bb4cad17e14669ef9fd0e6
C:\Users\heman\Downloads\orthinx dataset\MedicalExpert-I\3Moderate\ModerateG3 (100).png,3,Moderate,train,3bfac5d3843c88daf163f84a4b93ac44
C:\Users\heman\Downloads\orthinx dataset\MedicalExpert-I\3Moderate\ModerateG3 (101).png,3,Moderate,train,ab40327db5a3530a13f33e9023abdbb0
C:\Users\heman\Downloads\orthinx dataset\MedicalExpert-I\3Moderate\ModerateG3 (102).png,3,Moderate,train,151527a437cdf7941b9b0f580b791894
C:\Users\heman\Downloads\orthinx dataset\MedicalExpert-I\3Moderate\ModerateG3 (103).png,3,Moderate,train,24b78ff8caa4dcdb2b901b74e5e1468e
C:\Users\heman\Downloads\orthinx dataset\MedicalExpert-I\3Moderate\ModerateG3 (104).png,3,Moderate,val,57279e49b896766cc72f6b1d26d507fc
C:\Users\heman\Downloads\orthinx dataset\MedicalExpert-I\3Moderate\ModerateG3 (105).png,3,Moderate,test,ce2b5d84b361c83732f66f23a7b9bbf0
C:\Users\heman\Downloads\orthinx dataset\MedicalExpert-I\3Moderate\ModerateG3 (106).png,3,Moderate,train,ed6ab45c7f55b7b440e959601beafa1b
C:\Users\heman\Downloads\orthinx dataset\MedicalExpert-I\3Moderate\ModerateG3 (107).png,3,Moderate,val,3ddbb8095dc119a9473e037f7ff0a9a8
C:\Users\heman\Downloads\orthinx dataset\MedicalExpert-I\3Moderate\ModerateG3 (108).png,3,Moderate,train,94c25ffbf62063533ffd94257e0bf49f
C:\Users\heman\Downloads\orthinx dataset\MedicalExpert-I\3Moderate\ModerateG3 (109).png,3,Moderate,train,6da6b2bd391d3886d714190ab25ff6a6
C:\Users\heman\Downloads\orthinx dataset\MedicalExpert-I\3Moderate\ModerateG3 (11).png,3,Moderate,train,457c4ee54427ab75585ce942cb85f211
C:\Users\heman\Downloads\orthinx dataset\MedicalExpert-I\3Moderate\ModerateG3 (110).png,3,Moderate,train,eb074e6b83da8ab168a22b65c3bb56c5
C:\Users\heman\Downloads\orthinx dataset\MedicalExpert-I\3Moderate\ModerateG3 (111).png,3,Moderate,train,4623e848d82e422d4de8a1efd8d1b9f1
C:\Users\heman\Downloads\orthinx dataset\MedicalExpert-I\3Moderate\ModerateG3 (112).png,3,Moderate,train,8347046e41a37249e2f180c5b0e20f0f
C:\Users\heman\Downloads\orthinx dataset\MedicalExpert-I\3Moderate\ModerateG3 (113).png,3,Moderate,train,d81025dd527076ba0da275fc10ae6a6e
C:\Users\heman\Downloads\orthinx dataset\MedicalExpert-I\3Moderate\ModerateG3 (114).png,3,Moderate,val,b7e3226959775d6ac5fb191b54d9394b
C:\Users\heman\Downloads\orthinx dataset\MedicalExpert-I\3Moderate\ModerateG3 (115).png,3,Moderate,val,55ce42c7c172e8bf4e20e982003d099d
C:\Users\heman\Downloads\orthinx dataset\MedicalExpert-I\3Moderate\ModerateG3 (116).png,3,Moderate,train,3e8824a420c6ac6f0cd4a512d29bed72
C:\Users\heman\Downloads\orthinx dataset\MedicalExpert-I\3Moderate\ModerateG3 (117).png,3,Moderate,train,0efb7f037de705ebd5c6442631389743
C:\Users\heman\Downloads\orthinx dataset\MedicalExpert-I\3Moderate\ModerateG3 (118).png,3,Moderate,train,717b632054a825b17ebf6cad1d1dd214
C:\Users\heman\Downloads\orthinx dataset\MedicalExpert-I\3Moderate\ModerateG3 (119).png,3,Moderate,train,4e77572b4bdf9c19598d73ba0aa8bd2d
C:\Users\heman\Downloads\orthinx dataset\MedicalExpert-I\3Moderate\ModerateG3 (12).png,3,Moderate,train,923e6715ae25f8a2c6f57ff8d50b2be4
C:\Users\heman\Downloads\orthinx dataset\MedicalExpert-I\3Moderate\ModerateG3 (120).png,3,Moderate,train,2808711291f61e1e3294733122b271d2
C:\Users\heman\Downloads\orthinx dataset\MedicalExpert-I\3Moderate\ModerateG3 (121).png,3,Moderate,train,67d6d21628c6f09f57d6a56e3cd45a8e
C:\Users\heman\Downloads\orthinx dataset\MedicalExpert-I\3Moderate\ModerateG3 (122).png,3,Moderate,train,b169d5812dd0faf6a32cc7f70b6a6edf
C:\Users\heman\Downloads\orthinx dataset\MedicalExpert-I\3Moderate\ModerateG3 (123).png,3,Moderate,train,748f3566042c7b98a3a1514a23399df0
C:\Users\heman\Downloads\orthinx dataset\MedicalExpert-I\3Moderate\ModerateG3 (124).png,3,Moderate,val,066db5b107a2cc84c0c944e6a736e1ef
C:\Users\heman\Downloads\orthinx dataset\MedicalExpert-I\3Moderate\ModerateG3 (125).png,3,Moderate,val,95eab8cec008b3c003b68011c0f4876e
C:\Users\heman\Downloads\orthinx dataset\MedicalExpert-I\3Moderate\ModerateG3 (126).png,3,Moderate,train,f1904548889e68883610130b8766fd91
C:\Users\heman\Downloads\orthinx dataset\MedicalExpert-I\3Moderate\ModerateG3 (127).png,3,Moderate,test,3a600f5b93a4771ad99e63ad5ea97c0b
C:\Users\heman\Downloads\orthinx dataset\MedicalExpert-I\3Moderate\ModerateG3 (128).png,3,Moderate,train,d6111ae7f9e3aaba5b10d7c1a370af53
C:\Users\heman\Downloads\orthinx dataset\MedicalExpert-I\3Moderate\ModerateG3 (129).png,3,Moderate,train,2e8ff355e9d0d01013c6f7d9612a4119
C:\Users\heman\Downloads\orthinx dataset\MedicalExpert-I\3Moderate\ModerateG3 (13).png,3,Moderate,test,487cbef960c1b03ad552ca6e7de21dde
C:\Users\heman\Downloads\orthinx dataset\MedicalExpert-I\3Moderate\ModerateG3 (130).png,3,Moderate,train,39cbd8e452fe97ff07b3e746f05255ab
C:\Users\heman\Downloads\orthinx dataset\MedicalExpert-I\3Moderate\ModerateG3 (131).png,3,Moderate,train,99186ec79996b2ee6f1fa5e345c07c01
C:\Users\heman\Downloads\orthinx dataset\MedicalExpert-I\3Moderate\ModerateG3 (132).png,3,Moderate,train,91a41336a5b81e5471ce83eba305b1d5
C:\Users\heman\Downloads\orthinx dataset\MedicalExpert-I\3Moderate\ModerateG3 (133).png,3,Moderate,train,b24e7eb4a434f2cc7e98ee09abb7eee6
C:\Users\heman\Downloads\orthinx dataset\MedicalExpert-I\3Moderate\ModerateG3 (134).png,3,Moderate,train,34b10164d647ae195f38e6f99cd4e4dc
C:\Users\heman\Downloads\orthinx dataset\MedicalExpert-I\3Moderate\ModerateG3 (135).png,3,Moderate,train,21dfb991f8de0fb63a5262d0ee1b3632
C:\Users\heman\Downloads\orthinx dataset\MedicalExpert-I\3Moderate\ModerateG3 (136).png,3,Moderate,train,ea1c2b47d7d794dd6b5d713fed245a87
C:\Users\heman\Downloads\orthinx dataset\MedicalExpert-I\3Moderate\ModerateG3 (137).png,3,Moderate,train,3a6f0a007290abf7fa782af6926d7e76
C:\Users\heman\Downloads\orthinx dataset\MedicalExpert-I\3Moderate\ModerateG3 (138).png,3,Moderate,train,44eb2c513f0d3f6fe32db3057867bc68
C:\Users\heman\Downloads\orthinx dataset\MedicalExpert-I\3Moderate\ModerateG3 (139).png,3,Moderate,train,a9a2df2dbae3707b363b2252d4caabe8
C:\Users\heman\Downloads\orthinx dataset\MedicalExpert-I\3Moderate\ModerateG3 (14).png,3,Moderate,val,37f0295adfa1b5b0a01e9721586437f6
C:\Users\heman\Downloads\orthinx dataset\MedicalExpert-I\3Moderate\ModerateG3 (140).png,3,Moderate,train,061012c49a4dfd751b40bcc4b02fd8fa
C:\Users\heman\Downloads\orthinx dataset\MedicalExpert-I\3Moderate\ModerateG3 (141).png,3,Moderate,train,b75ae1dc32d43eeced48f4a1db859fcc
C:\Users\heman\Downloads\orthinx dataset\MedicalExpert-I\3Moderate\ModerateG3 (142).png,3,Moderate,test,1de6b0bb0f589cb086756d3feae7fbf7
C:\Users\heman\Downloads\orthinx dataset\MedicalExpert-I\3Moderate\ModerateG3 (143).png,3,Moderate,train,833997d25572b2f66dfdbb37d4284e7d
C:\Users\heman\Downloads\orthinx dataset\MedicalExpert-I\3Moderate\ModerateG3 (144).png,3,Moderate,val,4a7fdda7ddfeef39a1fab94b6e90e769
C:\Users\heman\Downloads\orthinx dataset\MedicalExpert-I\3Moderate\ModerateG3 (145).png,3,Moderate,train,b458dfd4e5523f8e84da578fc4ac4b63
C:\Users\heman\Downloads\orthinx dataset\MedicalExpert-I\3Moderate\ModerateG3 (146).png,3,Moderate,train,fc3fe34fd7cf58ca98917a05508c49bc
C:\Users\heman\Downloads\orthinx dataset\MedicalExpert-I\3Moderate\ModerateG3 (147).png,3,Moderate,test,c6acac3beddecb4aa55f249dac046478
C:\Users\heman\Downloads\orthinx dataset\MedicalExpert-I\3Moderate\ModerateG3 (148).png,3,Moderate,test,33ddbf8d1b5d829a729db18aeeb8dfd0
C:\Users\heman\Downloads\orthinx dataset\MedicalExpert-I\3Moderate\ModerateG3 (149).png,3,Moderate,train,fbdb20de5409344960d1dc45d5497c9a
C:\Users\heman\Downloads\orthinx dataset\MedicalExpert-I\3Moderate\ModerateG3 (15).png,3,Moderate,val,cf1afdfe01438717ee203f5ec3a7c0f1
C:\Users\heman\Downloads\orthinx dataset\MedicalExpert-I\3Moderate\ModerateG3 (150).png,3,Moderate,train,21a9a279c4800c474e34a841247cb476
C:\Users\heman\Downloads\orthinx dataset\MedicalExpert-I\3Moderate\ModerateG3 (151).png,3,Moderate,train,a735bd13a7bd53d7df6cb1f6afe47c17
C:\Users\heman\Downloads\orthinx dataset\MedicalExpert-I\3Moderate\ModerateG3 (152).png,3,Moderate,train,eb2426b6202750a7226735ea1a858d55
C:\Users\heman\Downloads\orthinx dataset\MedicalExpert-I\3Moderate\ModerateG3 (153).png,3,Moderate,train,2caa6da272d67939d5c2db5121f6b32b
C:\Users\heman\Downloads\orthinx dataset\MedicalExpert-I\3Moderate\ModerateG3 (154).png,3,Moderate,train,e1af73a7e9becfcb1e364abef76f65f2
C:\Users\heman\Downloads\orthinx dataset\MedicalExpert-I\3Moderate\ModerateG3 (155).png,3,Moderate,val,c2c336a13374bd3a7b64ac1a3c496e2b
C:\Users\heman\Downloads\orthinx dataset\MedicalExpert-I\3Moderate\ModerateG3 (156).png,3,Moderate,train,4855922d489a165b6c2e88f6270fdd7c
C:\Users\heman\Downloads\orthinx dataset\MedicalExpert-I\3Moderate\ModerateG3 (157).png,3,Moderate,test,fb2e68308e681f7f873a0d5a1a91a901
C:\Users\heman\Downloads\orthinx dataset\MedicalExpert-I\3Moderate\ModerateG3 (158).png,3,Moderate,train,3904bc98da30d02b55e48421444382cc
C:\Users\heman\Downloads\orthinx dataset\MedicalExpert-I\3Moderate\ModerateG3 (159).png,3,Moderate,test,5e23f1051ab12711bc557e08304bebc7
C:\Users\heman\Downloads\orthinx dataset\MedicalExpert-I\3Moderate\ModerateG3 (16).png,3,Moderate,train,634a023d1946b96883f95909d323ddc1
C:\Users\heman\Downloads\orthinx dataset\MedicalExpert-I\3Moderate\ModerateG3 (160).png,3,Moderate,train,2744acee6490e576581e1629349d85ca
C:\Users\heman\Downloads\orthinx dataset\MedicalExpert-I\3Moderate\ModerateG3 (161).png,3,Moderate,train,f0906bb8a5d382524fdc2c6bfb50cbc6
C:\Users\heman\Downloads\orthinx dataset\MedicalExpert-I\3Moderate\ModerateG3 (162).png,3,Moderate,train,644ce9aa043513cc179f5330553f6926
C:\Users\heman\Downloads\orthinx dataset\MedicalExpert-I\3Moderate\ModerateG3 (163).png,3,Moderate,test,3d21fc2d2f118df4b576755d1b4f30fe
C:\Users\heman\Downloads\orthinx dataset\MedicalExpert-I\3Moderate\ModerateG3 (164).png,3,Moderate,train,c668bfcb127ad93afa837008ea5d172d
C:\Users\heman\Downloads\orthinx dataset\MedicalExpert-I\3Moderate\ModerateG3 (165).png,3,Moderate,test,0d7f918f4326a29739a6598bb79c7b33
C:\Users\heman\Downloads\orthinx dataset\MedicalExpert-I\3Moderate\ModerateG3 (166).png,3,Moderate,train,1b723af241bdca58e85015be550c9d17
C:\Users\heman\Downloads\orthinx dataset\MedicalExpert-I\3Moderate\ModerateG3 (167).png,3,Moderate,train,157a16427e5f22150cffca1cd7c86e28
C:\Users\heman\Downloads\orthinx dataset\MedicalExpert-I\3Moderate\ModerateG3 (168).png,3,Moderate,train,a122a22c8593e64fcb2e06b6f7bdbe76
C:\Users\heman\Downloads\orthinx dataset\MedicalExpert-I\3Moderate\ModerateG3 (169).png,3,Moderate,test,66fc063743563b6441e21a8f787a0948
C:\Users\heman\Downloads\orthinx dataset\MedicalExpert-I\3Moderate\ModerateG3 (17).png,3,Moderate,train,6f367bcc5971647c6cd0bc9c048b76fa
C:\Users\heman\Downloads\orthinx dataset\MedicalExpert-I\3Moderate\ModerateG3 (170).png,3,Moderate,train,ea4608fa564d479e7dc1974562ca584e
C:\Users\heman\Downloads\orthinx dataset\MedicalExpert-I\3Moderate\ModerateG3 (171).png,3,Moderate,train,1fe800c6334de9d387eb3138dc88e2f8
C:\Users\heman\Downloads\orthinx dataset\MedicalExpert-I\3Moderate\ModerateG3 (172).png,3,Moderate,train,132d3b769c48dad182b35220d8fc20f2
C:\Users\heman\Downloads\orthinx dataset\MedicalExpert-I\3Moderate\ModerateG3 (173).png,3,Moderate,train,82ab90313250be67f733898cc1530901
C:\Users\heman\Downloads\orthinx dataset\MedicalExpert-I\3Moderate\ModerateG3 (174).png,3,Moderate,train,e1a5c0c8b63010d72d33ea1d2e176f4b
C:\Users\heman\Downloads\orthinx dataset\MedicalExpert-I\3Moderate\ModerateG3 (175).png,3,Moderate,val,3931153ae1457fe0fcc3fdc0440b4dbd
C:\Users\heman\Downloads\orthinx dataset\MedicalExpert-I\3Moderate\ModerateG3 (176).png,3,Moderate,train,33443228a72efaa5141cc20fdef8df96
C:\Users\heman\Downloads\orthinx dataset\MedicalExpert-I\3Moderate\ModerateG3 (177).png,3,Moderate,val,21008172cda9b62090f79fb37ad29507
C:\Users\heman\Downloads\orthinx dataset\MedicalExpert-I\3Moderate\ModerateG3 (178).png,3,Moderate,val,7801d958897dbec907eec544ebe466e1
C:\Users\heman\Downloads\orthinx dataset\MedicalExpert-I\3Moderate\ModerateG3 (179).png,3,Moderate,train,9d6de15de812720e4b50a85a9a019315
C:\Users\heman\Downloads\orthinx dataset\MedicalExpert-I\3Moderate\ModerateG3 (18).png,3,Moderate,train,d5d61a017cc6d59aa6b65fa4b184c4ab
C:\Users\heman\Downloads\orthinx dataset\MedicalExpert-I\3Moderate\ModerateG3 (180).png,3,Moderate,train,c2173214d96035dd278e11881db67d3f
C:\Users\heman\Downloads\orthinx dataset\MedicalExpert-I\3Moderate\ModerateG3 (181).png,3,Moderate,test,31e3f0481d90755f064b31dcd5f571a1
C:\Users\heman\Downloads\orthinx dataset\MedicalExpert-I\3Moderate\ModerateG3 (182).png,3,Moderate,test,d2fe021ccd53c74dd237a66658a2d113
C:\Users\heman\Downloads\orthinx dataset\MedicalExpert-I\3Moderate\ModerateG3 (183).png,3,Moderate,train,314c2f6f635cf473815e46a71b9bc1ce
C:\Users\heman\Downloads\orthinx dataset\MedicalExpert-I\3Moderate\ModerateG3 (184).png,3,Moderate,train,df90197db942df4e850120f8acde90fb
C:\Users\heman\Downloads\orthinx dataset\MedicalExpert-I\3Moderate\ModerateG3 (185).png,3,Moderate,test,cf35f2ffe042323303e61c89970c2f9a
C:\Users\heman\Downloads\orthinx dataset\MedicalExpert-I\3Moderate\ModerateG3 (186).png,3,Moderate,val,b2f724e48610249ce5033fa7911ac519
C:\Users\heman\Downloads\orthinx dataset\MedicalExpert-I\3Moderate\ModerateG3 (187).png,3,Moderate,train,640ff6807fde3d734677b767404f7525
C:\Users\heman\Downloads\orthinx dataset\MedicalExpert-I\3Moderate\ModerateG3 (188).png,3,Moderate,train,c0eda42d1bcf4ed521bf0de140f3a324
C:\Users\heman\Downloads\orthinx dataset\MedicalExpert-I\3Moderate\ModerateG3 (189).png,3,Moderate,train,5155aeaff74b4c271af800bdb043e322
C:\Users\heman\Downloads\orthinx dataset\MedicalExpert-I\3Moderate\ModerateG3 (19).png,3,Moderate,train,73d702471e3a4db5e6c3dbfb727a884c
C:\Users\heman\Downloads\orthinx dataset\MedicalExpert-I\3Moderate\ModerateG3 (190).png,3,Moderate,train,26cb9528ebc912f4e241fcc6cdaac78d
C:\Users\heman\Downloads\orthinx dataset\MedicalExpert-I\3Moderate\ModerateG3 (191).png,3,Moderate,val,cf5d877086f54b75ae517aec343c1a7a
C:\Users\heman\Downloads\orthinx dataset\MedicalExpert-I\3Moderate\ModerateG3 (192).png,3,Moderate,train,3dd7e76500b11622b0f8f6dc4d03c980
C:\Users\heman\Downloads\orthinx dataset\MedicalExpert-I\3Moderate\ModerateG3 (193).png,3,Moderate,train,bbde3f58770f5b37f933c3eeef7aaa4b
C:\Users\heman\Downloads\orthinx dataset\MedicalExpert-I\3Moderate\ModerateG3 (194).png,3,Moderate,train,efd19a402d722f06a09d04bc0aba4be0
C:\Users\heman\Downloads\orthinx dataset\MedicalExpert-I\3Moderate\ModerateG3 (195).png,3,Moderate,train,3a5d3794947c735537343d683f35c0ec
C:\Users\heman\Downloads\orthinx dataset\MedicalExpert-I\3Moderate\ModerateG3 (196).png,3,Moderate,train,3990a8077eb1d501f8645d4f0211ed17
C:\Users\heman\Downloads\orthinx dataset\MedicalExpert-I\3Moderate\ModerateG3 (197).png,3,Moderate,train,eb29c3e1ae664270bf41abec327067b7
C:\Users\heman\Downloads\orthinx dataset\MedicalExpert-I\3Moderate\ModerateG3 (198).png,3,Moderate,test,9935b8a1ac6a9091169ec63c21081bdd
C:\Users\heman\Downloads\orthinx dataset\MedicalExpert-I\3Moderate\ModerateG3 (199).png,3,Moderate,train,778198eea1561925ed7bde140ae0cbf1
C:\Users\heman\Downloads\orthinx dataset\MedicalExpert-I\3Moderate\ModerateG3 (2).png,3,Moderate,train,a5c50068739c11f60aa0e99912db1c21
C:\Users\heman\Downloads\orthinx dataset\MedicalExpert-I\3Moderate\ModerateG3 (20).png,3,Moderate,val,461f2fc5545f4e0f17b0f64a8d5d397b
C:\Users\heman\Downloads\orthinx dataset\MedicalExpert-I\3Moderate\ModerateG3 (200).png,3,Moderate,val,f933f8f3ae9c830133aa0066887c812d
C:\Users\heman\Downloads\orthinx dataset\MedicalExpert-I\3Moderate\ModerateG3 (201).png,3,Moderate,test,7d7c23f404772712370a5f62485cb930
C:\Users\heman\Downloads\orthinx dataset\MedicalExpert-I\3Moderate\ModerateG3 (202).png,3,Moderate,train,ffb39ab981b135d01db5209a1ec1e110
C:\Users\heman\Downloads\orthinx dataset\MedicalExpert-I\3Moderate\ModerateG3 (203).png,3,Moderate,train,f0dc21fa5616728d830149fd3d0513bd
C:\Users\heman\Downloads\orthinx dataset\MedicalExpert-I\3Moderate\ModerateG3 (204).png,3,Moderate,train,d3bcda36c7507e88112e09dea191298b
C:\Users\heman\Downloads\orthinx dataset\MedicalExpert-I\3Moderate\ModerateG3 (205).png,3,Moderate,train,354fc17206c743abdcaba9ac0588179b
C:\Users\heman\Downloads\orthinx dataset\MedicalExpert-I\3Moderate\ModerateG3 (206).png,3,Moderate,train,f0dc21fa5616728d830149fd3d0513bd
C:\Users\heman\Downloads\orthinx dataset\MedicalExpert-I\3Moderate\ModerateG3 (207).png,3,Moderate,train,354fc17206c743abdcaba9ac0588179b
C:\Users\heman\Downloads\orthinx dataset\MedicalExpert-I\3Moderate\ModerateG3 (208).png,3,Moderate,train,f0dc21fa5616728d830149fd3d0513bd
C:\Users\heman\Downloads\orthinx dataset\MedicalExpert-I\3Moderate\ModerateG3 (209).png,3,Moderate,val,c319d79c86408fa52e6e44c449badabb
C:\Users\heman\Downloads\orthinx dataset\MedicalExpert-I\3Moderate\ModerateG3 (21).png,3,Moderate,train,32cdf31190bbff04b334ae94908eab43
C:\Users\heman\Downloads\orthinx dataset\MedicalExpert-I\3Moderate\ModerateG3 (210).png,3,Moderate,train,354fc17206c743abdcaba9ac0588179b
C:\Users\heman\Downloads\orthinx dataset\MedicalExpert-I\3Moderate\ModerateG3 (211).png,3,Moderate,train,b6fa20edafb99619abe93b5bb4b99a2e
C:\Users\heman\Downloads\orthinx dataset\MedicalExpert-I\3Moderate\ModerateG3 (212).png,3,Moderate,train,921d39defcf6461193261911e1d61a22
C:\Users\heman\Downloads\orthinx dataset\MedicalExpert-I\3Moderate\ModerateG3 (213).png,3,Moderate,val,92b4536b5aac0f4c7ace2b27fe23c4b3
C:\Users\heman\Downloads\orthinx dataset\MedicalExpert-I\3Moderate\ModerateG3 (214).png,3,Moderate,train,169a621f352b2356a55c5f2fe7b105cf
C:\Users\heman\Downloads\orthinx dataset\MedicalExpert-I\3Moderate\ModerateG3 (215).png,3,Moderate,train,21e0330b549860d5dc2135948a75accf
C:\Users\heman\Downloads\orthinx dataset\MedicalExpert-I\3Moderate\ModerateG3 (216).png,3,Moderate,train,dabaaa8a4a151609c67cbf2a946e3b57
C:\Users\heman\Downloads\orthinx dataset\MedicalExpert-I\3Moderate\ModerateG3 (217).png,3,Moderate,train,21e0330b549860d5dc2135948a75accf
C:\Users\heman\Downloads\orthinx dataset\MedicalExpert-I\3Moderate\ModerateG3 (218).png,3,Moderate,train,38e995ad7c4b07372a687493acffba76
C:\Users\heman\Downloads\orthinx dataset\MedicalExpert-I\3Moderate\ModerateG3 (219).png,3,Moderate,val,1be2a007b1f77c979dce12559d8d5402
C:\Users\heman\Downloads\orthinx dataset\MedicalExpert-I\3Moderate\ModerateG3 (22).png,3,Moderate,train,76ef3fe029eca8e36de67394deed4d45
C:\Users\heman\Downloads\orthinx dataset\MedicalExpert-I\3Moderate\ModerateG3 (220).png,3,Moderate,test,0b4c756277720be504cee7c0915270a1
C:\Users\heman\Downloads\orthinx dataset\MedicalExpert-I\3Moderate\ModerateG3 (221).png,3,Moderate,val,cd843df5159b5fdb4131a3dff0ab91b9
C:\Users\heman\Downloads\orthinx dataset\MedicalExpert-I\3Moderate\ModerateG3 (23).png,3,Moderate,train,ec5f823337c398c43b3a32db53c6b2c3
C:\Users\heman\Downloads\orthinx dataset\MedicalExpert-I\3Moderate\ModerateG3 (24).png,3,Moderate,train,9d70e160cb7b4ec1a5a36e3260590160
C:\Users\heman\Downloads\orthinx dataset\MedicalExpert-I\3Moderate\ModerateG3 (25).png,3,Moderate,val,489803bfb1992b3f41ed19a2c039a9d7
C:\Users\heman\Downloads\orthinx dataset\MedicalExpert-I\3Moderate\ModerateG3 (26).png,3,Moderate,train,c9ac4def793afe5ab8e12d780f973185
C:\Users\heman\Downloads\orthinx dataset\MedicalExpert-I\3Moderate\ModerateG3 (27).png,3,Moderate,train,bf35f87d5d06002f9416d84d75c01fb1
C:\Users\heman\Downloads\orthinx dataset\MedicalExpert-I\3Moderate\ModerateG3 (28).png,3,Moderate,train,34f996ed6fe817df9c33e2b3bb88dfad
C:\Users\heman\Downloads\orthinx dataset\MedicalExpert-I\3Moderate\ModerateG3 (29).png,3,Moderate,train,9714ff8f35598e0b0bfcdb88469ee25b
C:\Users\heman\Downloads\orthinx dataset\MedicalExpert-I\3Moderate\ModerateG3 (3).png,3,Moderate,train,a535113c895f1a3187eda881f48b0715
C:\Users\heman\Downloads\orthinx dataset\MedicalExpert-I\3Moderate\ModerateG3 (30).png,3,Moderate,train,e11bff78803ce8f728ca15608b3ca5d1
C:\Users\heman\Downloads\orthinx dataset\MedicalExpert-I\3Moderate\ModerateG3 (31).png,3,Moderate,test,31d758d79dc7648ca8ec46b13df33634
C:\Users\heman\Downloads\orthinx dataset\MedicalExpert-I\3Moderate\ModerateG3 (32).png,3,Moderate,train,21d9e51b6901accb1f8fe306af99a6dc
C:\Users\heman\Downloads\orthinx dataset\MedicalExpert-I\3Moderate\ModerateG3 (33).png,3,Moderate,test,5024149962729f2b05e225a70b58a699
C:\Users\heman\Downloads\orthinx dataset\MedicalExpert-I\3Moderate\ModerateG3 (34).png,3,Moderate,train,16571cf6b338ecf342171cd0213570b5
C:\Users\heman\Downloads\orthinx dataset\MedicalExpert-I\3Moderate\ModerateG3 (35).png,3,Moderate,train,f57c68d85d291d31dafd22d94aef2ddc
C:\Users\heman\Downloads\orthinx dataset\MedicalExpert-I\3Moderate\ModerateG3 (36).png,3,Moderate,train,18aeaa8223879c7860991f6bff9172da
C:\Users\heman\Downloads\orthinx dataset\MedicalExpert-I\3Moderate\ModerateG3 (37).png,3,Moderate,train,af89a63d88b1f376cfbac2c5e2a4c339
C:\Users\heman\Downloads\orthinx dataset\MedicalExpert-I\3Moderate\ModerateG3 (38).png,3,Moderate,train,c774fcf7e770d510fc95dac4e6f0b778
C:\Users\heman\Downloads\orthinx dataset\MedicalExpert-I\3Moderate\ModerateG3 (39).png,3,Moderate,train,1e34cb6ba0a60b51444506595625242c
C:\Users\heman\Downloads\orthinx dataset\MedicalExpert-I\3Moderate\ModerateG3 (4).png,3,Moderate,train,fa14fe2e564a2ebc754ffae5704734a1
C:\Users\heman\Downloads\orthinx dataset\MedicalExpert-I\3Moderate\ModerateG3 (40).png,3,Moderate,train,d380b429ed94875c4695158a9993c022
C:\Users\heman\Downloads\orthinx dataset\MedicalExpert-I\3Moderate\ModerateG3 (41).png,3,Moderate,val,ccfdb8679d7f6602a33800b18a2c60de
C:\Users\heman\Downloads\orthinx dataset\MedicalExpert-I\3Moderate\ModerateG3 (42).png,3,Moderate,train,cf029f615545c6800782ff5a52df2112
C:\Users\heman\Downloads\orthinx dataset\MedicalExpert-I\3Moderate\ModerateG3 (43).png,3,Moderate,train,07570087da9bede4ee446299f2c8e77a
C:\Users\heman\Downloads\orthinx dataset\MedicalExpert-I\3Moderate\ModerateG3 (44).png,3,Moderate,train,e231874c495f48a4970bf9ee905c5284
C:\Users\heman\Downloads\orthinx dataset\MedicalExpert-I\3Moderate\ModerateG3 (45).png,3,Moderate,val,101036bf31395a97d049d275598d333d
C:\Users\heman\Downloads\orthinx dataset\MedicalExpert-I\3Moderate\ModerateG3 (46).png,3,Moderate,train,af89a63d88b1f376cfbac2c5e2a4c339
C:\Users\heman\Downloads\orthinx dataset\MedicalExpert-I\3Moderate\ModerateG3 (47).png,3,Moderate,val,719dab92b84a0f99fc2d00818b878a32
C:\Users\heman\Downloads\orthinx dataset\MedicalExpert-I\3Moderate\ModerateG3 (48).png,3,Moderate,val,719dab92b84a0f99fc2d00818b878a32
C:\Users\heman\Downloads\orthinx dataset\MedicalExpert-I\3Moderate\ModerateG3 (49).png,3,Moderate,train,727daac395800bb0f8e2b970853ddfa6
C:\Users\heman\Downloads\orthinx dataset\MedicalExpert-I\3Moderate\ModerateG3 (5).png,3,Moderate,train,c98c3d0a0d7107fbcfac747c6a7c38d8
C:\Users\heman\Downloads\orthinx dataset\MedicalExpert-I\3Moderate\ModerateG3 (50).png,3,Moderate,train,9c77ede824db088f2939f75c4fc38b55
C:\Users\heman\Downloads\orthinx dataset\MedicalExpert-I\3Moderate\ModerateG3 (51).png,3,Moderate,test,4c8d8edbcf54ef3d9856e0befda048d7
C:\Users\heman\Downloads\orthinx dataset\MedicalExpert-I\3Moderate\ModerateG3 (52).png,3,Moderate,train,e966e52607f3175bc4a594abd5777a50
C:\Users\heman\Downloads\orthinx dataset\MedicalExpert-I\3Moderate\ModerateG3 (53).png,3,Moderate,train,197966450c08f5afb3557bda480ca10e
C:\Users\heman\Downloads\orthinx dataset\MedicalExpert-I\3Moderate\ModerateG3 (54).png,3,Moderate,train,84e4e9eaf267037d81ce9eab76aeb92c
C:\Users\heman\Downloads\orthinx dataset\MedicalExpert-I\3Moderate\ModerateG3 (55).png,3,Moderate,test,3cc981503d909998c0e4566b643d35b6
C:\Users\heman\Downloads\orthinx dataset\MedicalExpert-I\3Moderate\ModerateG3 (56).png,3,Moderate,train,73d3324fdddb6d11f35408ddedf4a752
C:\Users\heman\Downloads\orthinx dataset\MedicalExpert-I\3Moderate\ModerateG3 (57).png,3,Moderate,val,8037c4783b384f243b20b64c0f022514
C:\Users\heman\Downloads\orthinx dataset\MedicalExpert-I\3Moderate\ModerateG3 (58).png,3,Moderate,train,29040d2c6a980194e769f1fc190e8a1e
C:\Users\heman\Downloads\orthinx dataset\MedicalExpert-I\3Moderate\ModerateG3 (59).png,3,Moderate,train,f1b5ba58ed8bc4de7d59b337e53b0cd2
C:\Users\heman\Downloads\orthinx dataset\MedicalExpert-I\3Moderate\ModerateG3 (6).png,3,Moderate,train,f102c621aba0820d5ed84fb8557f1eba
C:\Users\heman\Downloads\orthinx dataset\MedicalExpert-I\3Moderate\ModerateG3 (60).png,3,Moderate,val,94298a5b8e9b7bb519c81439034bf365
C:\Users\heman\Downloads\orthinx dataset\MedicalExpert-I\3Moderate\ModerateG3 (61).png,3,Moderate,test,b40e51189653e572cf697250ef1eb39f
C:\Users\heman\Downloads\orthinx dataset\MedicalExpert-I\3Moderate\ModerateG3 (62).png,3,Moderate,train,11ab6afdf4c13de660c840ed490c8ac4
C:\Users\heman\Downloads\orthinx dataset\MedicalExpert-I\3Moderate\ModerateG3 (63).png,3,Moderate,test,f1d63176d012486544dcfeb455bc6706
C:\Users\heman\Downloads\orthinx dataset\MedicalExpert-I\3Moderate\ModerateG3 (64).png,3,Moderate,train,107890285fe11251d962a288b6bb5d1b
C:\Users\heman\Downloads\orthinx dataset\MedicalExpert-I\3Moderate\ModerateG3 (65).png,3,Moderate,train,4b3bd1bb62e0d6bcca72f8aa3927fc00
C:\Users\heman\Downloads\orthinx dataset\MedicalExpert-I\3Moderate\ModerateG3 (66).png,3,Moderate,val,341bf4b8921d92b5ff13d7c3e9a3c941
C:\Users\heman\Downloads\orthinx dataset\MedicalExpert-I\3Moderate\ModerateG3 (67).png,3,Moderate,test,b2691bb6587a072faefaed19e50a0316
C:\Users\heman\Downloads\orthinx dataset\MedicalExpert-I\3Moderate\ModerateG3 (68).png,3,Moderate,test,1ad077a51db5fe816cdaebcecf9d2857
C:\Users\heman\Downloads\orthinx dataset\MedicalExpert-I\3Moderate\ModerateG3 (69).png,3,Moderate,train,2f6489a51b7a72ece7abc53ff67960bc
C:\Users\heman\Downloads\orthinx dataset\MedicalExpert-I\3Moderate\ModerateG3 (7).png,3,Moderate,train,d95a64aa1c8be13de756c0f850b2afe6
C:\Users\heman\Downloads\orthinx dataset\MedicalExpert-I\3Moderate\ModerateG3 (70).png,3,Moderate,test,43464edbe31f09f94d31551f29851ff9
C:\Users\heman\Downloads\orthinx dataset\MedicalExpert-I\3Moderate\ModerateG3 (71).png,3,Moderate,train,b6b1d781fd9ef366a2ac8119fddc847e
C:\Users\heman\Downloads\orthinx dataset\MedicalExpert-I\3Moderate\ModerateG3 (72).png,3,Moderate,train,16f1baf81d0933109e0f212f23e8ecca
C:\Users\heman\Downloads\orthinx dataset\MedicalExpert-I\3Moderate\ModerateG3 (73).png,3,Moderate,val,ce2718fcbcec91d87e60d3333b42586e
C:\Users\heman\Downloads\orthinx dataset\MedicalExpert-I\3Moderate\ModerateG3 (74).png,3,Moderate,train,995ad704861b1c573ec137519038c3c4
C:\Users\heman\Downloads\orthinx dataset\MedicalExpert-I\3Moderate\ModerateG3 (75).png,3,Moderate,train,787d281c9da1c151e1dffdfc8757afd2
C:\Users\heman\Downloads\orthinx dataset\MedicalExpert-I\3Moderate\ModerateG3 (76).png,3,Moderate,val,2b8aad2970b7ca6c335dba7c6a0f1354
C:\Users\heman\Downloads\orthinx dataset\MedicalExpert-I\3Moderate\ModerateG3 (77).png,3,Moderate,train,4d84841d4544ebb9df456574d4092b19
C:\Users\heman\Downloads\orthinx dataset\MedicalExpert-I\3Moderate\ModerateG3 (78).png,3,Moderate,test,a3db9f3e817dadfbe35e6038fc70da07
C:\Users\heman\Downloads\orthinx dataset\MedicalExpert-I\3Moderate\ModerateG3 (79).png,3,Moderate,train,d1143979660e4a343505c648b6378d18
C:\Users\heman\Downloads\orthinx dataset\MedicalExpert-I\3Moderate\ModerateG3 (8).png,3,Moderate,train,f5c567b560a313696107aec5bde4db53
C:\Users\heman\Downloads\orthinx dataset\MedicalExpert-I\3Moderate\ModerateG3 (80).png,3,Moderate,val,1385e871b0d47266c5ecbe7b401f454b
C:\Users\heman\Downloads\orthinx dataset\MedicalExpert-I\3Moderate\ModerateG3 (81).png,3,Moderate,test,be5e8ca7102ed6ff16973bbdd3acc878
C:\Users\heman\Downloads\orthinx dataset\MedicalExpert-I\3Moderate\ModerateG3 (82).png,3,Moderate,train,ae14fe64c0b69b5a753b6bd72d833fe6
C:\Users\heman\Downloads\orthinx dataset\MedicalExpert-I\3Moderate\ModerateG3 (83).png,3,Moderate,train,1a60e2c7f392b72a789886d4b479e622
C:\Users\heman\Downloads\orthinx dataset\MedicalExpert-I\3Moderate\ModerateG3 (84).png,3,Moderate,train,873aaabd375c0773822f67e12dda178d
C:\Users\heman\Downloads\orthinx dataset\MedicalExpert-I\3Moderate\ModerateG3 (85).png,3,Moderate,train,970db0f6762cdd045e4d4c226e37e57c
C:\Users\heman\Downloads\orthinx dataset\MedicalExpert-I\3Moderate\ModerateG3 (86).png,3,Moderate,test,113b3664c7431b22ebb578ef68cc34c9
C:\Users\heman\Downloads\orthinx dataset\MedicalExpert-I\3Moderate\ModerateG3 (87).png,3,Moderate,train,6358d7654287dcc6aabb539784836844
C:\Users\heman\Downloads\orthinx dataset\MedicalExpert-I\3Moderate\ModerateG3 (88).png,3,Moderate,test,f66b451aa9678071f04b29123519d439
C:\Users\heman\Downloads\orthinx dataset\MedicalExpert-I\3Moderate\ModerateG3 (89).png,3,Moderate,test,f66b451aa9678071f04b29123519d439
C:\Users\heman\Downloads\orthinx dataset\MedicalExpert-I\3Moderate\ModerateG3 (9).png,3,Moderate,train,840effad09327bd05b86831965c812be
C:\Users\heman\Downloads\orthinx dataset\MedicalExpert-I\3Moderate\ModerateG3 (90).png,3,Moderate,train,5ac1a188e88222ea4044d519c7012c67
C:\Users\heman\Downloads\orthinx dataset\MedicalExpert-I\3Moderate\ModerateG3 (91).png,3,Moderate,train,b7cabd850341f72856f772190d2d7224
C:\Users\heman\Downloads\orthinx dataset\MedicalExpert-I\3Moderate\ModerateG3 (92).png,3,Moderate,train,f7c04af5d3d4811fc942d4faf931663c
C:\Users\heman\Downloads\orthinx dataset\MedicalExpert-I\3Moderate\ModerateG3 (93).png,3,Moderate,val,9b1fad132609781e27ea314b24754235
C:\Users\heman\Downloads\orthinx dataset\MedicalExpert-I\3Moderate\ModerateG3 (94).png,3,Moderate,train,9b2ba56447ac50e2b76ba766730b919c
C:\Users\heman\Downloads\orthinx dataset\MedicalExpert-I\3Moderate\ModerateG3 (95).png,3,Moderate,train,830b5ab386ebe4646483825332de4184
C:\Users\heman\Downloads\orthinx dataset\MedicalExpert-I\3Moderate\ModerateG3 (96).png,3,Moderate,train,be4c4baf1d8b1ec2cf23f886e8b34757
C:\Users\heman\Downloads\orthinx dataset\MedicalExpert-I\3Moderate\ModerateG3 (97).png,3,Moderate,train,bfcd4663fc0252ff6983accc22a5210f
C:\Users\heman\Downloads\orthinx dataset\MedicalExpert-I\3Moderate\ModerateG3 (98).png,3,Moderate,train,17c1423e3813ca897368c8c1a7551e4f
C:\Users\heman\Downloads\orthinx dataset\MedicalExpert-I\3Moderate\ModerateG3 (99).png,3,Moderate,test,d133f595d2e303ab1c9e4a6d7f569ca8
C:\Users\heman\Downloads\orthinx dataset\MedicalExpert-I\4Severe\SevereG4 (1).png,4,Severe,train,87747df878169604719403af03c1f2e4
C:\Users\heman\Downloads\orthinx dataset\MedicalExpert-I\4Severe\SevereG4 (10).png,4,Severe,train,1d5d73f1b3797e8859c62b28b5673ded
C:\Users\heman\Downloads\orthinx dataset\MedicalExpert-I\4Severe\SevereG4 (100).png,4,Severe,train,f1b9de14a73480111bb6f1304042bf4b
C:\Users\heman\Downloads\orthinx dataset\MedicalExpert-I\4Severe\SevereG4 (101).png,4,Severe,test,463df2a822e0f1ea972a23b51f764734
C:\Users\heman\Downloads\orthinx dataset\MedicalExpert-I\4Severe\SevereG4 (102).png,4,Severe,train,5d5d9e2bbb9601a0d57a462332cd4480
C:\Users\heman\Downloads\orthinx dataset\MedicalExpert-I\4Severe\SevereG4 (103).png,4,Severe,train,60ee5e41cb251793a47ed54100b44d9f
C:\Users\heman\Downloads\orthinx dataset\MedicalExpert-I\4Severe\SevereG4 (104).png,4,Severe,test,f380cf58cf65938c3825402a380f3836
C:\Users\heman\Downloads\orthinx dataset\MedicalExpert-I\4Severe\SevereG4 (105).png,4,Severe,train,994fd32ea705baec5ac2286a04158425
C:\Users\heman\Downloads\orthinx dataset\MedicalExpert-I\4Severe\SevereG4 (106).png,4,Severe,train,5f0e0bff469cbb31dc69ef69fd39ca7f
C:\Users\heman\Downloads\orthinx dataset\MedicalExpert-I\4Severe\SevereG4 (107).png,4,Severe,test,4fca3dfe5db3f1f7af40c8405035f5e8
C:\Users\heman\Downloads\orthinx dataset\MedicalExpert-I\4Severe\SevereG4 (108).png,4,Severe,train,fb466018a070bd9c4b90d56c2c9e38cb
C:\Users\heman\Downloads\orthinx dataset\MedicalExpert-I\4Severe\SevereG4 (109).png,4,Severe,test,7a48dbe9a6e136a45d9c623c426dad2d
C:\Users\heman\Downloads\orthinx dataset\MedicalExpert-I\4Severe\SevereG4 (11).png,4,Severe,val,40134be89310512c2f1aa02c6d2cf68f
C:\Users\heman\Downloads\orthinx dataset\MedicalExpert-I\4Severe\SevereG4 (110).png,4,Severe,val,ab7fc1aa1179fbdef3194293ce810eed
C:\Users\heman\Downloads\orthinx dataset\MedicalExpert-I\4Severe\SevereG4 (111).png,4,Severe,test,303ac1a28d668518e04b460e4ee83c7d
C:\Users\heman\Downloads\orthinx dataset\MedicalExpert-I\4Severe\SevereG4 (112).png,4,Severe,val,ab594b1334ee4e48145b30f622e73a10
C:\Users\heman\Downloads\orthinx dataset\MedicalExpert-I\4Severe\SevereG4 (113).png,4,Severe,test,b94a5cbf4e842c07e02d3f03e12f9623
C:\Users\heman\Downloads\orthinx dataset\MedicalExpert-I\4Severe\SevereG4 (114).png,4,Severe,val,3bdc0b1ec47737797d93c1d1b314b015
C:\Users\heman\Downloads\orthinx dataset\MedicalExpert-I\4Severe\SevereG4 (115).png,4,Severe,train,f744bb2a8aaf291a20e4a0bf0651523d
C:\Users\heman\Downloads\orthinx dataset\MedicalExpert-I\4Severe\SevereG4 (116).png,4,Severe,train,eb16d0f5f3ebb39b3ee48be87b6cd921
C:\Users\heman\Downloads\orthinx dataset\MedicalExpert-I\4Severe\SevereG4 (117).png,4,Severe,train,964744a6975909554eb9110b7c83f3f5
C:\Users\heman\Downloads\orthinx dataset\MedicalExpert-I\4Severe\SevereG4 (118).png,4,Severe,train,ac8853332f14417b5e19e146ea7a11d5
C:\Users\heman\Downloads\orthinx dataset\MedicalExpert-I\4Severe\SevereG4 (119).png,4,Severe,train,e27b702ed5495f77a1a4152f8b193c3f
C:\Users\heman\Downloads\orthinx dataset\MedicalExpert-I\4Severe\SevereG4 (12).png,4,Severe,train,b02820c6d29fe174102949aac362aa89
C:\Users\heman\Downloads\orthinx dataset\MedicalExpert-I\4Severe\SevereG4 (120).png,4,Severe,val,7aab1f9ff6df954d99a11598877127f1
C:\Users\heman\Downloads\orthinx dataset\MedicalExpert-I\4Severe\SevereG4 (121).png,4,Severe,val,6e4864217567438e2d5e3256d3dc6e25
C:\Users\heman\Downloads\orthinx dataset\MedicalExpert-I\4Severe\SevereG4 (122).png,4,Severe,train,d60bfcafdf242763b04cf754d76a7e25
C:\Users\heman\Downloads\orthinx dataset\MedicalExpert-I\4Severe\SevereG4 (123).png,4,Severe,train,ccc1c91c20ca36186a989e3bdc02cc0a
C:\Users\heman\Downloads\orthinx dataset\MedicalExpert-I\4Severe\SevereG4 (124).png,4,Severe,train,50eba5f02ab629a1e433a4ca0d7d2721
C:\Users\heman\Downloads\orthinx dataset\MedicalExpert-I\4Severe\SevereG4 (125).png,4,Severe,train,517779050e48b0845f0708b72851243d
C:\Users\heman\Downloads\orthinx dataset\MedicalExpert-I\4Severe\SevereG4 (126).png,4,Severe,train,399319a4a59f864052359c788b36091c
C:\Users\heman\Downloads\orthinx dataset\MedicalExpert-I\4Severe\SevereG4 (127).png,4,Severe,val,fa0358105e23162a8c46b078f194875b
C:\Users\heman\Downloads\orthinx dataset\MedicalExpert-I\4Severe\SevereG4 (128).png,4,Severe,train,1f332b0154a268313d8add1eb94b1fa8
C:\Users\heman\Downloads\orthinx dataset\MedicalExpert-I\4Severe\SevereG4 (129).png,4,Severe,test,31007b8c191cf5ddeb461eb68269cd31
C:\Users\heman\Downloads\orthinx dataset\MedicalExpert-I\4Severe\SevereG4 (13).png,4,Severe,train,cdea8aec28a9a6d41e76d85b12b4ab62
C:\Users\heman\Downloads\orthinx dataset\MedicalExpert-I\4Severe\SevereG4 (130).png,4,Severe,train,5019ed9e0c2992707021cce5550de7e1
C:\Users\heman\Downloads\orthinx dataset\MedicalExpert-I\4Severe\SevereG4 (131).png,4,Severe,val,e95297ddd04c840b4f4eff56db1922f7
C:\Users\heman\Downloads\orthinx dataset\MedicalExpert-I\4Severe\SevereG4 (132).png,4,Severe,train,a6acbd96c834b74cc503297645dc320d
C:\Users\heman\Downloads\orthinx dataset\MedicalExpert-I\4Severe\SevereG4 (133).png,4,Severe,val,1b2c1a971a69e7adee281b5d39dac080
C:\Users\heman\Downloads\orthinx dataset\MedicalExpert-I\4Severe\SevereG4 (134).png,4,Severe,train,2afbcaa132be9fb87e2e5a3076006a06
C:\Users\heman\Downloads\orthinx dataset\MedicalExpert-I\4Severe\SevereG4 (135).png,4,Severe,train,5ebc1a29d5bfb782fe692b4f316b3c93
C:\Users\heman\Downloads\orthinx dataset\MedicalExpert-I\4Severe\SevereG4 (136).png,4,Severe,train,6d7721555a99767dc0326be5b63d61bd
C:\Users\heman\Downloads\orthinx dataset\MedicalExpert-I\4Severe\SevereG4 (137).png,4,Severe,train,f9a0c69f91a02f7c93e41812df47816f
C:\Users\heman\Downloads\orthinx dataset\MedicalExpert-I\4Severe\SevereG4 (138).png,4,Severe,train,f4cd1e62a80883bec4431e63c0b0b652
C:\Users\heman\Downloads\orthinx dataset\MedicalExpert-I\4Severe\SevereG4 (139).png,4,Severe,val,f34606801e5bcfb187062ddb5f1fdf64
C:\Users\heman\Downloads\orthinx dataset\MedicalExpert-I\4Severe\SevereG4 (14).png,4,Severe,train,79066f587b778989c68febbb0b8ecd0d
C:\Users\heman\Downloads\orthinx dataset\MedicalExpert-I\4Severe\SevereG4 (140).png,4,Severe,test,7b3cf43afb05c08e40dce7ea7bb2ace6
C:\Users\heman\Downloads\orthinx dataset\MedicalExpert-I\4Severe\SevereG4 (141).png,4,Severe,train,8607793823523a6db71d4aa7fc22ec58
C:\Users\heman\Downloads\orthinx dataset\MedicalExpert-I\4Severe\SevereG4 (142).png,4,Severe,train,959491ec4f5c469fe7546837145cda60
C:\Users\heman\Downloads\orthinx dataset\MedicalExpert-I\4Severe\SevereG4 (143).png,4,Severe,train,729fc748424cbbeaa9da887581345e55
C:\Users\heman\Downloads\orthinx dataset\MedicalExpert-I\4Severe\SevereG4 (144).png,4,Severe,train,d940e28345fa9fc8763a97a9072e4377
C:\Users\heman\Downloads\orthinx dataset\MedicalExpert-I\4Severe\SevereG4 (145).png,4,Severe,train,d7cf806dc526b930b3e54eb43e632787
C:\Users\heman\Downloads\orthinx dataset\MedicalExpert-I\4Severe\SevereG4 (146).png,4,Severe,train,fedb28e068ba80dd9831431d420d4822
C:\Users\heman\Downloads\orthinx dataset\MedicalExpert-I\4Severe\SevereG4 (147).png,4,Severe,train,728bed975f06a3e1eb63ef15918f50a5
C:\Users\heman\Downloads\orthinx dataset\MedicalExpert-I\4Severe\SevereG4 (148).png,4,Severe,test,6d49f8ed72ae6e82192e5d7dad30c73a
C:\Users\heman\Downloads\orthinx dataset\MedicalExpert-I\4Severe\SevereG4 (149).png,4,Severe,train,6334ff6e54343e90bc82c7fd42eb3a1a
C:\Users\heman\Downloads\orthinx dataset\MedicalExpert-I\4Severe\SevereG4 (15).png,4,Severe,train,1b2b6ff075cb531007154dd05d17def0
C:\Users\heman\Downloads\orthinx dataset\MedicalExpert-I\4Severe\SevereG4 (150).png,4,Severe,train,8938ab431ae629ff3d847733c3917988
C:\Users\heman\Downloads\orthinx dataset\MedicalExpert-I\4Severe\SevereG4 (151).png,4,Severe,val,60528bc07c02f7fe233b5862fe3f5999
C:\Users\heman\Downloads\orthinx dataset\MedicalExpert-I\4Severe\SevereG4 (152).png,4,Severe,train,8cbe46353441cc5a9d7d34960aedda1f
C:\Users\heman\Downloads\orthinx dataset\MedicalExpert-I\4Severe\SevereG4 (153).png,4,Severe,train,ca76aba69304b13c2e1f157b0775ae5a
C:\Users\heman\Downloads\orthinx dataset\MedicalExpert-I\4Severe\SevereG4 (154).png,4,Severe,train,68aca5ec34d2456fb3d465008e6ab2f7
C:\Users\heman\Downloads\orthinx dataset\MedicalExpert-I\4Severe\SevereG4 (155).png,4,Severe,train,959c249628aa7e3d672c68a1ca9d941a
C:\Users\heman\Downloads\orthinx dataset\MedicalExpert-I\4Severe\SevereG4 (156).png,4,Severe,train,23e49f2cd1437a4756487e30f924e847
C:\Users\heman\Downloads\orthinx dataset\MedicalExpert-I\4Severe\SevereG4 (157).png,4,Severe,train,909db7a173cdccff38f2d4b3328369a8
C:\Users\heman\Downloads\orthinx dataset\MedicalExpert-I\4Severe\SevereG4 (158).png,4,Severe,train,940e3a25aceacd0dcbc1871e64236cf8
C:\Users\heman\Downloads\orthinx dataset\MedicalExpert-I\4Severe\SevereG4 (159).png,4,Severe,train,a897235d97565644627e14af45752a35
C:\Users\heman\Downloads\orthinx dataset\MedicalExpert-I\4Severe\SevereG4 (16).png,4,Severe,train,c593ca40efceacc9b1084f2c5a8723e0
C:\Users\heman\Downloads\orthinx dataset\MedicalExpert-I\4Severe\SevereG4 (160).png,4,Severe,train,e241b3ee93b74f10099ab116bb4e529d
C:\Users\heman\Downloads\orthinx dataset\MedicalExpert-I\4Severe\SevereG4 (161).png,4,Severe,train,3b154b6fa4884beb89b560c4fe399ff1
C:\Users\heman\Downloads\orthinx dataset\MedicalExpert-I\4Severe\SevereG4 (162).png,4,Severe,train,51971cb3a1fe0ee6b8e7007b3ffc9d99
C:\Users\heman\Downloads\orthinx dataset\MedicalExpert-I\4Severe\SevereG4 (163).png,4,Severe,test,0f788077722bf4fc364b27c984561a70
C:\Users\heman\Downloads\orthinx dataset\MedicalExpert-I\4Severe\SevereG4 (164).png,4,Severe,train,526fdbf212d02a29d54ec87e5a9e7902
C:\Users\heman\Downloads\orthinx dataset\MedicalExpert-I\4Severe\SevereG4 (165).png,4,Severe,train,6023ee50bad2cceb1a3e532a3e291a7a
C:\Users\heman\Downloads\orthinx dataset\MedicalExpert-I\4Severe\SevereG4 (166).png,4,Severe,train,b6600c27a32e86a20f95a0d0d61874a8
C:\Users\heman\Downloads\orthinx dataset\MedicalExpert-I\4Severe\SevereG4 (167).png,4,Severe,train,f41a5d63db86e8ba05332c872159631a
C:\Users\heman\Downloads\orthinx dataset\MedicalExpert-I\4Severe\SevereG4 (168).png,4,Severe,train,6a4a414fea06263547126589a18724ea
C:\Users\heman\Downloads\orthinx dataset\MedicalExpert-I\4Severe\SevereG4 (169).png,4,Severe,train,84ec14d73104b735758c246f0ec61f83
C:\Users\heman\Downloads\orthinx dataset\MedicalExpert-I\4Severe\SevereG4 (17).png,4,Severe,val,ed49afd902c106e27a5243da70275c9d
C:\Users\heman\Downloads\orthinx dataset\MedicalExpert-I\4Severe\SevereG4 (170).png,4,Severe,train,75f5a8186dbb6ea14207452a32d13aa9
C:\Users\heman\Downloads\orthinx dataset\MedicalExpert-I\4Severe\SevereG4 (171).png,4,Severe,test,d865d73f03ac0228f41e385c504e5513
C:\Users\heman\Downloads\orthinx dataset\MedicalExpert-I\4Severe\SevereG4 (172).png,4,Severe,test,57a3f08bf01c6240335d49dafdb2626c
C:\Users\heman\Downloads\orthinx dataset\MedicalExpert-I\4Severe\SevereG4 (173).png,4,Severe,train,ad8d5b4b9ea8e532c06494be1b6173bb
C:\Users\heman\Downloads\orthinx dataset\MedicalExpert-I\4Severe\SevereG4 (174).png,4,Severe,train,e3172205f792ea6e107f686c817c2984
C:\Users\heman\Downloads\orthinx dataset\MedicalExpert-I\4Severe\SevereG4 (175).png,4,Severe,train,eb4a954f908bd7382d7d5e7e848bc040
C:\Users\heman\Downloads\orthinx dataset\MedicalExpert-I\4Severe\SevereG4 (176).png,4,Severe,test,b8c317ac32d0577ac88d74c07b7388bf
C:\Users\heman\Downloads\orthinx dataset\MedicalExpert-I\4Severe\SevereG4 (177).png,4,Severe,train,d898777798d8c496bb5b1ad53541003a
C:\Users\heman\Downloads\orthinx dataset\MedicalExpert-I\4Severe\SevereG4 (178).png,4,Severe,train,27dca2c76048ffb8dda328b30df7463f
C:\Users\heman\Downloads\orthinx dataset\MedicalExpert-I\4Severe\SevereG4 (179).png,4,Severe,test,53a7e7e6bba33331f595c1319412cd6d
C:\Users\heman\Downloads\orthinx dataset\MedicalExpert-I\4Severe\SevereG4 (18).png,4,Severe,train,08a451d54c5e6632bd9d825884ec1355
C:\Users\heman\Downloads\orthinx dataset\MedicalExpert-I\4Severe\SevereG4 (180).png,4,Severe,train,9c11df137efa4e4750e8ce1e40f04a66
C:\Users\heman\Downloads\orthinx dataset\MedicalExpert-I\4Severe\SevereG4 (181).png,4,Severe,train,789583bd6c1090b600850b4f8d1e5d24
C:\Users\heman\Downloads\orthinx dataset\MedicalExpert-I\4Severe\SevereG4 (182).png,4,Severe,val,309b3e168d2f4b3c51f074db47876b14
C:\Users\heman\Downloads\orthinx dataset\MedicalExpert-I\4Severe\SevereG4 (183).png,4,Severe,train,ca493c6019dd95a975bfe0a3b11ecaaa
C:\Users\heman\Downloads\orthinx dataset\MedicalExpert-I\4Severe\SevereG4 (184).png,4,Severe,train,12b4127140dd69b3eea3fae6c83a2a31
C:\Users\heman\Downloads\orthinx dataset\MedicalExpert-I\4Severe\SevereG4 (185).png,4,Severe,val,a910c53022afc3afb6a5db36f988f75a
C:\Users\heman\Downloads\orthinx dataset\MedicalExpert-I\4Severe\SevereG4 (186).png,4,Severe,train,a101ae6a5d0cf2423c05128201ebcf41
C:\Users\heman\Downloads\orthinx dataset\MedicalExpert-I\4Severe\SevereG4 (187).png,4,Severe,val,c4ffe7b55234d0292b3e3a45a5bd3e9b
C:\Users\heman\Downloads\orthinx dataset\MedicalExpert-I\4Severe\SevereG4 (188).png,4,Severe,train,2feaa2a8f1ba98bb2706719b618c9a9f
C:\Users\heman\Downloads\orthinx dataset\MedicalExpert-I\4Severe\SevereG4 (189).png,4,Severe,train,ce2953783a26bd617131956b5011e93d
C:\Users\heman\Downloads\orthinx dataset\MedicalExpert-I\4Severe\SevereG4 (19).png,4,Severe,train,b9be01530d30dfde17bd686ba2c00f49
C:\Users\heman\Downloads\orthinx dataset\MedicalExpert-I\4Severe\SevereG4 (190).png,4,Severe,train,b06eb3ac08f4c6367fc11e911e720d19
C:\Users\heman\Downloads\orthinx dataset\MedicalExpert-I\4Severe\SevereG4 (191).png,4,Severe,test,e6be54b69f282aa9e8569643c1b0b62f
C:\Users\heman\Downloads\orthinx dataset\MedicalExpert-I\4Severe\SevereG4 (192).png,4,Severe,train,c3eedc8d67f247d8a79bb2ee3b12f627
C:\Users\heman\Downloads\orthinx dataset\MedicalExpert-I\4Severe\SevereG4 (193).png,4,Severe,train,9cde2e51d549f5fe339805e61114ab19
C:\Users\heman\Downloads\orthinx dataset\MedicalExpert-I\4Severe\SevereG4 (194).png,4,Severe,train,0fb3a7e369993ec0cf032a006eda9389
C:\Users\heman\Downloads\orthinx dataset\MedicalExpert-I\4Severe\SevereG4 (195).png,4,Severe,train,bee3ada4146d65aa18baa6de5aff3d36
C:\Users\heman\Downloads\orthinx dataset\MedicalExpert-I\4Severe\SevereG4 (196).png,4,Severe,test,91ea7596efc5d369ff9c3dc36dd4ced1
C:\Users\heman\Downloads\orthinx dataset\MedicalExpert-I\4Severe\SevereG4 (197).png,4,Severe,val,73068eeaa2ecb193dc9ffc6198bccf1e
C:\Users\heman\Downloads\orthinx dataset\MedicalExpert-I\4Severe\SevereG4 (198).png,4,Severe,train,27e14e9d7fc54b4a064ad1f5efc54d4d
C:\Users\heman\Downloads\orthinx dataset\MedicalExpert-I\4Severe\SevereG4 (199).png,4,Severe,train,22d23a4659a972442ff44a768038ad35
C:\Users\heman\Downloads\orthinx dataset\MedicalExpert-I\4Severe\SevereG4 (2).png,4,Severe,train,0f1fc0f87154e0e9be624f88a065938b
C:\Users\heman\Downloads\orthinx dataset\MedicalExpert-I\4Severe\SevereG4 (20).png,4,Severe,train,173d9537ae1974ea5e7770a8f58a19a8
C:\Users\heman\Downloads\orthinx dataset\MedicalExpert-I\4Severe\SevereG4 (200).png,4,Severe,train,062e9eb3d018b02504655f61b741b8c2
C:\Users\heman\Downloads\orthinx dataset\MedicalExpert-I\4Severe\SevereG4 (201).png,4,Severe,val,426bf655ce8858ffde8217455a932c7c
C:\Users\heman\Downloads\orthinx dataset\MedicalExpert-I\4Severe\SevereG4 (202).png,4,Severe,test,4e71fe143a9b8aee17bb7824edf25fc7
C:\Users\heman\Downloads\orthinx dataset\MedicalExpert-I\4Severe\SevereG4 (203).png,4,Severe,val,cad2b9f73d6de01cd2249609b173d6f8
C:\Users\heman\Downloads\orthinx dataset\MedicalExpert-I\4Severe\SevereG4 (204).png,4,Severe,val,0f9a4a54486323e8e90500ece238a047
C:\Users\heman\Downloads\orthinx dataset\MedicalExpert-I\4Severe\SevereG4 (205).png,4,Severe,train,8598fdae7c5167a2b64798ecd110679a
C:\Users\heman\Downloads\orthinx dataset\MedicalExpert-I\4Severe\SevereG4 (206).png,4,Severe,test,1a7a307a1129cc181b515e053632411b
C:\Users\heman\Downloads\orthinx dataset\MedicalExpert-I\4Severe\SevereG4 (21).png,4,Severe,train,1e9880c90fda8a942c4881d29bcea736
C:\Users\heman\Downloads\orthinx dataset\MedicalExpert-I\4Severe\SevereG4 (22).png,4,Severe,train,1cad7755ddd208f83927a98732592506
C:\Users\heman\Downloads\orthinx dataset\MedicalExpert-I\4Severe\SevereG4 (23).png,4,Severe,test,fdba5270c3c3850729bccb0a0bfc0c79
C:\Users\heman\Downloads\orthinx dataset\MedicalExpert-I\4Severe\SevereG4 (24).png,4,Severe,train,fbd6113e5e40bd10d162b1334adb33f6
C:\Users\heman\Downloads\orthinx dataset\MedicalExpert-I\4Severe\SevereG4 (25).png,4,Severe,train,8b205be26b6a0ff1d674b35c8056fd60
C:\Users\heman\Downloads\orthinx dataset\MedicalExpert-I\4Severe\SevereG4 (26).png,4,Severe,test,8015247901f7db0b340e1e30f8b966ff
C:\Users\heman\Downloads\orthinx dataset\MedicalExpert-I\4Severe\SevereG4 (27).png,4,Severe,train,0a54e6c35193f8125072a499c2d09d77
C:\Users\heman\Downloads\orthinx dataset\MedicalExpert-I\4Severe\SevereG4 (28).png,4,Severe,train,39b6ed48039456574bb6bfad54c41db7
C:\Users\heman\Downloads\orthinx dataset\MedicalExpert-I\4Severe\SevereG4 (29).png,4,Severe,train,f338a294fcb9cb71121c5f1fc5a70982
C:\Users\heman\Downloads\orthinx dataset\MedicalExpert-I\4Severe\SevereG4 (3).png,4,Severe,train,0c9af483e19ce2b0f2ee0c0498b9a09e
C:\Users\heman\Downloads\orthinx dataset\MedicalExpert-I\4Severe\SevereG4 (30).png,4,Severe,test,6fd6fb05f95b9a5101383714e4479863
C:\Users\heman\Downloads\orthinx dataset\MedicalExpert-I\4Severe\SevereG4 (31).png,4,Severe,train,47c7e71205919c3914ad373ad41a88ab
C:\Users\heman\Downloads\orthinx dataset\MedicalExpert-I\4Severe\SevereG4 (32).png,4,Severe,train,dc7e6934db639831a73609979cac1e44
C:\Users\heman\Downloads\orthinx dataset\MedicalExpert-I\4Severe\SevereG4 (33).png,4,Severe,train,b52474b6ce2646e21fa4060524e80ebe
C:\Users\heman\Downloads\orthinx dataset\MedicalExpert-I\4Severe\SevereG4 (34).png,4,Severe,test,bd6c7d8d2ca3211a2efd65a8008456d0
C:\Users\heman\Downloads\orthinx dataset\MedicalExpert-I\4Severe\SevereG4 (35).png,4,Severe,train,7f172ffeedd8fc1cf51eedb0cc404577
C:\Users\heman\Downloads\orthinx dataset\MedicalExpert-I\4Severe\SevereG4 (36).png,4,Severe,val,724dc541d5e84da3be87e161cefc57f5
C:\Users\heman\Downloads\orthinx dataset\MedicalExpert-I\4Severe\SevereG4 (37).png,4,Severe,train,1f42390d849d00721f045fc7040a9087
C:\Users\heman\Downloads\orthinx dataset\MedicalExpert-I\4Severe\SevereG4 (38).png,4,Severe,train,6e6a25be8fad2cb9cd9a889c01155af4
C:\Users\heman\Downloads\orthinx dataset\MedicalExpert-I\4Severe\SevereG4 (39).png,4,Severe,train,6981cded31b61d6e40dd2bf1df7b6f5c
C:\Users\heman\Downloads\orthinx dataset\MedicalExpert-I\4Severe\SevereG4 (4).png,4,Severe,test,f8d3290e87e3a4733acc3366c18404c8
C:\Users\heman\Downloads\orthinx dataset\MedicalExpert-I\4Severe\SevereG4 (40).png,4,Severe,train,fe53712aad416fbf7f99697df5b8045e
C:\Users\heman\Downloads\orthinx dataset\MedicalExpert-I\4Severe\SevereG4 (41).png,4,Severe,test,567a25d44c509616b0bb1afa28e0aa52
C:\Users\heman\Downloads\orthinx dataset\MedicalExpert-I\4Severe\SevereG4 (42).png,4,Severe,train,31e73f93011c997d188c7da1925c6c61
C:\Users\heman\Downloads\orthinx dataset\MedicalExpert-I\4Severe\SevereG4 (43).png,4,Severe,val,067061bd04b96306f5c62ebdf31be4cb
C:\Users\heman\Downloads\orthinx dataset\MedicalExpert-I\4Severe\SevereG4 (44).png,4,Severe,val,5a7e1b77124feef91d33706586c0fe4a
C:\Users\heman\Downloads\orthinx dataset\MedicalExpert-I\4Severe\SevereG4 (45).png,4,Severe,train,5925608bde35f7419ead525047f043c6
C:\Users\heman\Downloads\orthinx dataset\MedicalExpert-I\4Severe\SevereG4 (46).png,4,Severe,train,dcba8d4f2c239ca62356f4ebadadc96d
C:\Users\heman\Downloads\orthinx dataset\MedicalExpert-I\4Severe\SevereG4 (47).png,4,Severe,train,67b99de7d0642afe9016b5c48b8c3206
C:\Users\heman\Downloads\orthinx dataset\MedicalExpert-I\4Severe\SevereG4 (48).png,4,Severe,train,3391284a9a995072f0a8f5acdee4e722
C:\Users\heman\Downloads\orthinx dataset\MedicalExpert-I\4Severe\SevereG4 (49).png,4,Severe,test,09216c2345cd8389d73d25b7bdd9d6ae
C:\Users\heman\Downloads\orthinx dataset\MedicalExpert-I\4Severe\SevereG4 (5).png,4,Severe,val,1c0cf96021894a79e756d908a86ca38e
C:\Users\heman\Downloads\orthinx dataset\MedicalExpert-I\4Severe\SevereG4 (50).png,4,Severe,val,df0afa54b700cec3d67b0d08a25a1009
C:\Users\heman\Downloads\orthinx dataset\MedicalExpert-I\4Severe\SevereG4 (51).png,4,Severe,val,2262ea947f0a27f70ce90d67e36de84c
C:\Users\heman\Downloads\orthinx dataset\MedicalExpert-I\4Severe\SevereG4 (52).png,4,Severe,test,9ae1afa4faea7498b28f1d7cc5e7b52e
C:\Users\heman\Downloads\orthinx dataset\MedicalExpert-I\4Severe\SevereG4 (53).png,4,Severe,train,f8c23d3dddb8be5eccf6f5cac54b0a50
C:\Users\heman\Downloads\orthinx dataset\MedicalExpert-I\4Severe\SevereG4 (54).png,4,Severe,train,29b9819c24564a11ea00a92ae2a4355c
C:\Users\heman\Downloads\orthinx dataset\MedicalExpert-I\4Severe\SevereG4 (55).png,4,Severe,train,cf23a9a93ed622c7f64502c74ec8223a
C:\Users\heman\Downloads\orthinx dataset\MedicalExpert-I\4Severe\SevereG4 (56).png,4,Severe,val,443fe812a8fc330cdbc1f9baf6be861d
C:\Users\heman\Downloads\orthinx dataset\MedicalExpert-I\4Severe\SevereG4 (57).png,4,Severe,train,f19042e2b8d401353f97c6e369cb0b23
C:\Users\heman\Downloads\orthinx dataset\MedicalExpert-I\4Severe\SevereG4 (58).png,4,Severe,train,521b7515fae2d665069abf077dbd947f
C:\Users\heman\Downloads\orthinx dataset\MedicalExpert-I\4Severe\SevereG4 (59).png,4,Severe,val,5f460bc8709903657817378527bf4c8b
C:\Users\heman\Downloads\orthinx dataset\MedicalExpert-I\4Severe\SevereG4 (6).png,4,Severe,train,f2d494c2d3efbc2700e8663b42cae871
C:\Users\heman\Downloads\orthinx dataset\MedicalExpert-I\4Severe\SevereG4 (60).png,4,Severe,train,613d54db8631ac5a277a87811e6d5652
C:\Users\heman\Downloads\orthinx dataset\MedicalExpert-I\4Severe\SevereG4 (61).png,4,Severe,train,d4220fc05b65ff755663b246089bdd43
C:\Users\heman\Downloads\orthinx dataset\MedicalExpert-I\4Severe\SevereG4 (62).png,4,Severe,train,ce6f97cc1a3e5d9a67519bfe917b4abd
C:\Users\heman\Downloads\orthinx dataset\MedicalExpert-I\4Severe\SevereG4 (63).png,4,Severe,test,5562ab400da59c1bd89368b53f2fa9e7
C:\Users\heman\Downloads\orthinx dataset\MedicalExpert-I\4Severe\SevereG4 (64).png,4,Severe,train,469aa4edf9ec945da023fc8cc39da3ef
C:\Users\heman\Downloads\orthinx dataset\MedicalExpert-I\4Severe\SevereG4 (65).png,4,Severe,train,b189b7411046181ad3e0ae85c400d01a
C:\Users\heman\Downloads\orthinx dataset\MedicalExpert-I\4Severe\SevereG4 (66).png,4,Severe,train,ae26f936854e41a1383ae2eb857a97ee
C:\Users\heman\Downloads\orthinx dataset\MedicalExpert-I\4Severe\SevereG4 (67).png,4,Severe,train,6a039196bf2748cb8a4b7815ecdd94ec
C:\Users\heman\Downloads\orthinx dataset\MedicalExpert-I\4Severe\SevereG4 (68).png,4,Severe,train,8acd894c1cc9c8416cfcd41b429f3c90
C:\Users\heman\Downloads\orthinx dataset\MedicalExpert-I\4Severe\SevereG4 (69).png,4,Severe,train,9a3d9365bee84639f5bbe90863c395ec
C:\Users\heman\Downloads\orthinx dataset\MedicalExpert-I\4Severe\SevereG4 (7).png,4,Severe,test,1faf7f0521589f1d83b28023f0c6be85
C:\Users\heman\Downloads\orthinx dataset\MedicalExpert-I\4Severe\SevereG4 (70).png,4,Severe,train,f9e026350e9030aeb077c98a6a014dca
C:\Users\heman\Downloads\orthinx dataset\MedicalExpert-I\4Severe\SevereG4 (71).png,4,Severe,val,e56d904a926ad9fcddc62a80c32962eb
C:\Users\heman\Downloads\orthinx dataset\MedicalExpert-I\4Severe\SevereG4 (72).png,4,Severe,train,2d9795fcf3bddc81f68f44205717c364
C:\Users\heman\Downloads\orthinx dataset\MedicalExpert-I\4Severe\SevereG4 (73).png,4,Severe,train,82f7c534ee836cd1bddb559509d19a45
C:\Users\heman\Downloads\orthinx dataset\MedicalExpert-I\4Severe\SevereG4 (74).png,4,Severe,train,c94a042b9ff392c6a9aa1d3f38ebc6c7
C:\Users\heman\Downloads\orthinx dataset\MedicalExpert-I\4Severe\SevereG4 (75).png,4,Severe,train,453fad00314c335c5a3b81d0e06eb720
C:\Users\heman\Downloads\orthinx dataset\MedicalExpert-I\4Severe\SevereG4 (76).png,4,Severe,train,61d91cb0100163c2049aa18ad595da24
C:\Users\heman\Downloads\orthinx dataset\MedicalExpert-I\4Severe\SevereG4 (77).png,4,Severe,train,8c2ef316dba895f78a0b54f985544397
C:\Users\heman\Downloads\orthinx dataset\MedicalExpert-I\4Severe\SevereG4 (78).png,4,Severe,train,d5364964e10446800fda1c3146f7e68f
C:\Users\heman\Downloads\orthinx dataset\MedicalExpert-I\4Severe\SevereG4 (79).png,4,Severe,train,b096ac1dc3054e0352d1e6e37ee75868
C:\Users\heman\Downloads\orthinx dataset\MedicalExpert-I\4Severe\SevereG4 (8).png,4,Severe,test,d8e995cb2160a6209e8de8ca3a410ab8
C:\Users\heman\Downloads\orthinx dataset\MedicalExpert-I\4Severe\SevereG4 (80).png,4,Severe,train,41e2bf96717428e2a2b663bdb0c748c0
C:\Users\heman\Downloads\orthinx dataset\MedicalExpert-I\4Severe\SevereG4 (81).png,4,Severe,train,6973cb7d51a66fc68cdb065a34fd3771
C:\Users\heman\Downloads\orthinx dataset\MedicalExpert-I\4Severe\SevereG4 (82).png,4,Severe,train,1b4c7c24c4d516389cfc0db112930c1c
C:\Users\heman\Downloads\orthinx dataset\MedicalExpert-I\4Severe\SevereG4 (83).png,4,Severe,train,9ef9c7a857958070200ad33ea7429331
C:\Users\heman\Downloads\orthinx dataset\MedicalExpert-I\4Severe\SevereG4 (84).png,4,Severe,train,318b0ff70ed3e3875c3473434ba365ba
C:\Users\heman\Downloads\orthinx dataset\MedicalExpert-I\4Severe\SevereG4 (85).png,4,Severe,val,bda6fd679479d2161a551d35b3d4aad9
C:\Users\heman\Downloads\orthinx dataset\MedicalExpert-I\4Severe\SevereG4 (86).png,4,Severe,train,54ba0d8ba465f24ffbca2529dac6994b
C:\Users\heman\Downloads\orthinx dataset\MedicalExpert-I\4Severe\SevereG4 (87).png,4,Severe,train,9ea300867c96948882338b025c7c06aa
C:\Users\heman\Downloads\orthinx dataset\MedicalExpert-I\4Severe\SevereG4 (88).png,4,Severe,train,9d7314581c1e278e6d3a29f211527841
C:\Users\heman\Downloads\orthinx dataset\MedicalExpert-I\4Severe\SevereG4 (89).png,4,Severe,test,32248de6c043f4771d7886dda1df84ea
C:\Users\heman\Downloads\orthinx dataset\MedicalExpert-I\4Severe\SevereG4 (9).png,4,Severe,train,13ad159a978fa8d8f10e81a02e4d5916
C:\Users\heman\Downloads\orthinx dataset\MedicalExpert-I\4Severe\SevereG4 (90).png,4,Severe,train,d7946b1bcf29dbea2ec321ca142fa50f
C:\Users\heman\Downloads\orthinx dataset\MedicalExpert-I\4Severe\SevereG4 (91).png,4,Severe,val,79a4bfb39a5eb92f32ee56268f313b17
C:\Users\heman\Downloads\orthinx dataset\MedicalExpert-I\4Severe\SevereG4 (92).png,4,Severe,train,9a3fad3dbef87fdfb7e4f9c0dd00f4c0
C:\Users\heman\Downloads\orthinx dataset\MedicalExpert-I\4Severe\SevereG4 (93).png,4,Severe,test,1913e069e5e259bd723ab8bcdc0acdda
C:\Users\heman\Downloads\orthinx dataset\MedicalExpert-I\4Severe\SevereG4 (94).png,4,Severe,train,da7494756af6eafa753b835114bc96bf
C:\Users\heman\Downloads\orthinx dataset\MedicalExpert-I\4Severe\SevereG4 (95).png,4,Severe,train,fee2e4b2e5326ced66c04521216e82b2
C:\Users\heman\Downloads\orthinx dataset\MedicalExpert-I\4Severe\SevereG4 (96).png,4,Severe,train,6d2b113abd969df73e856e449a1b3a29
C:\Users\heman\Downloads\orthinx dataset\MedicalExpert-I\4Severe\SevereG4 (97).png,4,Severe,val,99e841cae183216387d22e616ca5a0d5
C:\Users\heman\Downloads\orthinx dataset\MedicalExpert-I\4Severe\SevereG4 (98).png,4,Severe,train,6121c0ebbe2fec36317879752d46641c
C:\Users\heman\Downloads\orthinx dataset\MedicalExpert-I\4Severe\SevereG4 (99).png,4,Severe,train,46217cbc99e1241c5b9399fff9cc1ac1
C:\Users\heman\Downloads\orthinx dataset\MedicalExpert-II\0Normal\NormalG0 (1).png,0,Normal,train,966fb4c02a97c3ffb89f91a98e22437f
C:\Users\heman\Downloads\orthinx dataset\MedicalExpert-II\0Normal\NormalG0 (10).png,0,Normal,val,1af13c5538c1ab5597db6ad72b61e463
C:\Users\heman\Downloads\orthinx dataset\MedicalExpert-II\0Normal\NormalG0 (100).png,0,Normal,train,e9305b8cbbd5ccb7cd894762124e803b
C:\Users\heman\Downloads\orthinx dataset\MedicalExpert-II\0Normal\NormalG0 (101).png,0,Normal,train,dfc4994e51039c9fb4d960c706865c2d
C:\Users\heman\Downloads\orthinx dataset\MedicalExpert-II\0Normal\NormalG0 (102).png,0,Normal,val,0156aac54417d9c793356c816324016c
C:\Users\heman\Downloads\orthinx dataset\MedicalExpert-II\0Normal\NormalG0 (103).png,0,Normal,train,85e3031441c4c396990a0b23afc6933c
C:\Users\heman\Downloads\orthinx dataset\MedicalExpert-II\0Normal\NormalG0 (104).png,0,Normal,train,6bfb578f03f0ace55d13e63d3da7983f
C:\Users\heman\Downloads\orthinx dataset\MedicalExpert-II\0Normal\NormalG0 (105).png,0,Normal,train,fa93ced39ae167ac8ba8f3e55cddaf90
C:\Users\heman\Downloads\orthinx dataset\MedicalExpert-II\0Normal\NormalG0 (106).png,0,Normal,val,469acd6f47ea56442e0c60ed22ba08d9
C:\Users\heman\Downloads\orthinx dataset\MedicalExpert-II\0Normal\NormalG0 (107).png,0,Normal,train,cd27c9ca7aff5171b593b5773c52b2b4
C:\Users\heman\Downloads\orthinx dataset\MedicalExpert-II\0Normal\NormalG0 (108).png,0,Normal,train,e8bbad26854014c35411d3b0738b8efc
C:\Users\heman\Downloads\orthinx dataset\MedicalExpert-II\0Normal\NormalG0 (109).png,0,Normal,train,4589fe381fbfaf30a06ea9dbfd4fe89d
C:\Users\heman\Downloads\orthinx dataset\MedicalExpert-II\0Normal\NormalG0 (11).png,0,Normal,train,ba6436ed9d5df33f985b31ba50735e49
C:\Users\heman\Downloads\orthinx dataset\MedicalExpert-II\0Normal\NormalG0 (110).png,0,Normal,val,2e7651c46a6ac7fbeed8fd3126dfcba9
C:\Users\heman\Downloads\orthinx dataset\MedicalExpert-II\0Normal\NormalG0 (111).png,0,Normal,val,de963c988854080458f750bb661547e9
C:\Users\heman\Downloads\orthinx dataset\MedicalExpert-II\0Normal\NormalG0 (112).png,0,Normal,train,3a3185920c9f3d9dee6d81b39e05c665
C:\Users\heman\Downloads\orthinx dataset\MedicalExpert-II\0Normal\NormalG0 (113).png,0,Normal,train,5f63ba22b33ffbbfafff509f6b54807c
C:\Users\heman\Downloads\orthinx dataset\MedicalExpert-II\0Normal\NormalG0 (114).png,0,Normal,train,3c66db523ff8eecabc7d70b254337369
C:\Users\heman\Downloads\orthinx dataset\MedicalExpert-II\0Normal\NormalG0 (115).png,0,Normal,train,f665f50e51ee9ffb6a08acd03504a9a6
C:\Users\heman\Downloads\orthinx dataset\MedicalExpert-II\0Normal\NormalG0 (116).png,0,Normal,train,03c5dd26f21737d99436d6694bfd4743
C:\Users\heman\Downloads\orthinx dataset\MedicalExpert-II\0Normal\NormalG0 (117).png,0,Normal,val,1b55a0047fbc35407f3e2333f66e1f50
C:\Users\heman\Downloads\orthinx dataset\MedicalExpert-II\0Normal\NormalG0 (118).png,0,Normal,test,4bc69d741c261895cdff4a4d74b14d7a
C:\Users\heman\Downloads\orthinx dataset\MedicalExpert-II\0Normal\NormalG0 (119).png,0,Normal,train,69b4e136fc13f6c2267993cb9d862351
C:\Users\heman\Downloads\orthinx dataset\MedicalExpert-II\0Normal\NormalG0 (12).png,0,Normal,train,d035602a9666b3b8876c05ed2e6245a3
C:\Users\heman\Downloads\orthinx dataset\MedicalExpert-II\0Normal\NormalG0 (120).png,0,Normal,train,32392cef2b8d1fc9d08222a85574c82c
C:\Users\heman\Downloads\orthinx dataset\MedicalExpert-II\0Normal\NormalG0 (121).png,0,Normal,train,2d3491f49fdedc7afdea909fd1a43187
C:\Users\heman\Downloads\orthinx dataset\MedicalExpert-II\0Normal\NormalG0 (122).png,0,Normal,train,428a7f69c291b0468c45d837f2930f99
C:\Users\heman\Downloads\orthinx dataset\MedicalExpert-II\0Normal\NormalG0 (123).png,0,Normal,test,06e9ad3a0a08d7cc4b5e040716d905d2
C:\Users\heman\Downloads\orthinx dataset\MedicalExpert-II\0Normal\NormalG0 (124).png,0,Normal,train,69bdfb2d61ea7522aff25765f583364a
C:\Users\heman\Downloads\orthinx dataset\MedicalExpert-II\0Normal\NormalG0 (125).png,0,Normal,train,3747d4f7251e408b64fe88680777f3da
C:\Users\heman\Downloads\orthinx dataset\MedicalExpert-II\0Normal\NormalG0 (126).png,0,Normal,train,2dc918b1f9dfb83b37c3a1f7e4d91f45
C:\Users\heman\Downloads\orthinx dataset\MedicalExpert-II\0Normal\NormalG0 (127).png,0,Normal,train,12325d8ac0981514580d48f35d4673b5
C:\Users\heman\Downloads\orthinx dataset\MedicalExpert-II\0Normal\NormalG0 (128).png,0,Normal,test,8f61f2d1c75fcc3371f860498d1899ca
C:\Users\heman\Downloads\orthinx dataset\MedicalExpert-II\0Normal\NormalG0 (129).png,0,Normal,train,7dec804fe07f3aa4b128029ba857f81d
C:\Users\heman\Downloads\orthinx dataset\MedicalExpert-II\0Normal\NormalG0 (13).png,0,Normal,val,e79dc03109440724b5b1c30b0e001439
C:\Users\heman\Downloads\orthinx dataset\MedicalExpert-II\0Normal\NormalG0 (130).png,0,Normal,train,982ef13bd40558e313fb95a84304160d
C:\Users\heman\Downloads\orthinx dataset\MedicalExpert-II\0Normal\NormalG0 (131).png,0,Normal,train,f75bd024f9dcbd16cc975b621b533760
C:\Users\heman\Downloads\orthinx dataset\MedicalExpert-II\0Normal\NormalG0 (132).png,0,Normal,train,5783fc0c233c0bea35aa90dc46332806
C:\Users\heman\Downloads\orthinx dataset\MedicalExpert-II\0Normal\NormalG0 (133).png,0,Normal,train,60007408ff4194383ef761b1f213e473
C:\Users\heman\Downloads\orthinx dataset\MedicalExpert-II\0Normal\NormalG0 (134).png,0,Normal,train,461e70ee7b0696b3a497f861ce3f1178
C:\Users\heman\Downloads\orthinx dataset\MedicalExpert-II\0Normal\NormalG0 (135).png,0,Normal,val,440a04b6ad13735305fb3b56d3c37bbe
C:\Users\heman\Downloads\orthinx dataset\MedicalExpert-II\0Normal\NormalG0 (136).png,0,Normal,train,81512040e1bbb58fd31885d54865c885
C:\Users\heman\Downloads\orthinx dataset\MedicalExpert-II\0Normal\NormalG0 (137).png,0,Normal,train,03a37078c13a885d5de291381135870b
C:\Users\heman\Downloads\orthinx dataset\MedicalExpert-II\0Normal\NormalG0 (138).png,0,Normal,test,ba376b91ec9225e9e87fe8b42b4bbdb7
C:\Users\heman\Downloads\orthinx dataset\MedicalExpert-II\0Normal\NormalG0 (139).png,0,Normal,train,b4ebed5790dd477baa7fd659e9bcf8aa
C:\Users\heman\Downloads\orthinx dataset\MedicalExpert-II\0Normal\NormalG0 (14).png,0,Normal,train,f5286953fc7a2f8afe03ba09404b445c
C:\Users\heman\Downloads\orthinx dataset\MedicalExpert-II\0Normal\NormalG0 (140).png,0,Normal,train,a32218b0d9026e91ed3e121130c03d89
C:\Users\heman\Downloads\orthinx dataset\MedicalExpert-II\0Normal\NormalG0 (141).png,0,Normal,test,d70476a622394d8dbc79bfc378f82fca
C:\Users\heman\Downloads\orthinx dataset\MedicalExpert-II\0Normal\NormalG0 (142).png,0,Normal,test,faf560e3e2a4f48c3c15f5757b112447
C:\Users\heman\Downloads\orthinx dataset\MedicalExpert-II\0Normal\NormalG0 (143).png,0,Normal,test,305d4c4f60e11dd18bfb6f204f2eb8b5
C:\Users\heman\Downloads\orthinx dataset\MedicalExpert-II\0Normal\NormalG0 (144).png,0,Normal,test,5cce93eb0854448e5dea1fbc5ed1b987
C:\Users\heman\Downloads\orthinx dataset\MedicalExpert-II\0Normal\NormalG0 (145).png,0,Normal,train,940bdac7781200525f03eef7ce09db7b
C:\Users\heman\Downloads\orthinx dataset\MedicalExpert-II\0Normal\NormalG0 (146).png,0,Normal,val,f5db3549ca32365894d56e32c34a43e4
C:\Users\heman\Downloads\orthinx dataset\MedicalExpert-II\0Normal\NormalG0 (147).png,0,Normal,val,7db7a16da5c6ce7c979b21fda676a073
C:\Users\heman\Downloads\orthinx dataset\MedicalExpert-II\0Normal\NormalG0 (148).png,0,Normal,test,27ec77329c7e479d612158ad25449285
C:\Users\heman\Downloads\orthinx dataset\MedicalExpert-II\0Normal\NormalG0 (149).png,0,Normal,train,c6ffc0963313b1d446f46ae1dc6dd637
C:\Users\heman\Downloads\orthinx dataset\MedicalExpert-II\0Normal\NormalG0 (15).png,0,Normal,train,817e9da7b508c992a88fa365dc4644bd
C:\Users\heman\Downloads\orthinx dataset\MedicalExpert-II\0Normal\NormalG0 (150).png,0,Normal,train,b01bae32ac0c8cee9b36374b756b877a
C:\Users\heman\Downloads\orthinx dataset\MedicalExpert-II\0Normal\NormalG0 (151).png,0,Normal,val,5441e8981c7f959536e0dad2fc0bd9f8
C:\Users\heman\Downloads\orthinx dataset\MedicalExpert-II\0Normal\NormalG0 (152).png,0,Normal,train,11af3ffed18bf9fc0d99e352f2178da3
C:\Users\heman\Downloads\orthinx dataset\MedicalExpert-II\0Normal\NormalG0 (153).png,0,Normal,train,854f98fd8700d4c63bbdb84202237930
C:\Users\heman\Downloads\orthinx dataset\MedicalExpert-II\0Normal\NormalG0 (154).png,0,Normal,val,01baad6a9e092374b5e24db6b4c1fa83
C:\Users\heman\Downloads\orthinx dataset\MedicalExpert-II\0Normal\NormalG0 (155).png,0,Normal,test,470c1e6f084c8533a5867d190a35c848
C:\Users\heman\Downloads\orthinx dataset\MedicalExpert-II\0Normal\NormalG0 (156).png,0,Normal,train,2d1819628b84826f4219b4698835c60a
C:\Users\heman\Downloads\orthinx dataset\MedicalExpert-II\0Normal\NormalG0 (157).png,0,Normal,val,9d94e50f060878521531e7e9631c496b
C:\Users\heman\Downloads\orthinx dataset\MedicalExpert-II\0Normal\NormalG0 (158).png,0,Normal,train,7d5d2c9ccf801274ca83a1ce469a69af
C:\Users\heman\Downloads\orthinx dataset\MedicalExpert-II\0Normal\NormalG0 (159).png,0,Normal,train,3f0aab34debe551d7a73eeef3946c909
C:\Users\heman\Downloads\orthinx dataset\MedicalExpert-II\0Normal\NormalG0 (16).png,0,Normal,train,d10401c8a7992fded39000ea5a28dadb
C:\Users\heman\Downloads\orthinx dataset\MedicalExpert-II\0Normal\NormalG0 (160).png,0,Normal,train,e33f48cc0803da3838df1e3859fc9694
C:\Users\heman\Downloads\orthinx dataset\MedicalExpert-II\0Normal\NormalG0 (161).png,0,Normal,train,c40e2ac156aac0c233853cf430c07f33
C:\Users\heman\Downloads\orthinx dataset\MedicalExpert-II\0Normal\NormalG0 (162).png,0,Normal,train,e970f3bd3787c3b21aeacdd2b3d6460b
C:\Users\heman\Downloads\orthinx dataset\MedicalExpert-II\0Normal\NormalG0 (163).png,0,Normal,val,6e87ed68b9cc6f8698ea2276c9d99f95
C:\Users\heman\Downloads\orthinx dataset\MedicalExpert-II\0Normal\NormalG0 (164).png,0,Normal,train,681337526ff7ba5e913010ddcf897690
C:\Users\heman\Downloads\orthinx dataset\MedicalExpert-II\0Normal\NormalG0 (165).png,0,Normal,train,dfd6aae1cd7756823c5c1173d17c8279
C:\Users\heman\Downloads\orthinx dataset\MedicalExpert-II\0Normal\NormalG0 (166).png,0,Normal,train,37fb74e97d2b3bc9ff1d8638ff2255dd
C:\Users\heman\Downloads\orthinx dataset\MedicalExpert-II\0Normal\NormalG0 (167).png,0,Normal,train,d77d2f73d68181c845bc1e0a2a1759c9
C:\Users\heman\Downloads\orthinx dataset\MedicalExpert-II\0Normal\NormalG0 (168).png,0,Normal,train,f1f854810ed1c39f1e056c3c407fda7b
C:\Users\heman\Downloads\orthinx dataset\MedicalExpert-II\0Normal\NormalG0 (169).png,0,Normal,train,9f983540706d7521dc08b9d6d43065f7
C:\Users\heman\Downloads\orthinx dataset\MedicalExpert-II\0Normal\NormalG0 (17).png,0,Normal,train,64ec29f18db4b86467696dfd660674eb
C:\Users\heman\Downloads\orthinx dataset\MedicalExpert-II\0Normal\NormalG0 (170).png,0,Normal,train,d6f41a7cc7ca1c2956db7c503ae6f3f7
C:\Users\heman\Downloads\orthinx dataset\MedicalExpert-II\0Normal\NormalG0 (171).png,0,Normal,val,8206ed63345ff775a3d14ad581fc8629
C:\Users\heman\Downloads\orthinx dataset\MedicalExpert-II\0Normal\NormalG0 (172).png,0,Normal,train,f1390a834bd1732c5b6b3576c67b4939
C:\Users\heman\Downloads\orthinx dataset\MedicalExpert-II\0Normal\NormalG0 (173).png,0,Normal,train,568e67e501fecaf4f7ed7642388df9ab
C:\Users\heman\Downloads\orthinx dataset\MedicalExpert-II\0Normal\NormalG0 (174).png,0,Normal,train,b16d754a26e6a1ed55724b181cd638da
C:\Users\heman\Downloads\orthinx dataset\MedicalExpert-II\0Normal\NormalG0 (175).png,0,Normal,train,09aeff17b2eff3ec5e43355b8a1f8417
C:\Users\heman\Downloads\orthinx dataset\MedicalExpert-II\0Normal\NormalG0 (176).png,0,Normal,train,cdb3798011dc54382994a027c2bb05de
C:\Users\heman\Downloads\orthinx dataset\MedicalExpert-II\0Normal\NormalG0 (177).png,0,Normal,train,8829192ecb4b0e7f20606dd61b76acae
C:\Users\heman\Downloads\orthinx dataset\MedicalExpert-II\0Normal\NormalG0 (178).png,0,Normal,val,445f614220a2e221640412d339fa0530
C:\Users\heman\Downloads\orthinx dataset\MedicalExpert-II\0Normal\NormalG0 (179).png,0,Normal,test,0cf91ee5df64e5870dec40f1263508d3
C:\Users\heman\Downloads\orthinx dataset\MedicalExpert-II\0Normal\NormalG0 (18).png,0,Normal,train,7a9d3fd452904d1dada901534ff955f9
C:\Users\heman\Downloads\orthinx dataset\MedicalExpert-II\0Normal\NormalG0 (180).png,0,Normal,train,c3a4fa6123e16f7857b32ef55cbc7297
C:\Users\heman\Downloads\orthinx dataset\MedicalExpert-II\0Normal\NormalG0 (181).png,0,Normal,val,0161987b0140a5f88837ed0714470af9
C:\Users\heman\Downloads\orthinx dataset\MedicalExpert-II\0Normal\NormalG0 (182).png,0,Normal,train,668d4a073461947b927932c3624a0246
C:\Users\heman\Downloads\orthinx dataset\MedicalExpert-II\0Normal\NormalG0 (183).png,0,Normal,train,9ba135f00803feca9693a3bb07357af4
C:\Users\heman\Downloads\orthinx dataset\MedicalExpert-II\0Normal\NormalG0 (184).png,0,Normal,train,9d53acdc06874d79b9ab9794de97f91b
C:\Users\heman\Downloads\orthinx dataset\MedicalExpert-II\0Normal\NormalG0 (185).png,0,Normal,train,769f2ea4cf42dab59e99740b92a9b54b
C:\Users\heman\Downloads\orthinx dataset\MedicalExpert-II\0Normal\NormalG0 (186).png,0,Normal,train,87c3bcbb5a35c154b0eb837604d3059c
C:\Users\heman\Downloads\orthinx dataset\MedicalExpert-II\0Normal\NormalG0 (187).png,0,Normal,train,eb8c017c746bd0922760e64c3b652f32
C:\Users\heman\Downloads\orthinx dataset\MedicalExpert-II\0Normal\NormalG0 (188).png,0,Normal,val,57284254ab43357848ff2f26b2930fbe
C:\Users\heman\Downloads\orthinx dataset\MedicalExpert-II\0Normal\NormalG0 (189).png,0,Normal,val,55fcf529b8204d2f39f05a9a6596e8ad
C:\Users\heman\Downloads\orthinx dataset\MedicalExpert-II\0Normal\NormalG0 (19).png,0,Normal,test,d0c9857736af0d9b24a20ff0f59437e5
C:\Users\heman\Downloads\orthinx dataset\MedicalExpert-II\0Normal\NormalG0 (190).png,0,Normal,train,adb2357af34f9ab78e3b8e6b5624c6b7
C:\Users\heman\Downloads\orthinx dataset\MedicalExpert-II\0Normal\NormalG0 (191).png,0,Normal,val,eed2ed62d3c0b682d1cb1cefaa48f0a6
C:\Users\heman\Downloads\orthinx dataset\MedicalExpert-II\0Normal\NormalG0 (192).png,0,Normal,train,2532868ba10de5c6b122a7d7d04911ce
C:\Users\heman\Downloads\orthinx dataset\MedicalExpert-II\0Normal\NormalG0 (193).png,0,Normal,train,f186b6f11911683ce3fd8724d7a4813d
C:\Users\heman\Downloads\orthinx dataset\MedicalExpert-II\0Normal\NormalG0 (194).png,0,Normal,val,768b58bd7af6415eed80795bf4aaaad2
C:\Users\heman\Downloads\orthinx dataset\MedicalExpert-II\0Normal\NormalG0 (195).png,0,Normal,val,4b8176f0dce1e8070f55eb9a467d5bb7
C:\Users\heman\Downloads\orthinx dataset\MedicalExpert-II\0Normal\NormalG0 (196).png,0,Normal,train,f8c91c9a889c640e3977d9e439f9517d
C:\Users\heman\Downloads\orthinx dataset\MedicalExpert-II\0Normal\NormalG0 (197).png,0,Normal,train,08ce4ed87423dc822cc8c24e39c3df86
C:\Users\heman\Downloads\orthinx dataset\MedicalExpert-II\0Normal\NormalG0 (198).png,0,Normal,train,1f83bac66d62e3f7495bcdfc7a76f2ef
C:\Users\heman\Downloads\orthinx dataset\MedicalExpert-II\0Normal\NormalG0 (199).png,0,Normal,train,08b9c5ba8f4a7bb26081a8fdb9c2961f
C:\Users\heman\Downloads\orthinx dataset\MedicalExpert-II\0Normal\NormalG0 (2).png,0,Normal,train,3b620fc9edd04d10f85713ebc72fbf7b
C:\Users\heman\Downloads\orthinx dataset\MedicalExpert-II\0Normal\NormalG0 (20).png,0,Normal,train,b47356100cee9cfe98b646ee790b2682
C:\Users\heman\Downloads\orthinx dataset\MedicalExpert-II\0Normal\NormalG0 (200).png,0,Normal,train,a624ab7c5cd5820b54572574c394a09c
C:\Users\heman\Downloads\orthinx dataset\MedicalExpert-II\0Normal\NormalG0 (201).png,0,Normal,train,5967482ebdb3d4c6c7938b579f952962
C:\Users\heman\Downloads\orthinx dataset\MedicalExpert-II\0Normal\NormalG0 (202).png,0,Normal,train,d2d88120175210367319da0740c98495
C:\Users\heman\Downloads\orthinx dataset\MedicalExpert-II\0Normal\NormalG0 (203).png,0,Normal,train,433632eb709dc1f58cb66b213470d381
C:\Users\heman\Downloads\orthinx dataset\MedicalExpert-II\0Normal\NormalG0 (204).png,0,Normal,train,3cc2fdc9f217ed248bfc11f2ed7c2a1f
C:\Users\heman\Downloads\orthinx dataset\MedicalExpert-II\0Normal\NormalG0 (205).png,0,Normal,train,3fc40e7b79f689d6586bf9d8a51eba4e
C:\Users\heman\Downloads\orthinx dataset\MedicalExpert-II\0Normal\NormalG0 (206).png,0,Normal,train,ec245f74d5a07cd38abc19cbb68629f6
C:\Users\heman\Downloads\orthinx dataset\MedicalExpert-II\0Normal\NormalG0 (207).png,0,Normal,train,d47f2768864b9d2014c1f72185e47df8
C:\Users\heman\Downloads\orthinx dataset\MedicalExpert-II\0Normal\NormalG0 (208).png,0,Normal,val,52dd34fd5f250e081298dcf1268b88d9
C:\Users\heman\Downloads\orthinx dataset\MedicalExpert-II\0Normal\NormalG0 (209).png,0,Normal,train,5eaa6e5b805f057d4311d6bff3672213
C:\Users\heman\Downloads\orthinx dataset\MedicalExpert-II\0Normal\NormalG0 (21).png,0,Normal,train,2a62b2b05998de99811e262668b0163e
C:\Users\heman\Downloads\orthinx dataset\MedicalExpert-II\0Normal\NormalG0 (210).png,0,Normal,train,2b185c0838ef489cb012b5629970002e
C:\Users\heman\Downloads\orthinx dataset\MedicalExpert-II\0Normal\NormalG0 (211).png,0,Normal,train,70f6bb3952c596766ec5c31ed503dbc4
C:\Users\heman\Downloads\orthinx dataset\MedicalExpert-II\0Normal\NormalG0 (212).png,0,Normal,train,635f79cb2dbc5bc38ac92138386abf27
C:\Users\heman\Downloads\orthinx dataset\MedicalExpert-II\0Normal\NormalG0 (213).png,0,Normal,train,800c1e14ae6744c22a34199c40fae4d9
C:\Users\heman\Downloads\orthinx dataset\MedicalExpert-II\0Normal\NormalG0 (214).png,0,Normal,test,e0f8060c5eb30e4016a8eee68dd1af70
C:\Users\heman\Downloads\orthinx dataset\MedicalExpert-II\0Normal\NormalG0 (215).png,0,Normal,train,73f31626e4690580a7c2505ab0f68b25
C:\Users\heman\Downloads\orthinx dataset\MedicalExpert-II\0Normal\NormalG0 (216).png,0,Normal,test,786f9f368dd6ef9fe72431c5cc3d9eba
C:\Users\heman\Downloads\orthinx dataset\MedicalExpert-II\0Normal\NormalG0 (217).png,0,Normal,train,30ff064033d005553daa21043ecefab5
C:\Users\heman\Downloads\orthinx dataset\MedicalExpert-II\0Normal\NormalG0 (218).png,0,Normal,train,bea42036d15245c8cc91c84121ca074d
C:\Users\heman\Downloads\orthinx dataset\MedicalExpert-II\0Normal\NormalG0 (219).png,0,Normal,train,d35a46743a92bc8be16c71e51ccc9c17
C:\Users\heman\Downloads\orthinx dataset\MedicalExpert-II\0Normal\NormalG0 (22).png,0,Normal,val,c065085aac5d6defceec1219c63fedfc
C:\Users\heman\Downloads\orthinx dataset\MedicalExpert-II\0Normal\NormalG0 (220).png,0,Normal,test,2b52081ef8aaff553afc9169fd93e28b
C:\Users\heman\Downloads\orthinx dataset\MedicalExpert-II\0Normal\NormalG0 (221).png,0,Normal,train,a82108267b4caebcbfeaf4a85f356336
C:\Users\heman\Downloads\orthinx dataset\MedicalExpert-II\0Normal\NormalG0 (222).png,0,Normal,train,8521a04760f065282fde55c05222be22
C:\Users\heman\Downloads\orthinx dataset\MedicalExpert-II\0Normal\NormalG0 (223).png,0,Normal,val,38f27ff74996427a33adabc801b59ba8
C:\Users\heman\Downloads\orthinx dataset\MedicalExpert-II\0Normal\NormalG0 (224).png,0,Normal,train,b99813d8e8acaa1c5105427874665e50
C:\Users\heman\Downloads\orthinx dataset\MedicalExpert-II\0Normal\NormalG0 (225).png,0,Normal,train,5d7182627f2f5862fa6c23a57e3bc78c
C:\Users\heman\Downloads\orthinx dataset\MedicalExpert-II\0Normal\NormalG0 (226).png,0,Normal,train,6169f98dc60a2f52d86e7ae7732f3975
C:\Users\heman\Downloads\orthinx dataset\MedicalExpert-II\0Normal\NormalG0 (227).png,0,Normal,train,c687ae032dd31bd5546ef513ef69e19a
C:\Users\heman\Downloads\orthinx dataset\MedicalExpert-II\0Normal\NormalG0 (228).png,0,Normal,train,505bb8f6f7317700531b918df2857056
C:\Users\heman\Downloads\orthinx dataset\MedicalExpert-II\0Normal\NormalG0 (229).png,0,Normal,train,4a95216ca957fe59abfa32438a0f4829
C:\Users\heman\Downloads\orthinx dataset\MedicalExpert-II\0Normal\NormalG0 (23).png,0,Normal,train,1975e833398f16dafcde134c0154f0a3
C:\Users\heman\Downloads\orthinx dataset\MedicalExpert-II\0Normal\NormalG0 (230).png,0,Normal,train,cd854bd22328e1cf3233e8b01a34c817
C:\Users\heman\Downloads\orthinx dataset\MedicalExpert-II\0Normal\NormalG0 (231).png,0,Normal,train,e710651d2ebe53d6ecaa35d9f4fefb8e
C:\Users\heman\Downloads\orthinx dataset\MedicalExpert-II\0Normal\NormalG0 (232).png,0,Normal,train,fdb642c129c520b56725db83cd1eb6e1
C:\Users\heman\Downloads\orthinx dataset\MedicalExpert-II\0Normal\NormalG0 (233).png,0,Normal,val,c182c6d8758f92fb7e8ca7b23b2f6131
C:\Users\heman\Downloads\orthinx dataset\MedicalExpert-II\0Normal\NormalG0 (234).png,0,Normal,train,f726b0fb83534824164c9d571e9d0852
C:\Users\heman\Downloads\orthinx dataset\MedicalExpert-II\0Normal\NormalG0 (235).png,0,Normal,val,7276144a951cfc512ef3c7269fc79233
C:\Users\heman\Downloads\orthinx dataset\MedicalExpert-II\0Normal\NormalG0 (236).png,0,Normal,train,c2308c24179f58ebed1173584ddb8307
C:\Users\heman\Downloads\orthinx dataset\MedicalExpert-II\0Normal\NormalG0 (237).png,0,Normal,train,a956fe3e41d2aebebc8e66819bd5ba66
C:\Users\heman\Downloads\orthinx dataset\MedicalExpert-II\0Normal\NormalG0 (238).png,0,Normal,train,9d67daed663575a5626f9a2902d27d68
C:\Users\heman\Downloads\orthinx dataset\MedicalExpert-II\0Normal\NormalG0 (239).png,0,Normal,train,f360cb98fd09124f9ad529dc7498b8da
C:\Users\heman\Downloads\orthinx dataset\MedicalExpert-II\0Normal\NormalG0 (24).png,0,Normal,val,2f47513dfa7f8f189dc3c264216a6e76
C:\Users\heman\Downloads\orthinx dataset\MedicalExpert-II\0Normal\NormalG0 (240).png,0,Normal,train,5f1001fc5c479d60d7fd6a1a1a757cd2
C:\Users\heman\Downloads\orthinx dataset\MedicalExpert-II\0Normal\NormalG0 (241).png,0,Normal,train,56969e221a23720c9d765d0104989e53
C:\Users\heman\Downloads\orthinx dataset\MedicalExpert-II\0Normal\NormalG0 (242).png,0,Normal,train,bd1c29a9f4d731b09d9d4e6303071fdd
C:\Users\heman\Downloads\orthinx dataset\MedicalExpert-II\0Normal\NormalG0 (243).png,0,Normal,val,122f653bf408e02c6921d4e842c3e606
C:\Users\heman\Downloads\orthinx dataset\MedicalExpert-II\0Normal\NormalG0 (244).png,0,Normal,val,51501086cb1f47f2a84fa2d27b945ada
C:\Users\heman\Downloads\orthinx dataset\MedicalExpert-II\0Normal\NormalG0 (245).png,0,Normal,val,e2bbe46bae100f77d107585e584d42a4
C:\Users\heman\Downloads\orthinx dataset\MedicalExpert-II\0Normal\NormalG0 (246).png,0,Normal,train,986f9db82c673f350057064c8ab34221
C:\Users\heman\Downloads\orthinx dataset\MedicalExpert-II\0Normal\NormalG0 (247).png,0,Normal,train,2825e53b2e7a03b6d83438124f86c491
C:\Users\heman\Downloads\orthinx dataset\MedicalExpert-II\0Normal\NormalG0 (248).png,0,Normal,train,20a5f921a6d20a9bafb06b28108d3536
C:\Users\heman\Downloads\orthinx dataset\MedicalExpert-II\0Normal\NormalG0 (249).png,0,Normal,val,cc7f7b1b461dc94ef66de10da687a448
C:\Users\heman\Downloads\orthinx dataset\MedicalExpert-II\0Normal\NormalG0 (25).png,0,Normal,train,4b91929989196d503438fceb1062d1cb
C:\Users\heman\Downloads\orthinx dataset\MedicalExpert-II\0Normal\NormalG0 (250).png,0,Normal,train,527de03bfd64849378e829158f54480b
C:\Users\heman\Downloads\orthinx dataset\MedicalExpert-II\0Normal\NormalG0 (251).png,0,Normal,val,a47cd6443b18fc61f0ab14d8353f338e
C:\Users\heman\Downloads\orthinx dataset\MedicalExpert-II\0Normal\NormalG0 (252).png,0,Normal,train,057311b8950b23c086841ba24b45f539
C:\Users\heman\Downloads\orthinx dataset\MedicalExpert-II\0Normal\NormalG0 (253).png,0,Normal,test,27c0c87079e0943eefcab5f855f261c5
C:\Users\heman\Downloads\orthinx dataset\MedicalExpert-II\0Normal\NormalG0 (254).png,0,Normal,train,9388fe9b2ebb8eeebeb6d6ad3cdc4799
C:\Users\heman\Downloads\orthinx dataset\MedicalExpert-II\0Normal\NormalG0 (255).png,0,Normal,train,4fd7302d320ab017f2dcc32da6e95bb8
C:\Users\heman\Downloads\orthinx dataset\MedicalExpert-II\0Normal\NormalG0 (256).png,0,Normal,val,d01ee216c62c12450e7ed22228b2d842
C:\Users\heman\Downloads\orthinx dataset\MedicalExpert-II\0Normal\NormalG0 (257).png,0,Normal,train,392f7bcf8a1532e734297d7fedfe4838
C:\Users\heman\Downloads\orthinx dataset\MedicalExpert-II\0Normal\NormalG0 (258).png,0,Normal,train,b9e15733f73020444028a5795b7328b9
C:\Users\heman\Downloads\orthinx dataset\MedicalExpert-II\0Normal\NormalG0 (259).png,0,Normal,train,2afc8efd3d9f34b7d23f29051ac7c167
C:\Users\heman\Downloads\orthinx dataset\MedicalExpert-II\0Normal\NormalG0 (26).png,0,Normal,train,14d4ec3da894dcf2f1b0bb24a7f2bd31
C:\Users\heman\Downloads\orthinx dataset\MedicalExpert-II\0Normal\NormalG0 (260).png,0,Normal,train,9b09893fb69a8debad8834f261628fbc
C:\Users\heman\Downloads\orthinx dataset\MedicalExpert-II\0Normal\NormalG0 (261).png,0,Normal,train,84e6a6bc613e9299fba2b05c7d9e23a1
C:\Users\heman\Downloads\orthinx dataset\MedicalExpert-II\0Normal\NormalG0 (262).png,0,Normal,train,7b5223a1cdf7a7b7eb20a86ed441709f
C:\Users\heman\Downloads\orthinx dataset\MedicalExpert-II\0Normal\NormalG0 (263).png,0,Normal,train,ff84043b7a52723c2d84a858577367b9
C:\Users\heman\Downloads\orthinx dataset\MedicalExpert-II\0Normal\NormalG0 (264).png,0,Normal,train,90b521cea33961a8f469800976b79aac
C:\Users\heman\Downloads\orthinx dataset\MedicalExpert-II\0Normal\NormalG0 (265).png,0,Normal,train,b0f295182c90ef11a5a40caca08f7196
C:\Users\heman\Downloads\orthinx dataset\MedicalExpert-II\0Normal\NormalG0 (266).png,0,Normal,train,8e82ea324a339ca4b303c63e0367a9f0
C:\Users\heman\Downloads\orthinx dataset\MedicalExpert-II\0Normal\NormalG0 (267).png,0,Normal,train,77c951f5c61cbec56ae29592a01ec0cd
C:\Users\heman\Downloads\orthinx dataset\MedicalExpert-II\0Normal\NormalG0 (268).png,0,Normal,test,17d6b2e3110b0fcbdf9e9ad477f73c8d
C:\Users\heman\Downloads\orthinx dataset\MedicalExpert-II\0Normal\NormalG0 (269).png,0,Normal,val,7e26ebd4e6a4e15004108898509f4425
C:\Users\heman\Downloads\orthinx dataset\MedicalExpert-II\0Normal\NormalG0 (27).png,0,Normal,test,5fa90766624362a96d68196319e4af99
C:\Users\heman\Downloads\orthinx dataset\MedicalExpert-II\0Normal\NormalG0 (270).png,0,Normal,test,a459e99a95e903624094e2aac9cf3485
C:\Users\heman\Downloads\orthinx dataset\MedicalExpert-II\0Normal\NormalG0 (271).png,0,Normal,test,24db558ad62e48bbfaceed5e1bc01ac6
C:\Users\heman\Downloads\orthinx dataset\MedicalExpert-II\0Normal\NormalG0 (272).png,0,Normal,train,fe79a4404b4ee82a5794a1ba0710ca22
C:\Users\heman\Downloads\orthinx dataset\MedicalExpert-II\0Normal\NormalG0 (273).png,0,Normal,train,f065cce4f10ec889745f7825ce0f0000
C:\Users\heman\Downloads\orthinx dataset\MedicalExpert-II\0Normal\NormalG0 (274).png,0,Normal,train,6ae1a36ab2e0cf3ba52cc9594a9243d1
C:\Users\heman\Downloads\orthinx dataset\MedicalExpert-II\0Normal\NormalG0 (275).png,0,Normal,train,3e0a1328a92613915161f7887a2e9c49
C:\Users\heman\Downloads\orthinx dataset\MedicalExpert-II\0Normal\NormalG0 (276).png,0,Normal,train,7b355bfaeb72c9fbf8e984989c29f0c1
C:\Users\heman\Downloads\orthinx dataset\MedicalExpert-II\0Normal\NormalG0 (277).png,0,Normal,train,01a39a4255ba6a5ee5783f3459421541
C:\Users\heman\Downloads\orthinx dataset\MedicalExpert-II\0Normal\NormalG0 (278).png,0,Normal,train,63c49791030d5c72feb2f88ca45b70b7
C:\Users\heman\Downloads\orthinx dataset\MedicalExpert-II\0Normal\NormalG0 (279).png,0,Normal,train,47b3faa69f9620fdb7678e21ecb1ba04
C:\Users\heman\Downloads\orthinx dataset\MedicalExpert-II\0Normal\NormalG0 (28).png,0,Normal,test,fa46108bffefb6f5206bc2c5c776b1cf
C:\Users\heman\Downloads\orthinx dataset\MedicalExpert-II\0Normal\NormalG0 (280).png,0,Normal,val,131aae4e55f4e84c6be1aa7335a41e6a
C:\Users\heman\Downloads\orthinx dataset\MedicalExpert-II\0Normal\NormalG0 (281).png,0,Normal,train,ee3c826d37d9e78b231006bdb8dd88f5
C:\Users\heman\Downloads\orthinx dataset\MedicalExpert-II\0Normal\NormalG0 (282).png,0,Normal,train,211e965f179369ce78f347fe44ed3f4e
C:\Users\heman\Downloads\orthinx dataset\MedicalExpert-II\0Normal\NormalG0 (283).png,0,Normal,train,d4cc7347c79db142db269487d19265ef
C:\Users\heman\Downloads\orthinx dataset\MedicalExpert-II\0Normal\NormalG0 (284).png,0,Normal,test,6fe9ee3347e2c18a924e5872289a7f8e
C:\Users\heman\Downloads\orthinx dataset\MedicalExpert-II\0Normal\NormalG0 (285).png,0,Normal,train,b85fb33a95dfac9640cb45b51adf72fa
C:\Users\heman\Downloads\orthinx dataset\MedicalExpert-II\0Normal\NormalG0 (286).png,0,Normal,test,e0327718c5cdbf84842635c935e1fa6a
C:\Users\heman\Downloads\orthinx dataset\MedicalExpert-II\0Normal\NormalG0 (287).png,0,Normal,train,3a74d94d9870dc32579f4555fe2a6d52
C:\Users\heman\Downloads\orthinx dataset\MedicalExpert-II\0Normal\NormalG0 (288).png,0,Normal,train,9b9e7bd520d14413785de09f331cfafc
C:\Users\heman\Downloads\orthinx dataset\MedicalExpert-II\0Normal\NormalG0 (289).png,0,Normal,train,f7fa98fa902ccb34ebc8efe6565be9e3
C:\Users\heman\Downloads\orthinx dataset\MedicalExpert-II\0Normal\NormalG0 (29).png,0,Normal,train,1d078bda780cc75290d9aab8f3ad6cc6
C:\Users\heman\Downloads\orthinx dataset\MedicalExpert-II\0Normal\NormalG0 (290).png,0,Normal,val,acfc6d46bfd1af45b844b320c6f8fdba
C:\Users\heman\Downloads\orthinx dataset\MedicalExpert-II\0Normal\NormalG0 (291).png,0,Normal,test,7fc646ac3abeaf2be4a1dbcba31c437f
C:\Users\heman\Downloads\orthinx dataset\MedicalExpert-II\0Normal\NormalG0 (292).png,0,Normal,val,b94b19f6e02c7497bf3b9209aa6cc442
C:\Users\heman\Downloads\orthinx dataset\MedicalExpert-II\0Normal\NormalG0 (293).png,0,Normal,val,c459cc8da1e8d3628cf061bb616ad07b
C:\Users\heman\Downloads\orthinx dataset\MedicalExpert-II\0Normal\NormalG0 (294).png,0,Normal,val,b94b19f6e02c7497bf3b9209aa6cc442
C:\Users\heman\Downloads\orthinx dataset\MedicalExpert-II\0Normal\NormalG0 (295).png,0,Normal,test,c10d88bf1eaf7691a723489460af01c6
C:\Users\heman\Downloads\orthinx dataset\MedicalExpert-II\0Normal\NormalG0 (296).png,0,Normal,test,f58ff89d060f6bc1ac413b0ed3b14347
C:\Users\heman\Downloads\orthinx dataset\MedicalExpert-II\0Normal\NormalG0 (297).png,0,Normal,train,19d3d916d3dd3f3811c61c68e3790e7a
C:\Users\heman\Downloads\orthinx dataset\MedicalExpert-II\0Normal\NormalG0 (298).png,0,Normal,train,4d3da25db1b8a6b8908b824183f3baac
C:\Users\heman\Downloads\orthinx dataset\MedicalExpert-II\0Normal\NormalG0 (299).png,0,Normal,train,babf3281ca5a9ff69508774b9d5314a8
C:\Users\heman\Downloads\orthinx dataset\MedicalExpert-II\0Normal\NormalG0 (30).png,0,Normal,train,dc0e15d6d771ccf278bce759599bab9d
C:\Users\heman\Downloads\orthinx dataset\MedicalExpert-II\0Normal\NormalG0 (300).png,0,Normal,train,97d146077d7bb3e977c24d79e617d7b0
C:\Users\heman\Downloads\orthinx dataset\MedicalExpert-II\0Normal\NormalG0 (301).png,0,Normal,train,f7bfa5b2393abcd82ca554767739f4d0
C:\Users\heman\Downloads\orthinx dataset\MedicalExpert-II\0Normal\NormalG0 (302).png,0,Normal,train,b9e72c78acecfd108593d9422e03c37c
C:\Users\heman\Downloads\orthinx dataset\MedicalExpert-II\0Normal\NormalG0 (303).png,0,Normal,val,6dfed8e42b7fa2a6f369d1aeb5afd667
C:\Users\heman\Downloads\orthinx dataset\MedicalExpert-II\0Normal\NormalG0 (304).png,0,Normal,train,fbec463540cff400ed1d9b6ae7206aeb
C:\Users\heman\Downloads\orthinx dataset\MedicalExpert-II\0Normal\NormalG0 (305).png,0,Normal,train,dea25cb301db6dd0cf17430c8208024d
C:\Users\heman\Downloads\orthinx dataset\MedicalExpert-II\0Normal\NormalG0 (306).png,0,Normal,train,e6f0123f1d3742546af7929855f37070
C:\Users\heman\Downloads\orthinx dataset\MedicalExpert-II\0Normal\NormalG0 (307).png,0,Normal,val,538ecfc27c90c1ce3ccdcf9e5cacfb00
C:\Users\heman\Downloads\orthinx dataset\MedicalExpert-II\0Normal\NormalG0 (308).png,0,Normal,train,3f33b93889e3b68eece1ed0d7cc22410
C:\Users\heman\Downloads\orthinx dataset\MedicalExpert-II\0Normal\NormalG0 (309).png,0,Normal,train,5f0c174bc427cc42e7b8b54e24f98e56
C:\Users\heman\Downloads\orthinx dataset\MedicalExpert-II\0Normal\NormalG0 (31).png,0,Normal,train,76e7237a85bbd7dcd0dae3036c78f5aa
C:\Users\heman\Downloads\orthinx dataset\MedicalExpert-II\0Normal\NormalG0 (310).png,0,Normal,train,06e254d2ec988bee9b2479b2649efc67
C:\Users\heman\Downloads\orthinx dataset\MedicalExpert-II\0Normal\NormalG0 (311).png,0,Normal,test,183b7c58867682a423312d4da83ba7d5
C:\Users\heman\Downloads\orthinx dataset\MedicalExpert-II\0Normal\NormalG0 (312).png,0,Normal,val,a9723bcb88037022ce686220f595d226
C:\Users\heman\Downloads\orthinx dataset\MedicalExpert-II\0Normal\NormalG0 (313).png,0,Normal,train,9d59439f4b66aa55666d43e7c8059a98
C:\Users\heman\Downloads\orthinx dataset\MedicalExpert-II\0Normal\NormalG0 (314).png,0,Normal,train,99ac01f2bc13b7e1c026d3b9dcd00e57
C:\Users\heman\Downloads\orthinx dataset\MedicalExpert-II\0Normal\NormalG0 (315).png,0,Normal,train,e14943f0800f7b5767556ba399d7a3d5
C:\Users\heman\Downloads\orthinx dataset\MedicalExpert-II\0Normal\NormalG0 (316).png,0,Normal,train,270437595d9feda1319ae91495f49460
C:\Users\heman\Downloads\orthinx dataset\MedicalExpert-II\0Normal\NormalG0 (317).png,0,Normal,val,99f63f0a80f5d8bd047253baf7811be3
C:\Users\heman\Downloads\orthinx dataset\MedicalExpert-II\0Normal\NormalG0 (318).png,0,Normal,train,6a402fca31336ec9ec75790f41db706c
C:\Users\heman\Downloads\orthinx dataset\MedicalExpert-II\0Normal\NormalG0 (319).png,0,Normal,val,9c55abd7deb646438c49e6bf1fa7b9b6
C:\Users\heman\Downloads\orthinx dataset\MedicalExpert-II\0Normal\NormalG0 (32).png,0,Normal,train,6255d07d1b9dc9efa180aa5d904acf80
C:\Users\heman\Downloads\orthinx dataset\MedicalExpert-II\0Normal\NormalG0 (320).png,0,Normal,train,f196f69ae13541874e3453f9ddea3aa8
C:\Users\heman\Downloads\orthinx dataset\MedicalExpert-II\0Normal\NormalG0 (321).png,0,Normal,train,7ec0632d2f0265e6a83c644683ee5614
C:\Users\heman\Downloads\orthinx dataset\MedicalExpert-II\0Normal\NormalG0 (322).png,0,Normal,train,b0170b985f92afad1ead55fb9272e7b2
C:\Users\heman\Downloads\orthinx dataset\MedicalExpert-II\0Normal\NormalG0 (323).png,0,Normal,train,a479c487ae96e243fa5f8d6153c125eb
C:\Users\heman\Downloads\orthinx dataset\MedicalExpert-II\0Normal\NormalG0 (324).png,0,Normal,train,8cd3e6717369f48d546cc9807a9c298a
C:\Users\heman\Downloads\orthinx dataset\MedicalExpert-II\0Normal\NormalG0 (325).png,0,Normal,train,cfc03be211e0e2258fae7d87d6a6627a
C:\Users\heman\Downloads\orthinx dataset\MedicalExpert-II\0Normal\NormalG0 (326).png,0,Normal,test,f77d6d10c3fa145c1c5c833bad59b733
C:\Users\heman\Downloads\orthinx dataset\MedicalExpert-II\0Normal\NormalG0 (327).png,0,Normal,test,5ba5447cdc62e43c04f94cd7030e4ba1
C:\Users\heman\Downloads\orthinx dataset\MedicalExpert-II\0Normal\NormalG0 (328).png,0,Normal,train,c07ef33602fa5728c4c18b986809c3f2
C:\Users\heman\Downloads\orthinx dataset\MedicalExpert-II\0Normal\NormalG0 (329).png,0,Normal,train,69e2dbb3a3ddd3cfe5426ccbfaa82915
C:\Users\heman\Downloads\orthinx dataset\MedicalExpert-II\0Normal\NormalG0 (33).png,0,Normal,train,021b6830bd76ff591db8b4227b6fe9b3
C:\Users\heman\Downloads\orthinx dataset\MedicalExpert-II\0Normal\NormalG0 (330).png,0,Normal,test,387030ee3a8ad00fd09ae5e600cdd345
C:\Users\heman\Downloads\orthinx dataset\MedicalExpert-II\0Normal\NormalG0 (331).png,0,Normal,test,8c22638dcc71cc49eeda45cb4922b1e0
C:\Users\heman\Downloads\orthinx dataset\MedicalExpert-II\0Normal\NormalG0 (332).png,0,Normal,train,8c95eab01b57099ee18d41235eafd6a5
C:\Users\heman\Downloads\orthinx dataset\MedicalExpert-II\0Normal\NormalG0 (333).png,0,Normal,val,777b47c460dcd1721d6be9b345fd4cec
C:\Users\heman\Downloads\orthinx dataset\MedicalExpert-II\0Normal\NormalG0 (334).png,0,Normal,val,fd43414072ed066758d2882dd06ef0a6
C:\Users\heman\Downloads\orthinx dataset\MedicalExpert-II\0Normal\NormalG0 (335).png,0,Normal,train,239e8ac6f6a2c474516fbb9825129059
C:\Users\heman\Downloads\orthinx dataset\MedicalExpert-II\0Normal\NormalG0 (336).png,0,Normal,train,e10354c3f85929bde9e44cd6278341b8
C:\Users\heman\Downloads\orthinx dataset\MedicalExpert-II\0Normal\NormalG0 (337).png,0,Normal,test,ba2ad1056438f2c157aebdc6c0a16eb4
C:\Users\heman\Downloads\orthinx dataset\MedicalExpert-II\0Normal\NormalG0 (338).png,0,Normal,val,02db83609be16d072f997f022624e3b6
C:\Users\heman\Downloads\orthinx dataset\MedicalExpert-II\0Normal\NormalG0 (339).png,0,Normal,train,4dc530586058ca305bc52c9d9286ab1a
C:\Users\heman\Downloads\orthinx dataset\MedicalExpert-II\0Normal\NormalG0 (34).png,0,Normal,train,729c7c6e0db44fb0a6da2a5ab32367ae
C:\Users\heman\Downloads\orthinx dataset\MedicalExpert-II\0Normal\NormalG0 (340).png,0,Normal,val,cc46e6520eb5b8b7b296ad8af9591e6d
C:\Users\heman\Downloads\orthinx dataset\MedicalExpert-II\0Normal\NormalG0 (341).png,0,Normal,train,de9a0b056c5a04fa6c75aa3bbb735ab7
C:\Users\heman\Downloads\orthinx dataset\MedicalExpert-II\0Normal\NormalG0 (342).png,0,Normal,test,afbf0bc2b992cbed5628612b07d780f4
C:\Users\heman\Downloads\orthinx dataset\MedicalExpert-II\0Normal\NormalG0 (343).png,0,Normal,val,b0770bbcae40462936ab5d0ada0fd046
C:\Users\heman\Downloads\orthinx dataset\MedicalExpert-II\0Normal\NormalG0 (344).png,0,Normal,train,ca3c4c604d07d0afc15cb36b8fe8e979
C:\Users\heman\Downloads\orthinx dataset\MedicalExpert-II\0Normal\NormalG0 (345).png,0,Normal,train,ce92ba0c0aa09ec4a97a351ddf764b94
C:\Users\heman\Downloads\orthinx dataset\MedicalExpert-II\0Normal\NormalG0 (346).png,0,Normal,val,57a0f7dde84c541c7e9006348410b404
C:\Users\heman\Downloads\orthinx dataset\MedicalExpert-II\0Normal\NormalG0 (347).png,0,Normal,train,80ce586edc30fda3b19b721cb68ed757
C:\Users\heman\Downloads\orthinx dataset\MedicalExpert-II\0Normal\NormalG0 (348).png,0,Normal,train,7fd56d020b6031761700d20702b745f5
C:\Users\heman\Downloads\orthinx dataset\MedicalExpert-II\0Normal\NormalG0 (349).png,0,Normal,test,43fc41187a072f5ccf7f08e9c2b83e05
C:\Users\heman\Downloads\orthinx dataset\MedicalExpert-II\0Normal\NormalG0 (35).png,0,Normal,train,a802b16cc50573ce7120d65d26a9b094
C:\Users\heman\Downloads\orthinx dataset\MedicalExpert-II\0Normal\NormalG0 (350).png,0,Normal,train,ae0986d84b2108fa5f536051ea09147a
C:\Users\heman\Downloads\orthinx dataset\MedicalExpert-II\0Normal\NormalG0 (351).png,0,Normal,test,71a0a78f3fecd2b91fb0bc29b9788602
C:\Users\heman\Downloads\orthinx dataset\MedicalExpert-II\0Normal\NormalG0 (352).png,0,Normal,train,16524efb7ecbc3601a775c1e41b848d4
C:\Users\heman\Downloads\orthinx dataset\MedicalExpert-II\0Normal\NormalG0 (353).png,0,Normal,train,55ed6b7f6f771810043ff67eb6099966
C:\Users\heman\Downloads\orthinx dataset\MedicalExpert-II\0Normal\NormalG0 (354).png,0,Normal,train,c31f409da19da65c0dd749dfd481cdc3
C:\Users\heman\Downloads\orthinx dataset\MedicalExpert-II\0Normal\NormalG0 (355).png,0,Normal,train,5950a0091fa9aeb469c379ae714725c9
C:\Users\heman\Downloads\orthinx dataset\MedicalExpert-II\0Normal\NormalG0 (356).png,0,Normal,train,8a9298a553d10b626ef407cd8bbd2d7d
C:\Users\heman\Downloads\orthinx dataset\MedicalExpert-II\0Normal\NormalG0 (357).png,0,Normal,train,7b2d560ad49f591494b9cebc49ce6e16
C:\Users\heman\Downloads\orthinx dataset\MedicalExpert-II\0Normal\NormalG0 (358).png,0,Normal,train,05ea38fcf00b565e8f0f006eb0b72fe7
C:\Users\heman\Downloads\orthinx dataset\MedicalExpert-II\0Normal\NormalG0 (359).png,0,Normal,train,9ae5fb32a85c25a62e76151f38fb893a
C:\Users\heman\Downloads\orthinx dataset\MedicalExpert-II\0Normal\NormalG0 (36).png,0,Normal,val,cc264ae5642671a213df0c234a4b033e
C:\Users\heman\Downloads\orthinx dataset\MedicalExpert-II\0Normal\NormalG0 (360).png,0,Normal,train,edbd7aeebcc9d67f5cf9a68f69b9c262
C:\Users\heman\Downloads\orthinx dataset\MedicalExpert-II\0Normal\NormalG0 (361).png,0,Normal,train,b0f392e4eae2a93eba39fd028c826e21
C:\Users\heman\Downloads\orthinx dataset\MedicalExpert-II\0Normal\NormalG0 (362).png,0,Normal,train,eb052f5e1ac39dd1d841a940bbc05a3c
C:\Users\heman\Downloads\orthinx dataset\MedicalExpert-II\0Normal\NormalG0 (363).png,0,Normal,test,c784cc39668695fadad1c55f37116773
C:\Users\heman\Downloads\orthinx dataset\MedicalExpert-II\0Normal\NormalG0 (364).png,0,Normal,val,b9f66beeaf4594c4fec0f791d7e09634
C:\Users\heman\Downloads\orthinx dataset\MedicalExpert-II\0Normal\NormalG0 (365).png,0,Normal,train,1cb3c22c556a0d20723af43e1b8c3cb7
C:\Users\heman\Downloads\orthinx dataset\MedicalExpert-II\0Normal\NormalG0 (366).png,0,Normal,val,8fdb175822dc537ff25e90740902fcd3
C:\Users\heman\Downloads\orthinx dataset\MedicalExpert-II\0Normal\NormalG0 (367).png,0,Normal,train,9d9855d3855463703d04a8a3ac53e11f
C:\Users\heman\Downloads\orthinx dataset\MedicalExpert-II\0Normal\NormalG0 (368).png,0,Normal,train,f644b7e9c3d0ce94967e2ebf98c8e424
C:\Users\heman\Downloads\orthinx dataset\MedicalExpert-II\0Normal\NormalG0 (369).png,0,Normal,train,9eba1f194fe95d88bcab6012361b6781
C:\Users\heman\Downloads\orthinx dataset\MedicalExpert-II\0Normal\NormalG0 (37).png,0,Normal,train,4c492601dcfe8131e0380413f1815df9
C:\Users\heman\Downloads\orthinx dataset\MedicalExpert-II\0Normal\NormalG0 (370).png,0,Normal,test,a8710d03fa9f6a364b1534defcc61fb5
C:\Users\heman\Downloads\orthinx dataset\MedicalExpert-II\0Normal\NormalG0 (371).png,0,Normal,train,d0002ec15ca1338f82d4dfc19616a886
C:\Users\heman\Downloads\orthinx dataset\MedicalExpert-II\0Normal\NormalG0 (372).png,0,Normal,train,1af36af6d51473c8c90f2d6e69cb8952
C:\Users\heman\Downloads\orthinx dataset\MedicalExpert-II\0Normal\NormalG0 (373).png,0,Normal,test,1b3d661f9632755819772a4a851d81e9
C:\Users\heman\Downloads\orthinx dataset\MedicalExpert-II\0Normal\NormalG0 (374).png,0,Normal,train,0f54902ab13e6e799353196355176e1c
C:\Users\heman\Downloads\orthinx dataset\MedicalExpert-II\0Normal\NormalG0 (375).png,0,Normal,train,8d69787657c1d5bfadc50f411604ebd2
C:\Users\heman\Downloads\orthinx dataset\MedicalExpert-II\0Normal\NormalG0 (376).png,0,Normal,test,fa7e25ae6f926f9e2fd1f3ab2ad1a0f0
C:\Users\heman\Downloads\orthinx dataset\MedicalExpert-II\0Normal\NormalG0 (377).png,0,Normal,train,9e9de0d8f8545312190f31e60b79a8a9
C:\Users\heman\Downloads\orthinx dataset\MedicalExpert-II\0Normal\NormalG0 (378).png,0,Normal,val,8d0e66d4a0d687acc63347c10caffffa
C:\Users\heman\Downloads\orthinx dataset\MedicalExpert-II\0Normal\NormalG0 (38).png,0,Normal,train,07228fd2363eb851e62acd6a0e36cf70
C:\Users\heman\Downloads\orthinx dataset\MedicalExpert-II\0Normal\NormalG0 (381).png,0,Normal,train,64f637b4d008b5a4b40d9b95759e6b81
C:\Users\heman\Downloads\orthinx dataset\MedicalExpert-II\0Normal\NormalG0 (382).png,0,Normal,val,e8fdebac198d58153a888929e68b78f8
C:\Users\heman\Downloads\orthinx dataset\MedicalExpert-II\0Normal\NormalG0 (383).png,0,Normal,train,9afe402a4aaadc1f140cc19abcf347c2
C:\Users\heman\Downloads\orthinx dataset\MedicalExpert-II\0Normal\NormalG0 (384).png,0,Normal,test,40df92fda2500ec834c58c3d78b6b223
C:\Users\heman\Downloads\orthinx dataset\MedicalExpert-II\0Normal\NormalG0 (385).png,0,Normal,train,faf600596b9c09a7a9e9a4462296c692
C:\Users\heman\Downloads\orthinx dataset\MedicalExpert-II\0Normal\NormalG0 (386).png,0,Normal,train,579c14592d9acfbfc875c7c165c541d4
C:\Users\heman\Downloads\orthinx dataset\MedicalExpert-II\0Normal\NormalG0 (387).png,0,Normal,train,935b3ff53da242cb946e6441b254e423
C:\Users\heman\Downloads\orthinx dataset\MedicalExpert-II\0Normal\NormalG0 (388).png,0,Normal,test,cfd5c9ee37b2038e98beda757af018be
C:\Users\heman\Downloads\orthinx dataset\MedicalExpert-II\0Normal\NormalG0 (389).png,0,Normal,train,a280882de4fcf287bff1b0bcdcff6d19
C:\Users\heman\Downloads\orthinx dataset\MedicalExpert-II\0Normal\NormalG0 (39).png,0,Normal,train,c9b1004c213d2ae6e47f7832d472438f
C:\Users\heman\Downloads\orthinx dataset\MedicalExpert-II\0Normal\NormalG0 (391).png,0,Normal,train,8d14b2e9d8c3726dca76ffc6e52074d7
C:\Users\heman\Downloads\orthinx dataset\MedicalExpert-II\0Normal\NormalG0 (392).png,0,Normal,train,7828d60f4d169306a05043017751ec3f
C:\Users\heman\Downloads\orthinx dataset\MedicalExpert-II\0Normal\NormalG0 (393).png,0,Normal,train,4eb93b0b10b7e103651fb0bc4a1cf3ab
C:\Users\heman\Downloads\orthinx dataset\MedicalExpert-II\0Normal\NormalG0 (394).png,0,Normal,test,9ede7c40fa96f419e13c596fded2d866
C:\Users\heman\Downloads\orthinx dataset\MedicalExpert-II\0Normal\NormalG0 (395).png,0,Normal,val,6be9c9670a0f0051be42985bd78b3999
C:\Users\heman\Downloads\orthinx dataset\MedicalExpert-II\0Normal\NormalG0 (396).png,0,Normal,test,9212ced1b0beaf5a0a72b1b63a135488
C:\Users\heman\Downloads\orthinx dataset\MedicalExpert-II\0Normal\NormalG0 (397).png,0,Normal,train,40ee37904a69e83e56ab66f36e141edc
C:\Users\heman\Downloads\orthinx dataset\MedicalExpert-II\0Normal\NormalG0 (398).png,0,Normal,test,7fd4d2fe730ac0fd791791d2723d24b2
C:\Users\heman\Downloads\orthinx dataset\MedicalExpert-II\0Normal\NormalG0 (399).png,0,Normal,train,0cd77d5431c8b59e0dcd0471b9a6a170
C:\Users\heman\Downloads\orthinx dataset\MedicalExpert-II\0Normal\NormalG0 (4).png,0,Normal,train,c35a46f5f5fca2f4c11c6c645c12996f
C:\Users\heman\Downloads\orthinx dataset\MedicalExpert-II\0Normal\NormalG0 (40).png,0,Normal,train,344ad523e59432d48db65b365bc32571
C:\Users\heman\Downloads\orthinx dataset\MedicalExpert-II\0Normal\NormalG0 (400).png,0,Normal,train,c4b72071649964f494c9bc15521da8ff
C:\Users\heman\Downloads\orthinx dataset\MedicalExpert-II\0Normal\NormalG0 (401).png,0,Normal,train,e19fe3741b7f8f619cba7cf828a90f51
C:\Users\heman\Downloads\orthinx dataset\MedicalExpert-II\0Normal\NormalG0 (402).png,0,Normal,train,691d5991939ebc23ca7271a92dde0e52
C:\Users\heman\Downloads\orthinx dataset\MedicalExpert-II\0Normal\NormalG0 (403).png,0,Normal,val,a66bf132774b8c3e102a1ee915c9fdc7
C:\Users\heman\Downloads\orthinx dataset\MedicalExpert-II\0Normal\NormalG0 (404).png,0,Normal,train,63ce8734ecde051512a6f112e7362fd1
C:\Users\heman\Downloads\orthinx dataset\MedicalExpert-II\0Normal\NormalG0 (405).png,0,Normal,test,e08c540f730bdabc1157406512b2eb7a
C:\Users\heman\Downloads\orthinx dataset\MedicalExpert-II\0Normal\NormalG0 (406).png,0,Normal,train,7736fd6e3b427b45c9060d5b6ef25d23
C:\Users\heman\Downloads\orthinx dataset\MedicalExpert-II\0Normal\NormalG0 (407).png,0,Normal,train,96c7880d2691d25a291fc507e57fdbb1
C:\Users\heman\Downloads\orthinx dataset\MedicalExpert-II\0Normal\NormalG0 (408).png,0,Normal,train,778d49b34c234a75df161d2a2a139e92
C:\Users\heman\Downloads\orthinx dataset\MedicalExpert-II\0Normal\NormalG0 (409).png,0,Normal,test,6408c76aa1bc557fd57dd97822eb7d14
C:\Users\heman\Downloads\orthinx dataset\MedicalExpert-II\0Normal\NormalG0 (41).png,0,Normal,val,c510f738bd090ce22e2732e07939c8d4
C:\Users\heman\Downloads\orthinx dataset\MedicalExpert-II\0Normal\NormalG0 (410).png,0,Normal,val,b15f4a749e47b1eb64b4865a48e3ae54
C:\Users\heman\Downloads\orthinx dataset\MedicalExpert-II\0Normal\NormalG0 (411).png,0,Normal,train,99c95ac50f0911228fdf7e44953296e7
C:\Users\heman\Downloads\orthinx dataset\MedicalExpert-II\0Normal\NormalG0 (412).png,0,Normal,train,40ed909fe9c92fdbe0bbd19381fcb40b
C:\Users\heman\Downloads\orthinx dataset\MedicalExpert-II\0Normal\NormalG0 (413).png,0,Normal,val,68c338bf7c479131a2fcd3cd0b0e4482
C:\Users\heman\Downloads\orthinx dataset\MedicalExpert-II\0Normal\NormalG0 (414).png,0,Normal,train,71863286adc18b8061ab24772593358e
C:\Users\heman\Downloads\orthinx dataset\MedicalExpert-II\0Normal\NormalG0 (415).png,0,Normal,val,2b84fdae79865367652ebdb7d32cb010
C:\Users\heman\Downloads\orthinx dataset\MedicalExpert-II\0Normal\NormalG0 (416).png,0,Normal,train,ac839cd919b59c5adf5be704f2120166
C:\Users\heman\Downloads\orthinx dataset\MedicalExpert-II\0Normal\NormalG0 (417).png,0,Normal,train,b5e23e3dd9f38e164d7dd0e2e3f8d969
C:\Users\heman\Downloads\orthinx dataset\MedicalExpert-II\0Normal\NormalG0 (418).png,0,Normal,train,9701041001b795b47956ebc8a60cdd33
C:\Users\heman\Downloads\orthinx dataset\MedicalExpert-II\0Normal\NormalG0 (419).png,0,Normal,train,d4b9456e6eae64a4694bf63a5c2199e2
C:\Users\heman\Downloads\orthinx dataset\MedicalExpert-II\0Normal\NormalG0 (42).png,0,Normal,train,76efd9a084b528d6d4e7d0b209f0d5a1
C:\Users\heman\Downloads\orthinx dataset\MedicalExpert-II\0Normal\NormalG0 (420).png,0,Normal,train,a44ac192d7cc5348cd49d8a1d975fc81
C:\Users\heman\Downloads\orthinx dataset\MedicalExpert-II\0Normal\NormalG0 (421).png,0,Normal,train,e6821fc1314933e6c07626f9388ea26a
C:\Users\heman\Downloads\orthinx dataset\MedicalExpert-II\0Normal\NormalG0 (422).png,0,Normal,train,79eedfd000fcd09e7f164a1e8eb1dcc8
C:\Users\heman\Downloads\orthinx dataset\MedicalExpert-II\0Normal\NormalG0 (423).png,0,Normal,val,203c8243237bf403fd037c38b26c9a33
C:\Users\heman\Downloads\orthinx dataset\MedicalExpert-II\0Normal\NormalG0 (424).png,0,Normal,train,17c3855713892e4013eaad5a78677ea4
C:\Users\heman\Downloads\orthinx dataset\MedicalExpert-II\0Normal\NormalG0 (425).png,0,Normal,train,935ffa76ed736d2e351f2ac4d71ce6e7
C:\Users\heman\Downloads\orthinx dataset\MedicalExpert-II\0Normal\NormalG0 (426).png,0,Normal,train,e5a6f98385df623d77a35e353f9e6eb8
C:\Users\heman\Downloads\orthinx dataset\MedicalExpert-II\0Normal\NormalG0 (427).png,0,Normal,test,8d5bd7427a18f2c219f688769d4f1130
C:\Users\heman\Downloads\orthinx dataset\MedicalExpert-II\0Normal\NormalG0 (428).png,0,Normal,train,17890ae70c1c62fc0acdc01e2002a4e1
C:\Users\heman\Downloads\orthinx dataset\MedicalExpert-II\0Normal\NormalG0 (429).png,0,Normal,train,a90044538fda7a0b5a9f0073bf3bcc24
C:\Users\heman\Downloads\orthinx dataset\MedicalExpert-II\0Normal\NormalG0 (43).png,0,Normal,test,22be3016c77730146437426ebdfd1036
C:\Users\heman\Downloads\orthinx dataset\MedicalExpert-II\0Normal\NormalG0 (430).png,0,Normal,train,2fc2d9ca7b15fcb91f661c174d8c9cd9
C:\Users\heman\Downloads\orthinx dataset\MedicalExpert-II\0Normal\NormalG0 (431).png,0,Normal,train,3f078b1a3b382fdb7170bcb7c4c6fb85
C:\Users\heman\Downloads\orthinx dataset\MedicalExpert-II\0Normal\NormalG0 (432).png,0,Normal,train,d536676dfc09700ac3e90966c936d1fe
C:\Users\heman\Downloads\orthinx dataset\MedicalExpert-II\0Normal\NormalG0 (433).png,0,Normal,train,19a2d1d33bb0a4b118fb30a967c1ed6d
C:\Users\heman\Downloads\orthinx dataset\MedicalExpert-II\0Normal\NormalG0 (434).png,0,Normal,train,0b62cfe14817485dfbc71d58d597b5e3
C:\Users\heman\Downloads\orthinx dataset\MedicalExpert-II\0Normal\NormalG0 (435).png,0,Normal,test,2503c08a5940f87a055efe13c7ff3ed7
C:\Users\heman\Downloads\orthinx dataset\MedicalExpert-II\0Normal\NormalG0 (436).png,0,Normal,train,8985e4fbf0e32f05f7925f53e46a8d35
C:\Users\heman\Downloads\orthinx dataset\MedicalExpert-II\0Normal\NormalG0 (437).png,0,Normal,train,e775c8a02641c2aaf3de0088bf40fc6f
C:\Users\heman\Downloads\orthinx dataset\MedicalExpert-II\0Normal\NormalG0 (438).png,0,Normal,train,82059715b3303cbe0061dd4e01a58ca4
C:\Users\heman\Downloads\orthinx dataset\MedicalExpert-II\0Normal\NormalG0 (439).png,0,Normal,train,4c9502db5cf774085a6f5952dff67ffe
C:\Users\heman\Downloads\orthinx dataset\MedicalExpert-II\0Normal\NormalG0 (44).png,0,Normal,train,9ed55ecb48b9f222422a08fa409bc619
C:\Users\heman\Downloads\orthinx dataset\MedicalExpert-II\0Normal\NormalG0 (440).png,0,Normal,val,58e82ea35800cccb8ff1cc369cbd179b
C:\Users\heman\Downloads\orthinx dataset\MedicalExpert-II\0Normal\NormalG0 (441).png,0,Normal,test,1e99886b4e32f8fc7a4bccf7ea31f476
C:\Users\heman\Downloads\orthinx dataset\MedicalExpert-II\0Normal\NormalG0 (443).png,0,Normal,train,b7b3c82eba5c53d04db3e66babf93bda
C:\Users\heman\Downloads\orthinx dataset\MedicalExpert-II\0Normal\NormalG0 (444).png,0,Normal,train,6a385eba88ed20064c5e0b62c2f5ad91
C:\Users\heman\Downloads\orthinx dataset\MedicalExpert-II\0Normal\NormalG0 (446).png,0,Normal,train,557a2cc98400a76ffa54034bd2e9c8fb
C:\Users\heman\Downloads\orthinx dataset\MedicalExpert-II\0Normal\NormalG0 (447).png,0,Normal,test,3ae1b0d3941d4c2751404a5a7b8b2782
C:\Users\heman\Downloads\orthinx dataset\MedicalExpert-II\0Normal\NormalG0 (448).png,0,Normal,train,3fd2d3c2fd78dcda2a0a35ff4d7bbcdd
C:\Users\heman\Downloads\orthinx dataset\MedicalExpert-II\0Normal\NormalG0 (449).png,0,Normal,val,e05e76d3ff4f4f020d6dea51e96107b8
C:\Users\heman\Downloads\orthinx dataset\MedicalExpert-II\0Normal\NormalG0 (45).png,0,Normal,train,aeec5c3e26853287ce2c943a0748bb38
C:\Users\heman\Downloads\orthinx dataset\MedicalExpert-II\0Normal\NormalG0 (450).png,0,Normal,val,9bf8c1db92f5cec87382253757792107
C:\Users\heman\Downloads\orthinx dataset\MedicalExpert-II\0Normal\NormalG0 (451).png,0,Normal,train,ad72aacb142cae4742e789663a4fe207
C:\Users\heman\Downloads\orthinx dataset\MedicalExpert-II\0Normal\NormalG0 (452).png,0,Normal,train,097886e24a7b5439580198c864845a7c
C:\Users\heman\Downloads\orthinx dataset\MedicalExpert-II\0Normal\NormalG0 (453).png,0,Normal,train,2dc2efeca9624452648735fef14d0399
C:\Users\heman\Downloads\orthinx dataset\MedicalExpert-II\0Normal\NormalG0 (454).png,0,Normal,train,3bbb32d676c74c2cb3b634bc29602aa6
C:\Users\heman\Downloads\orthinx dataset\MedicalExpert-II\0Normal\NormalG0 (455).png,0,Normal,train,092f05d213ad4155ec276ca43a93df35
C:\Users\heman\Downloads\orthinx dataset\MedicalExpert-II\0Normal\NormalG0 (456).png,0,Normal,train,06b3f604941dc40c885f7a5feaa6bb90
C:\Users\heman\Downloads\orthinx dataset\MedicalExpert-II\0Normal\NormalG0 (457).png,0,Normal,train,5289bc85b5769fcb36d350ad84b224d3
C:\Users\heman\Downloads\orthinx dataset\MedicalExpert-II\0Normal\NormalG0 (458).png,0,Normal,train,a7c6e8b0b2ced60bf213103531df758e
C:\Users\heman\Downloads\orthinx dataset\MedicalExpert-II\0Normal\NormalG0 (459).png,0,Normal,train,3a79aaf3ad67ca3f2672d8e9e91acb24
C:\Users\heman\Downloads\orthinx dataset\MedicalExpert-II\0Normal\NormalG0 (46).png,0,Normal,test,0a3015a5be5ca88d89a5eded699c7863
C:\Users\heman\Downloads\orthinx dataset\MedicalExpert-II\0Normal\NormalG0 (460).png,0,Normal,train,dffda8f959edea33b8823d8164f965ce
C:\Users\heman\Downloads\orthinx dataset\MedicalExpert-II\0Normal\NormalG0 (461).png,0,Normal,test,e14722afa0410356051a81d337f9fef4
C:\Users\heman\Downloads\orthinx dataset\MedicalExpert-II\0Normal\NormalG0 (462).png,0,Normal,train,729a45d3d4fa67d788916c2925664ca3
C:\Users\heman\Downloads\orthinx dataset\MedicalExpert-II\0Normal\NormalG0 (463).png,0,Normal,train,5b947aa0b607b1f9f491f6b70c8c905e
C:\Users\heman\Downloads\orthinx dataset\MedicalExpert-II\0Normal\NormalG0 (464).png,0,Normal,train,cb337e0dc62dd27736586fe4d6fe1b4f
C:\Users\heman\Downloads\orthinx dataset\MedicalExpert-II\0Normal\NormalG0 (465).png,0,Normal,train,d44149765ea0756bd1d1092bf8f9e82b
C:\Users\heman\Downloads\orthinx dataset\MedicalExpert-II\0Normal\NormalG0 (466).png,0,Normal,train,262aebea844dc695a6332cd5a330da7d
C:\Users\heman\Downloads\orthinx dataset\MedicalExpert-II\0Normal\NormalG0 (467).png,0,Normal,train,f55d16e4f7e36aa804a1c6a52bad389c
C:\Users\heman\Downloads\orthinx dataset\MedicalExpert-II\0Normal\NormalG0 (469).png,0,Normal,train,66c4a4bdf97dd542ca55dcc509c68a1b
C:\Users\heman\Downloads\orthinx dataset\MedicalExpert-II\0Normal\NormalG0 (47).png,0,Normal,train,1334c5cb1912bf6b3276ce088b58def4
C:\Users\heman\Downloads\orthinx dataset\MedicalExpert-II\0Normal\NormalG0 (470).png,0,Normal,train,628643c5a1366ec04cdabd62ae40a957
C:\Users\heman\Downloads\orthinx dataset\MedicalExpert-II\0Normal\NormalG0 (471).png,0,Normal,train,30476c8952482e5259b18606ec265be3
C:\Users\heman\Downloads\orthinx dataset\MedicalExpert-II\0Normal\NormalG0 (472).png,0,Normal,val,2923d85ddcec0f18d2259e56e7af6ce3
C:\Users\heman\Downloads\orthinx dataset\MedicalExpert-II\0Normal\NormalG0 (473).png,0,Normal,train,06fce3c66aaab350d15aaa8c0c330509
C:\Users\heman\Downloads\orthinx dataset\MedicalExpert-II\0Normal\NormalG0 (474).png,0,Normal,train,d816399832ab97cce1348d2a8f85c099
C:\Users\heman\Downloads\orthinx dataset\MedicalExpert-II\0Normal\NormalG0 (475).png,0,Normal,train,ee54261dcac402aedb10a7650adfa509
C:\Users\heman\Downloads\orthinx dataset\MedicalExpert-II\0Normal\NormalG0 (476).png,0,Normal,train,62496db54b6aa91bc9765ca08fe439b2
C:\Users\heman\Downloads\orthinx dataset\MedicalExpert-II\0Normal\NormalG0 (477).png,0,Normal,train,5584f838078bd1b7692c8bdb76cd234d
C:\Users\heman\Downloads\orthinx dataset\MedicalExpert-II\0Normal\NormalG0 (478).png,0,Normal,test,3104d66d3afc26fbe37ab0d926252036
C:\Users\heman\Downloads\orthinx dataset\MedicalExpert-II\0Normal\NormalG0 (479).png,0,Normal,train,a86fdeb79128bcd88ea8758809d20989
C:\Users\heman\Downloads\orthinx dataset\MedicalExpert-II\0Normal\NormalG0 (48).png,0,Normal,train,6d5b766e5883cbb5e6dfae2b8c258c98
C:\Users\heman\Downloads\orthinx dataset\MedicalExpert-II\0Normal\NormalG0 (480).png,0,Normal,val,03aa0957ae920138fa857a102b2321c1
C:\Users\heman\Downloads\orthinx dataset\MedicalExpert-II\0Normal\NormalG0 (481).png,0,Normal,train,4c2c3fa47cf8881d3cd9c9496880da25
C:\Users\heman\Downloads\orthinx dataset\MedicalExpert-II\0Normal\NormalG0 (483).png,0,Normal,train,fe0636e403d88de92709927a3be2bc90
C:\Users\heman\Downloads\orthinx dataset\MedicalExpert-II\0Normal\NormalG0 (484).png,0,Normal,train,4256ceb05f64210b2d8e71ca0a473900
C:\Users\heman\Downloads\orthinx dataset\MedicalExpert-II\0Normal\NormalG0 (485).png,0,Normal,val,414a7f3daf4514bcefe1242cde68a60c
C:\Users\heman\Downloads\orthinx dataset\MedicalExpert-II\0Normal\NormalG0 (486).png,0,Normal,train,0102d9019d6159c575060e120e069e8f
C:\Users\heman\Downloads\orthinx dataset\MedicalExpert-II\0Normal\NormalG0 (487).png,0,Normal,train,bb711178889dfbe97ce2efe3ae4d29d6
C:\Users\heman\Downloads\orthinx dataset\MedicalExpert-II\0Normal\NormalG0 (488).png,0,Normal,test,06cab0e2a79444cfe3d9c98a3780bbf2
C:\Users\heman\Downloads\orthinx dataset\MedicalExpert-II\0Normal\NormalG0 (489).png,0,Normal,train,a5c816dda6f2934c323b108a90b7f62f
C:\Users\heman\Downloads\orthinx dataset\MedicalExpert-II\0Normal\NormalG0 (49).png,0,Normal,test,1194105f5f9319206ef518dba4f74cbf
C:\Users\heman\Downloads\orthinx dataset\MedicalExpert-II\0Normal\NormalG0 (490).png,0,Normal,train,498daa3201f767e7aed29ddd17eda365
C:\Users\heman\Downloads\orthinx dataset\MedicalExpert-II\0Normal\NormalG0 (491).png,0,Normal,train,5c61360b58a1cc5be2ada5731f5b4f33
C:\Users\heman\Downloads\orthinx dataset\MedicalExpert-II\0Normal\NormalG0 (492).png,0,Normal,test,608fe7b3ea940ada4f7bdf05aafb7739
C:\Users\heman\Downloads\orthinx dataset\MedicalExpert-II\0Normal\NormalG0 (493).png,0,Normal,train,12231a925854fe3305bd3f668ab18363
C:\Users\heman\Downloads\orthinx dataset\MedicalExpert-II\0Normal\NormalG0 (494).png,0,Normal,val,84a5e8bb5e9e75a118596dad61d0185d
C:\Users\heman\Downloads\orthinx dataset\MedicalExpert-II\0Normal\NormalG0 (495).png,0,Normal,train,c6949251d371484321bf38f167656d34
C:\Users\heman\Downloads\orthinx dataset\MedicalExpert-II\0Normal\NormalG0 (497).png,0,Normal,train,03939347e1c8826a4e00a6434aa2b6c7
C:\Users\heman\Downloads\orthinx dataset\MedicalExpert-II\0Normal\NormalG0 (498).png,0,Normal,test,46094a96476064293657830373690d73
C:\Users\heman\Downloads\orthinx dataset\MedicalExpert-II\0Normal\NormalG0 (499).png,0,Normal,train,c154af29a73f5c9672d149cda7dcb92a
C:\Users\heman\Downloads\orthinx dataset\MedicalExpert-II\0Normal\NormalG0 (5).png,0,Normal,val,c9d3ec2832f0750cff525e563001c2d0
C:\Users\heman\Downloads\orthinx dataset\MedicalExpert-II\0Normal\NormalG0 (50).png,0,Normal,train,8e2464becc196322e52ad3fe8047c026
C:\Users\heman\Downloads\orthinx dataset\MedicalExpert-II\0Normal\NormalG0 (500).png,0,Normal,test,e2c60d5038c12711b2a598c245e8c8b3
C:\Users\heman\Downloads\orthinx dataset\MedicalExpert-II\0Normal\NormalG0 (501).png,0,Normal,train,9c68ad5aab6f4a9341b29e5a088e7226
C:\Users\heman\Downloads\orthinx dataset\MedicalExpert-II\0Normal\NormalG0 (502).png,0,Normal,train,8f1fd12ee31a3a01983cddc2f19b26b9
C:\Users\heman\Downloads\orthinx dataset\MedicalExpert-II\0Normal\NormalG0 (503).png,0,Normal,train,600769ad75ad956337484d860bf6e512
C:\Users\heman\Downloads\orthinx dataset\MedicalExpert-II\0Normal\NormalG0 (505).png,0,Normal,train,d8f8a0b2619aca7f21013ad0fd04b982
C:\Users\heman\Downloads\orthinx dataset\MedicalExpert-II\0Normal\NormalG0 (506).png,0,Normal,train,b6fe7f1aabb492aaf0f60f3692593541
C:\Users\heman\Downloads\orthinx dataset\MedicalExpert-II\0Normal\NormalG0 (507).png,0,Normal,test,1217ad4bc5a30ebe5f6ab610573b85bd
C:\Users\heman\Downloads\orthinx dataset\MedicalExpert-II\0Normal\NormalG0 (508).png,0,Normal,train,96cb02528426101fbb9fc5a19ed7ffa2
C:\Users\heman\Downloads\orthinx dataset\MedicalExpert-II\0Normal\NormalG0 (51).png,0,Normal,train,215267b805e2d815f095b9a35d479d32
C:\Users\heman\Downloads\orthinx dataset\MedicalExpert-II\0Normal\NormalG0 (510).png,0,Normal,train,8461902f6e4667c31111d6cb7d1b1017
C:\Users\heman\Downloads\orthinx dataset\MedicalExpert-II\0Normal\NormalG0 (511).png,0,Normal,test,7057d492f05b31dcb3ad53341d4841ea
C:\Users\heman\Downloads\orthinx dataset\MedicalExpert-II\0Normal\NormalG0 (512).png,0,Normal,val,08993156523ba0c1003f8dfa12724c5e
C:\Users\heman\Downloads\orthinx dataset\MedicalExpert-II\0Normal\NormalG0 (513).png,0,Normal,val,a630d2aaa5d88dd4e0b82a1a29959eb0
C:\Users\heman\Downloads\orthinx dataset\MedicalExpert-II\0Normal\NormalG0 (514).png,0,Normal,train,bbc2e80c40f7d0dd36bb45f957cd2abc
C:\Users\heman\Downloads\orthinx dataset\MedicalExpert-II\0Normal\NormalG0 (52).png,0,Normal,train,d811b2099a4f832dea433c91cd6fb81d
C:\Users\heman\Downloads\orthinx dataset\MedicalExpert-II\0Normal\NormalG0 (53).png,0,Normal,train,30570edfb14fab9a6e866e2246064001
C:\Users\heman\Downloads\orthinx dataset\MedicalExpert-II\0Normal\NormalG0 (54).png,0,Normal,test,9fab8ded5d4fa5267a98dc37b56c8b45
C:\Users\heman\Downloads\orthinx dataset\MedicalExpert-II\0Normal\NormalG0 (55).png,0,Normal,train,f0fb2f804fe50e39c5dcd579062060db
C:\Users\heman\Downloads\orthinx dataset\MedicalExpert-II\0Normal\NormalG0 (56).png,0,Normal,test,cf060e615a5ddbb51cb95b2c1302dc57
C:\Users\heman\Downloads\orthinx dataset\MedicalExpert-II\0Normal\NormalG0 (57).png,0,Normal,test,d51c18b48003ae595cc1f7a8f65e202a
C:\Users\heman\Downloads\orthinx dataset\MedicalExpert-II\0Normal\NormalG0 (58).png,0,Normal,test,d7d8006c1247f3e09756027edebca5f5
C:\Users\heman\Downloads\orthinx dataset\MedicalExpert-II\0Normal\NormalG0 (59).png,0,Normal,test,f817efbea97d0d936d346a0c23001e93
C:\Users\heman\Downloads\orthinx dataset\MedicalExpert-II\0Normal\NormalG0 (6).png,0,Normal,test,f235a474098faed3651c925de3b085c4
C:\Users\heman\Downloads\orthinx dataset\MedicalExpert-II\0Normal\NormalG0 (60).png,0,Normal,train,5b055f2aeb984e28ccca97e1c126f6cd
C:\Users\heman\Downloads\orthinx dataset\MedicalExpert-II\0Normal\NormalG0 (61).png,0,Normal,val,3c8a0ea560520c308d4b62b218a4b7d7
C:\Users\heman\Downloads\orthinx dataset\MedicalExpert-II\0Normal\NormalG0 (62).png,0,Normal,train,7d727c31f7a9b9f05762b771b54951b9
C:\Users\heman\Downloads\orthinx dataset\MedicalExpert-II\0Normal\NormalG0 (63).png,0,Normal,train,4cf9a982187efaa096c2f546a669625b
C:\Users\heman\Downloads\orthinx dataset\MedicalExpert-II\0Normal\NormalG0 (64).png,0,Normal,val,ed62737316d35cf44f678b270fe501f7
C:\Users\heman\Downloads\orthinx dataset\MedicalExpert-II\0Normal\NormalG0 (65).png,0,Normal,train,abee2187663f617af477374f27f255bb
C:\Users\heman\Downloads\orthinx dataset\MedicalExpert-II\0Normal\NormalG0 (66).png,0,Normal,test,289cb1f0cae927527250005a945dac28
C:\Users\heman\Downloads\orthinx dataset\MedicalExpert-II\0Normal\NormalG0 (67).png,0,Normal,train,7b7a3943a7969945194f4094dd899c81
C:\Users\heman\Downloads\orthinx dataset\MedicalExpert-II\0Normal\NormalG0 (68).png,0,Normal,train,bfafacb41ab8aa882b7bc2728d2ef547
C:\Users\heman\Downloads\orthinx dataset\MedicalExpert-II\0Normal\NormalG0 (69).png,0,Normal,train,88bf2889e44a778f3ddd4743967d6571
C:\Users\heman\Downloads\orthinx dataset\MedicalExpert-II\0Normal\NormalG0 (7).png,0,Normal,train,ff869cbd66d9fdf3a0be158a840d1c3c
C:\Users\heman\Downloads\orthinx dataset\MedicalExpert-II\0Normal\NormalG0 (70).png,0,Normal,test,9c2ed7dba9c226bbb1c7e5ee661f2eec
C:\Users\heman\Downloads\orthinx dataset\MedicalExpert-II\0Normal\NormalG0 (71).png,0,Normal,train,d214e25e0b26dd8c3cd5609ef66783bb
C:\Users\heman\Downloads\orthinx dataset\MedicalExpert-II\0Normal\NormalG0 (72).png,0,Normal,train,4a28752bc148f313301f78fe9a5c4af1
C:\Users\heman\Downloads\orthinx dataset\MedicalExpert-II\0Normal\NormalG0 (73).png,0,Normal,train,297c437ad774d4b5193b0ccea35a4e26
C:\Users\heman\Downloads\orthinx dataset\MedicalExpert-II\0Normal\NormalG0 (74).png,0,Normal,train,ec01c44b5d2457ea8330988fab64fd67
C:\Users\heman\Downloads\orthinx dataset\MedicalExpert-II\0Normal\NormalG0 (75).png,0,Normal,test,9dfcf585501b8a10886f716be0dad5e2
C:\Users\heman\Downloads\orthinx dataset\MedicalExpert-II\0Normal\NormalG0 (76).png,0,Normal,train,04a62aeedfdcb358f7e068cca510b3e1
C:\Users\heman\Downloads\orthinx dataset\MedicalExpert-II\0Normal\NormalG0 (77).png,0,Normal,test,c8de72e63ddcb201f435b8eb9644236e
C:\Users\heman\Downloads\orthinx dataset\MedicalExpert-II\0Normal\NormalG0 (78).png,0,Normal,test,055757cb3189a335213db8c6b8f074af
C:\Users\heman\Downloads\orthinx dataset\MedicalExpert-II\0Normal\NormalG0 (79).png,0,Normal,train,304f6c99154fb162fe2bba540a9c4904
C:\Users\heman\Downloads\orthinx dataset\MedicalExpert-II\0Normal\NormalG0 (8).png,0,Normal,train,6d507af2c116fe128dda7cac7dcb85ce
C:\Users\heman\Downloads\orthinx dataset\MedicalExpert-II\0Normal\NormalG0 (80).png,0,Normal,train,c9c91520c14f2abe3921876cdbb9d3bd
C:\Users\heman\Downloads\orthinx dataset\MedicalExpert-II\0Normal\NormalG0 (81).png,0,Normal,val,87ab10270dd13596732663f2e3fcb451
C:\Users\heman\Downloads\orthinx dataset\MedicalExpert-II\0Normal\NormalG0 (82).png,0,Normal,train,111e47b88ee052ee361d33421f8d2acd
C:\Users\heman\Downloads\orthinx dataset\MedicalExpert-II\0Normal\NormalG0 (83).png,0,Normal,val,72765ea481be484fc9625ab908cad5e6
C:\Users\heman\Downloads\orthinx dataset\MedicalExpert-II\0Normal\NormalG0 (84).png,0,Normal,train,583fec35dbb6f12b53b5aefe28568993
C:\Users\heman\Downloads\orthinx dataset\MedicalExpert-II\0Normal\NormalG0 (85).png,0,Normal,train,d709191e65c079224d17e3bd65c2cab5
C:\Users\heman\Downloads\orthinx dataset\MedicalExpert-II\0Normal\NormalG0 (86).png,0,Normal,train,90388ed42cedb31641ef15c5620a3cd5
C:\Users\heman\Downloads\orthinx dataset\MedicalExpert-II\0Normal\NormalG0 (87).png,0,Normal,train,f3842a59e7dbbd3fa26c9b1b64c29b3c
C:\Users\heman\Downloads\orthinx dataset\MedicalExpert-II\0Normal\NormalG0 (88).png,0,Normal,train,102e3ecada90f8e499806ebcf34d1f29
C:\Users\heman\Downloads\orthinx dataset\MedicalExpert-II\0Normal\NormalG0 (89).png,0,Normal,val,b2685992fe8f83c94b559d1deb60a8f2
C:\Users\heman\Downloads\orthinx dataset\MedicalExpert-II\0Normal\NormalG0 (9).png,0,Normal,train,0edd5d2df01c117f5f8c5447584dd420
C:\Users\heman\Downloads\orthinx dataset\MedicalExpert-II\0Normal\NormalG0 (90).png,0,Normal,train,07936b9e2c4e1063cad20a2b8cedd8c4
C:\Users\heman\Downloads\orthinx dataset\MedicalExpert-II\0Normal\NormalG0 (91).png,0,Normal,train,0be8f7030d45db801b4e02b574f32423
C:\Users\heman\Downloads\orthinx dataset\MedicalExpert-II\0Normal\NormalG0 (92).png,0,Normal,test,f751e51d0f98c57b78d151a31c22c6ed
C:\Users\heman\Downloads\orthinx dataset\MedicalExpert-II\0Normal\NormalG0 (93).png,0,Normal,train,da3c45aa62645053940b5698e9bcb44c
C:\Users\heman\Downloads\orthinx dataset\MedicalExpert-II\0Normal\NormalG0 (94).png,0,Normal,train,0de85287e6370874cdda2f27c84316a9
C:\Users\heman\Downloads\orthinx dataset\MedicalExpert-II\0Normal\NormalG0 (95).png,0,Normal,train,4832bc727d9b04ab7e484a629bf9abe3
C:\Users\heman\Downloads\orthinx dataset\MedicalExpert-II\0Normal\NormalG0 (96).png,0,Normal,test,28358bcba560177dcc6fd9b60a5838da
C:\Users\heman\Downloads\orthinx dataset\MedicalExpert-II\0Normal\NormalG0 (97).png,0,Normal,train,c6265ede14a0aef1798df4d249d64e75
C:\Users\heman\Downloads\orthinx dataset\MedicalExpert-II\0Normal\NormalG0 (98).png,0,Normal,test,c11c8cbff34e57a1e356555062d95eb4
C:\Users\heman\Downloads\orthinx dataset\MedicalExpert-II\0Normal\NormalG0 (99).png,0,Normal,test,a67b1f7528250afbacd2c3be1b968878
C:\Users\heman\Downloads\orthinx dataset\MedicalExpert-II\1Doubtful\DoubtfulG1 (1).png,1,Doubtful,train,94e15997908d2aeab2c11f5ed489c712
C:\Users\heman\Downloads\orthinx dataset\MedicalExpert-II\1Doubtful\DoubtfulG1 (10).png,1,Doubtful,train,91aedc892203d102e4ed7e1e45deee4d
C:\Users\heman\Downloads\orthinx dataset\MedicalExpert-II\1Doubtful\DoubtfulG1 (100).png,1,Doubtful,train,b0cb1ed40608577ec94323cf8cf1409a
C:\Users\heman\Downloads\orthinx dataset\MedicalExpert-II\1Doubtful\DoubtfulG1 (101).png,1,Doubtful,train,08a5878c7158a4755df0adf215f88de3
C:\Users\heman\Downloads\orthinx dataset\MedicalExpert-II\1Doubtful\DoubtfulG1 (102).png,1,Doubtful,train,2ad8cf5ee8d4670d11ca5d4b73019568
C:\Users\heman\Downloads\orthinx dataset\MedicalExpert-II\1Doubtful\DoubtfulG1 (103).png,1,Doubtful,train,11cbe2da601f4c17124bbd016bb7a7bd
C:\Users\heman\Downloads\orthinx dataset\MedicalExpert-II\1Doubtful\DoubtfulG1 (104).png,1,Doubtful,test,17753a351c6ff5dba00bd73f34b3c77e
C:\Users\heman\Downloads\orthinx dataset\MedicalExpert-II\1Doubtful\DoubtfulG1 (105).png,1,Doubtful,train,728819e6878bac8a40ea5e4312c8aa68
C:\Users\heman\Downloads\orthinx dataset\MedicalExpert-II\1Doubtful\DoubtfulG1 (106).png,1,Doubtful,train,e96c42381393bcbbaae635b7992f43f8
C:\Users\heman\Downloads\orthinx dataset\MedicalExpert-II\1Doubtful\DoubtfulG1 (107).png,1,Doubtful,train,7bb415bb70c7444ad52d23c01a3cbf06
C:\Users\heman\Downloads\orthinx dataset\MedicalExpert-II\1Doubtful\DoubtfulG1 (108).png,1,Doubtful,val,aa2d900786662d049cb977221d83b57b
C:\Users\heman\Downloads\orthinx dataset\MedicalExpert-II\1Doubtful\DoubtfulG1 (109).png,1,Doubtful,train,1473c3962916b877773d68a8b62c1463
C:\Users\heman\Downloads\orthinx dataset\MedicalExpert-II\1Doubtful\DoubtfulG1 (11).png,1,Doubtful,train,d2a24fb5b74424d1583b44aff2e73a7a
C:\Users\heman\Downloads\orthinx dataset\MedicalExpert-II\1Doubtful\DoubtfulG1 (110).png,1,Doubtful,test,306fa97cb4d77ec4ea2c2981a51b9889
C:\Users\heman\Downloads\orthinx dataset\MedicalExpert-II\1Doubtful\DoubtfulG1 (111).png,1,Doubtful,train,05197628fdc46ce9e86b052827425201
C:\Users\heman\Downloads\orthinx dataset\MedicalExpert-II\1Doubtful\DoubtfulG1 (112).png,1,Doubtful,test,f2b8d8259f94bb99210771037bf95a29
C:\Users\heman\Downloads\orthinx dataset\MedicalExpert-II\1Doubtful\DoubtfulG1 (113).png,1,Doubtful,train,cd0b02b6072ec2a56c5c7111d4b1579f
C:\Users\heman\Downloads\orthinx dataset\MedicalExpert-II\1Doubtful\DoubtfulG1 (114).png,1,Doubtful,train,a890c93b66ab069d734fc14a9da33525
C:\Users\heman\Downloads\orthinx dataset\MedicalExpert-II\1Doubtful\DoubtfulG1 (115).png,1,Doubtful,test,ce35d4c93285709452f9f100c3ff257d
C:\Users\heman\Downloads\orthinx dataset\MedicalExpert-II\1Doubtful\DoubtfulG1 (116).png,1,Doubtful,train,f983a0d91b517380805021c2f3f209c2
C:\Users\heman\Downloads\orthinx dataset\MedicalExpert-II\1Doubtful\DoubtfulG1 (117).png,1,Doubtful,train,8903e2ed9b79f2bd6583a47c3648e52d
C:\Users\heman\Downloads\orthinx dataset\MedicalExpert-II\1Doubtful\DoubtfulG1 (118).png,1,Doubtful,train,b886bbb393dc620f47cfb0ba9b568086
C:\Users\heman\Downloads\orthinx dataset\MedicalExpert-II\1Doubtful\DoubtfulG1 (119).png,1,Doubtful,train,21098c4b60e44a54c135e8a441065396
C:\Users\heman\Downloads\orthinx dataset\MedicalExpert-II\1Doubtful\DoubtfulG1 (12).png,1,Doubtful,val,a78576cb0d16f54df27bb8e37865f3c4
C:\Users\heman\Downloads\orthinx dataset\MedicalExpert-II\1Doubtful\DoubtfulG1 (120).png,1,Doubtful,train,3be253923d5cbb4477dd94764f625671
C:\Users\heman\Downloads\orthinx dataset\MedicalExpert-II\1Doubtful\DoubtfulG1 (121).png,1,Doubtful,val,f228759f063d91e3a8984b52443988ef
C:\Users\heman\Downloads\orthinx dataset\MedicalExpert-II\1Doubtful\DoubtfulG1 (122).png,1,Doubtful,train,c112b817969134d8a6284cae5190bad1
C:\Users\heman\Downloads\orthinx dataset\MedicalExpert-II\1Doubtful\DoubtfulG1 (123).png,1,Doubtful,train,340ea98092fdfb13638d507cbf6496fa
C:\Users\heman\Downloads\orthinx dataset\MedicalExpert-II\1Doubtful\DoubtfulG1 (124).png,1,Doubtful,train,40a5f82764b115e45327c44abb9de8f3
C:\Users\heman\Downloads\orthinx dataset\MedicalExpert-II\1Doubtful\DoubtfulG1 (125).png,1,Doubtful,train,0604284fe154bb00006ae0555f506aaf
C:\Users\heman\Downloads\orthinx dataset\MedicalExpert-II\1Doubtful\DoubtfulG1 (126).png,1,Doubtful,test,c92a7689954a0ce3cfb762e33d205500
C:\Users\heman\Downloads\orthinx dataset\MedicalExpert-II\1Doubtful\DoubtfulG1 (127).png,1,Doubtful,train,72ad1b73c82650fbf951ebd9a8545023
C:\Users\heman\Downloads\orthinx dataset\MedicalExpert-II\1Doubtful\DoubtfulG1 (128).png,1,Doubtful,train,42ee02e752faebe9acb41a056ec7504a
C:\Users\heman\Downloads\orthinx dataset\MedicalExpert-II\1Doubtful\DoubtfulG1 (129).png,1,Doubtful,train,8b49db9dcb28b8ceb7f52411c0569726
C:\Users\heman\Downloads\orthinx dataset\MedicalExpert-II\1Doubtful\DoubtfulG1 (13).png,1,Doubtful,train,e277fc2b0fd0b1822d5532b14f699246
C:\Users\heman\Downloads\orthinx dataset\MedicalExpert-II\1Doubtful\DoubtfulG1 (130).png,1,Doubtful,val,c5d3d516064fe2da748767eff0990387
C:\Users\heman\Downloads\orthinx dataset\MedicalExpert-II\1Doubtful\DoubtfulG1 (131).png,1,Doubtful,train,137150f1ba1d8601e304b7857643f78b
C:\Users\heman\Downloads\orthinx dataset\MedicalExpert-II\1Doubtful\DoubtfulG1 (132).png,1,Doubtful,train,1a0bcdead71564e1beac5102b6b00136
C:\Users\heman\Downloads\orthinx dataset\MedicalExpert-II\1Doubtful\DoubtfulG1 (133).png,1,Doubtful,train,feab64f9a5569a1aeaa8dd929e976385
C:\Users\heman\Downloads\orthinx dataset\MedicalExpert-II\1Doubtful\DoubtfulG1 (134).png,1,Doubtful,train,2da1357b2eb4fe5168aba30abc8e1928
C:\Users\heman\Downloads\orthinx dataset\MedicalExpert-II\1Doubtful\DoubtfulG1 (135).png,1,Doubtful,train,dae2614e262b169db8865e3b709a69cc
C:\Users\heman\Downloads\orthinx dataset\MedicalExpert-II\1Doubtful\DoubtfulG1 (136).png,1,Doubtful,val,7e55b61af60ed1a635ff69be3abc31ac
C:\Users\heman\Downloads\orthinx dataset\MedicalExpert-II\1Doubtful\DoubtfulG1 (137).png,1,Doubtful,test,bbbf2655c27b5e5098cedd74ed8db81b
C:\Users\heman\Downloads\orthinx dataset\MedicalExpert-II\1Doubtful\DoubtfulG1 (138).png,1,Doubtful,train,cf89d4baa9925a41e128ca6f7e6a2f1a
C:\Users\heman\Downloads\orthinx dataset\MedicalExpert-II\1Doubtful\DoubtfulG1 (139).png,1,Doubtful,val,6336b5e02f84cd0fa3def0b77c4e4618
C:\Users\heman\Downloads\orthinx dataset\MedicalExpert-II\1Doubtful\DoubtfulG1 (14).png,1,Doubtful,train,3b80075b39e6ab4bd60fe5c34bcffaa8
C:\Users\heman\Downloads\orthinx dataset\MedicalExpert-II\1Doubtful\DoubtfulG1 (140).png,1,Doubtful,train,3751e1adfcb7a5ff54054d85cd2c8a41
C:\Users\heman\Downloads\orthinx dataset\MedicalExpert-II\1Doubtful\DoubtfulG1 (141).png,1,Doubtful,train,cefd3f17985df6c6469b7cce1de73cee
C:\Users\heman\Downloads\orthinx dataset\MedicalExpert-II\1Doubtful\DoubtfulG1 (142).png,1,Doubtful,test,9be2e2811ab411db9c8b62315a21d262
C:\Users\heman\Downloads\orthinx dataset\MedicalExpert-II\1Doubtful\DoubtfulG1 (143).png,1,Doubtful,test,eef14fd5ebde5c38b82fa57471ff8674
C:\Users\heman\Downloads\orthinx dataset\MedicalExpert-II\1Doubtful\DoubtfulG1 (144).png,1,Doubtful,val,856ac5998d7a13f72e077c645231a001
C:\Users\heman\Downloads\orthinx dataset\MedicalExpert-II\1Doubtful\DoubtfulG1 (145).png,1,Doubtful,train,f0575e8f059423f016e45ca323dabe0e
C:\Users\heman\Downloads\orthinx dataset\MedicalExpert-II\1Doubtful\DoubtfulG1 (146).png,1,Doubtful,train,18f79374827ee11cfeef05f273b64859
C:\Users\heman\Downloads\orthinx dataset\MedicalExpert-II\1Doubtful\DoubtfulG1 (147).png,1,Doubtful,train,b57efc1eb7bf89382e077d4bfe25a687
C:\Users\heman\Downloads\orthinx dataset\MedicalExpert-II\1Doubtful\DoubtfulG1 (148).png,1,Doubtful,train,4025d61cc9b07e0e4e71a948c146972e
C:\Users\heman\Downloads\orthinx dataset\MedicalExpert-II\1Doubtful\DoubtfulG1 (149).png,1,Doubtful,train,c8f98ee5ba2e8ab3147a9834fc604df5
C:\Users\heman\Downloads\orthinx dataset\MedicalExpert-II\1Doubtful\DoubtfulG1 (15).png,1,Doubtful,train,d1c214877ddbf8400eacbdd41dfbcc40
C:\Users\heman\Downloads\orthinx dataset\MedicalExpert-II\1Doubtful\DoubtfulG1 (150).png,1,Doubtful,train,afaa9c0f442484f5ccf7e890511df1ef
C:\Users\heman\Downloads\orthinx dataset\MedicalExpert-II\1Doubtful\DoubtfulG1 (151).png,1,Doubtful,val,9e3ff088b6c6c69a1a05abd7b2a2da8f
C:\Users\heman\Downloads\orthinx dataset\MedicalExpert-II\1Doubtful\DoubtfulG1 (152).png,1,Doubtful,test,44b8f85727ce57ac0f6cf6f260d3f5dd
C:\Users\heman\Downloads\orthinx dataset\MedicalExpert-II\1Doubtful\DoubtfulG1 (153).png,1,Doubtful,train,40acda61b85055aa8bcb4ca77c260663
C:\Users\heman\Downloads\orthinx dataset\MedicalExpert-II\1Doubtful\DoubtfulG1 (154).png,1,Doubtful,train,ac7e5ea97fb6741735f41e381e3b78ae
C:\Users\heman\Downloads\orthinx dataset\MedicalExpert-II\1Doubtful\DoubtfulG1 (155).png,1,Doubtful,train,be4e86627598b946e4ab4f7fde1466dc
C:\Users\heman\Downloads\orthinx dataset\MedicalExpert-II\1Doubtful\DoubtfulG1 (156).png,1,Doubtful,train,9186c3660678550da6b5290f251d829d
C:\Users\heman\Downloads\orthinx dataset\MedicalExpert-II\1Doubtful\DoubtfulG1 (157).png,1,Doubtful,train,5e1735d2b956638cdb6973194e1f762b
C:\Users\heman\Downloads\orthinx dataset\MedicalExpert-II\1Doubtful\DoubtfulG1 (158).png,1,Doubtful,train,6479b0852f914167579484cb782a0efb
C:\Users\heman\Downloads\orthinx dataset\MedicalExpert-II\1Doubtful\DoubtfulG1 (159).png,1,Doubtful,train,85777d5ed59cb6b733a4b7e9b44a203a
C:\Users\heman\Downloads\orthinx dataset\MedicalExpert-II\1Doubtful\DoubtfulG1 (16).png,1,Doubtful,train,4610e4db24a2caa163d7f5744b9474f3
C:\Users\heman\Downloads\orthinx dataset\MedicalExpert-II\1Doubtful\DoubtfulG1 (160).png,1,Doubtful,val,3a179ef9f2a2c33c3b42eeab64123645
C:\Users\heman\Downloads\orthinx dataset\MedicalExpert-II\1Doubtful\DoubtfulG1 (161).png,1,Doubtful,train,a0b193cf026596c67a14cc8c2740c539
C:\Users\heman\Downloads\orthinx dataset\MedicalExpert-II\1Doubtful\DoubtfulG1 (162).png,1,Doubtful,train,049e409bdb9bdedf10ef550eafe1ff08
C:\Users\heman\Downloads\orthinx dataset\MedicalExpert-II\1Doubtful\DoubtfulG1 (163).png,1,Doubtful,train,8e4074b99e563ceaf5275c9369583601
C:\Users\heman\Downloads\orthinx dataset\MedicalExpert-II\1Doubtful\DoubtfulG1 (164).png,1,Doubtful,train,4c0e8e2cb528e458040ca98724ac314c
C:\Users\heman\Downloads\orthinx dataset\MedicalExpert-II\1Doubtful\DoubtfulG1 (165).png,1,Doubtful,train,70d3fb99590c8d24e69252fa4e8d3956
C:\Users\heman\Downloads\orthinx dataset\MedicalExpert-II\1Doubtful\DoubtfulG1 (166).png,1,Doubtful,val,aedb637ed521b421ca3b771a8de6d9f2
C:\Users\heman\Downloads\orthinx dataset\MedicalExpert-II\1Doubtful\DoubtfulG1 (167).png,1,Doubtful,test,b083ea804185fe59182cf342dd036e6e
C:\Users\heman\Downloads\orthinx dataset\MedicalExpert-II\1Doubtful\DoubtfulG1 (168).png,1,Doubtful,train,cda977812bd25021637a7eadd457d063
C:\Users\heman\Downloads\orthinx dataset\MedicalExpert-II\1Doubtful\DoubtfulG1 (169).png,1,Doubtful,train,4e8ae489d461ddc6342f3b5fbc9ca711
C:\Users\heman\Downloads\orthinx dataset\MedicalExpert-II\1Doubtful\DoubtfulG1 (17).png,1,Doubtful,val,3f759f923756546d6fd8752c60a5599c
C:\Users\heman\Downloads\orthinx dataset\MedicalExpert-II\1Doubtful\DoubtfulG1 (170).png,1,Doubtful,train,541be891449d2414c5dae76f6c178de0
C:\Users\heman\Downloads\orthinx dataset\MedicalExpert-II\1Doubtful\DoubtfulG1 (171).png,1,Doubtful,test,a44f1251515cda7bf7b699c837119d1d
C:\Users\heman\Downloads\orthinx dataset\MedicalExpert-II\1Doubtful\DoubtfulG1 (172).png,1,Doubtful,val,7c2d76f8492db32454ca4c404d066225
C:\Users\heman\Downloads\orthinx dataset\MedicalExpert-II\1Doubtful\DoubtfulG1 (173).png,1,Doubtful,val,55074786e37313470660a9716a4679dc
C:\Users\heman\Downloads\orthinx dataset\MedicalExpert-II\1Doubtful\DoubtfulG1 (174).png,1,Doubtful,train,394155641c8e3c6dd8e2a89891454429
C:\Users\heman\Downloads\orthinx dataset\MedicalExpert-II\1Doubtful\DoubtfulG1 (175).png,1,Doubtful,train,8cbbd1cbde5424fb579126728fd8b853
C:\Users\heman\Downloads\orthinx dataset\MedicalExpert-II\1Doubtful\DoubtfulG1 (176).png,1,Doubtful,train,cbb4ef0f5b425e1a2d58ec60adcb68d6
C:\Users\heman\Downloads\orthinx dataset\MedicalExpert-II\1Doubtful\DoubtfulG1 (177).png,1,Doubtful,train,a75302641df26323049d63a102032975
C:\Users\heman\Downloads\orthinx dataset\MedicalExpert-II\1Doubtful\DoubtfulG1 (178).png,1,Doubtful,train,08a47f892864d571ef979fac784065c3
C:\Users\heman\Downloads\orthinx dataset\MedicalExpert-II\1Doubtful\DoubtfulG1 (179).png,1,Doubtful,train,8442e6e017ff7457dacec521e079c423
C:\Users\heman\Downloads\orthinx dataset\MedicalExpert-II\1Doubtful\DoubtfulG1 (18).png,1,Doubtful,train,b00017f6e5808756ad0e443746617168
C:\Users\heman\Downloads\orthinx dataset\MedicalExpert-II\1Doubtful\DoubtfulG1 (180).png,1,Doubtful,test,74263fea40060ad1252bd0a729395057
C:\Users\heman\Downloads\orthinx dataset\MedicalExpert-II\1Doubtful\DoubtfulG1 (181).png,1,Doubtful,train,213f1b0c0907bd7de5a7a993441f6ac5
C:\Users\heman\Downloads\orthinx dataset\MedicalExpert-II\1Doubtful\DoubtfulG1 (182).png,1,Doubtful,train,23175f368657a9ab52b3dfac6ce2fd87
C:\Users\heman\Downloads\orthinx dataset\MedicalExpert-II\1Doubtful\DoubtfulG1 (183).png,1,Doubtful,train,96071fff9af9ab62f8bec70185314e99
C:\Users\heman\Downloads\orthinx dataset\MedicalExpert-II\1Doubtful\DoubtfulG1 (184).png,1,Doubtful,train,8267fcf807642e8579b0100846513636
C:\Users\heman\Downloads\orthinx dataset\MedicalExpert-II\1Doubtful\DoubtfulG1 (185).png,1,Doubtful,train,df835c74177980207ba48a85b2366e0d
C:\Users\heman\Downloads\orthinx dataset\MedicalExpert-II\1Doubtful\DoubtfulG1 (186).png,1,Doubtful,test,b4d49ea66354f31c6ec5989d4af9f826
C:\Users\heman\Downloads\orthinx dataset\MedicalExpert-II\1Doubtful\DoubtfulG1 (187).png,1,Doubtful,train,09c98737f4dae1d34c207ade3a3ffe2d
C:\Users\heman\Downloads\orthinx dataset\MedicalExpert-II\1Doubtful\DoubtfulG1 (188).png,1,Doubtful,val,17e0bce53344b17f8c7db1aba774d8a8
C:\Users\heman\Downloads\orthinx dataset\MedicalExpert-II\1Doubtful\DoubtfulG1 (189).png,1,Doubtful,train,130144fd2fec60ae5bddf46c6cd227b4
C:\Users\heman\Downloads\orthinx dataset\MedicalExpert-II\1Doubtful\DoubtfulG1 (19).png,1,Doubtful,test,44f64c57e8e852bec812f766cc689703
C:\Users\heman\Downloads\orthinx dataset\MedicalExpert-II\1Doubtful\DoubtfulG1 (190).png,1,Doubtful,val,933287bace0002cb7fb0e57cdcce7af0
C:\Users\heman\Downloads\orthinx dataset\MedicalExpert-II\1Doubtful\DoubtfulG1 (191).png,1,Doubtful,val,ef7d18dc2c9dd69a3770040c145af3af
C:\Users\heman\Downloads\orthinx dataset\MedicalExpert-II\1Doubtful\DoubtfulG1 (192).png,1,Doubtful,train,62905aeeb07f33989fcf10bd17e20788
C:\Users\heman\Downloads\orthinx dataset\MedicalExpert-II\1Doubtful\DoubtfulG1 (193).png,1,Doubtful,train,c33da56aa125e899a91634ad37e91e24
C:\Users\heman\Downloads\orthinx dataset\MedicalExpert-II\1Doubtful\DoubtfulG1 (194).png,1,Doubtful,val,1338d01576888820c02a80867fb1deee
C:\Users\heman\Downloads\orthinx dataset\MedicalExpert-II\1Doubtful\DoubtfulG1 (195).png,1,Doubtful,test,a2452b4acc850967aa8e6a6a25bc690e
C:\Users\heman\Downloads\orthinx dataset\MedicalExpert-II\1Doubtful\DoubtfulG1 (196).png,1,Doubtful,train,5bb940bc5561797923b33dfce4745814
C:\Users\heman\Downloads\orthinx dataset\MedicalExpert-II\1Doubtful\DoubtfulG1 (197).png,1,Doubtful,train,ca690e3b18b3e5719d6f847537417e31
C:\Users\heman\Downloads\orthinx dataset\MedicalExpert-II\1Doubtful\DoubtfulG1 (198).png,1,Doubtful,train,c2ca9ab4e197febf3fa20340b29545dc
C:\Users\heman\Downloads\orthinx dataset\MedicalExpert-II\1Doubtful\DoubtfulG1 (199).png,1,Doubtful,test,975d6d6e07b9f6f8d7aabec78ff46271
C:\Users\heman\Downloads\orthinx dataset\MedicalExpert-II\1Doubtful\DoubtfulG1 (2).png,1,Doubtful,train,62adcc7b5aa438213d6abb2233d5ea06
C:\Users\heman\Downloads\orthinx dataset\MedicalExpert-II\1Doubtful\DoubtfulG1 (20).png,1,Doubtful,train,0cea66237423e52c2ccd400094af6d49
C:\Users\heman\Downloads\orthinx dataset\MedicalExpert-II\1Doubtful\DoubtfulG1 (200).png,1,Doubtful,train,df08ab1359bcbb3c15dbf96d1a913900
C:\Users\heman\Downloads\orthinx dataset\MedicalExpert-II\1Doubtful\DoubtfulG1 (201).png,1,Doubtful,train,f6cb1d8e4f2dc52e29324789a6b171d7
C:\Users\heman\Downloads\orthinx dataset\MedicalExpert-II\1Doubtful\DoubtfulG1 (202).png,1,Doubtful,train,647957e1f86a4094db3e546218d384c7
C:\Users\heman\Downloads\orthinx dataset\MedicalExpert-II\1Doubtful\DoubtfulG1 (203).png,1,Doubtful,test,83b5b4d2bfe036fc465d3ea83387de0e
C:\Users\heman\Downloads\orthinx dataset\MedicalExpert-II\1Doubtful\DoubtfulG1 (204).png,1,Doubtful,train,8f24559d73703b21b52c5aeb8f272847
C:\Users\heman\Downloads\orthinx dataset\MedicalExpert-II\1Doubtful\DoubtfulG1 (205).png,1,Doubtful,train,0b09cc0f06f18f59b8e7d2c3d24d7e91
C:\Users\heman\Downloads\orthinx dataset\MedicalExpert-II\1Doubtful\DoubtfulG1 (206).png,1,Doubtful,test,b9bb77f3ec1179f2da35d92233a8956e
C:\Users\heman\Downloads\orthinx dataset\MedicalExpert-II\1Doubtful\DoubtfulG1 (207).png,1,Doubtful,val,e64eb4681bbaa4056ae2bbfeeff20f97
C:\Users\heman\Downloads\orthinx dataset\MedicalExpert-II\1Doubtful\DoubtfulG1 (208).png,1,Doubtful,train,db7c47da724a0e8135d597215198d82a
C:\Users\heman\Downloads\orthinx dataset\MedicalExpert-II\1Doubtful\DoubtfulG1 (209).png,1,Doubtful,train,18a5362cbbcfe2791caca8d341757606
C:\Users\heman\Downloads\orthinx dataset\MedicalExpert-II\1Doubtful\DoubtfulG1 (21).png,1,Doubtful,val,dfb719e5c7ab3716e9f85be57522448a
C:\Users\heman\Downloads\orthinx dataset\MedicalExpert-II\1Doubtful\DoubtfulG1 (210).png,1,Doubtful,train,be53236d4cca5591ad4e6523bd432532
C:\Users\heman\Downloads\orthinx dataset\MedicalExpert-II\1Doubtful\DoubtfulG1 (211).png,1,Doubtful,train,98fd32c30e978a38888cb16c1571cb79
C:\Users\heman\Downloads\orthinx dataset\MedicalExpert-II\1Doubtful\DoubtfulG1 (212).png,1,Doubtful,train,4bdf3bcd24200919de2b6c5468c1141c
C:\Users\heman\Downloads\orthinx dataset\MedicalExpert-II\1Doubtful\DoubtfulG1 (213).png,1,Doubtful,train,64c990a749a687e34dcadd05b2aa26f7
C:\Users\heman\Downloads\orthinx dataset\MedicalExpert-II\1Doubtful\DoubtfulG1 (214).png,1,Doubtful,test,f8f4c83f430c7f69d7102b3f01cad998
C:\Users\heman\Downloads\orthinx dataset\MedicalExpert-II\1Doubtful\DoubtfulG1 (215).png,1,Doubtful,train,1c3f4e702ceb751f40367d5184d3daa8
C:\Users\heman\Downloads\orthinx dataset\MedicalExpert-II\1Doubtful\DoubtfulG1 (216).png,1,Doubtful,train,0bc4623a8ae2b5923fd1a586b97ed600
C:\Users\heman\Downloads\orthinx dataset\MedicalExpert-II\1Doubtful\DoubtfulG1 (217).png,1,Doubtful,train,0286d5237b6d6b4fabd48493afc8ff30
C:\Users\heman\Downloads\orthinx dataset\MedicalExpert-II\1Doubtful\DoubtfulG1 (218).png,1,Doubtful,train,ed8ff6559d5bf5b092e4b80829d97e3e
C:\Users\heman\Downloads\orthinx dataset\MedicalExpert-II\1Doubtful\DoubtfulG1 (219).png,1,Doubtful,train,3dc2afc9a9a96c323beb2ec176d8d3b0
C:\Users\heman\Downloads\orthinx dataset\MedicalExpert-II\1Doubtful\DoubtfulG1 (22).png,1,Doubtful,train,973139b913329b47ff0d639fc5f4f518
C:\Users\heman\Downloads\orthinx dataset\MedicalExpert-II\1Doubtful\DoubtfulG1 (220).png,1,Doubtful,train,5171293a9e461560da74d346d068b718
C:\Users\heman\Downloads\orthinx dataset\MedicalExpert-II\1Doubtful\DoubtfulG1 (221).png,1,Doubtful,train,39112f7ef0c7f5053824c2aa04fe652f
C:\Users\heman\Downloads\orthinx dataset\MedicalExpert-II\1Doubtful\DoubtfulG1 (222).png,1,Doubtful,train,6ff5eada1a0d8aa9bbcb072dd53f4ad3
C:\Users\heman\Downloads\orthinx dataset\MedicalExpert-II\1Doubtful\DoubtfulG1 (223).png,1,Doubtful,test,9201e1664a4b8cfa729d11148281d882
C:\Users\heman\Downloads\orthinx dataset\MedicalExpert-II\1Doubtful\DoubtfulG1 (224).png,1,Doubtful,test,b0e1839fbd08f309d8a0a6c337f90eb9
C:\Users\heman\Downloads\orthinx dataset\MedicalExpert-II\1Doubtful\DoubtfulG1 (225).png,1,Doubtful,train,0748da9815ac570f016b4da7042c4b49
C:\Users\heman\Downloads\orthinx dataset\MedicalExpert-II\1Doubtful\DoubtfulG1 (226).png,1,Doubtful,val,b80625cacb50abc74449c89d771ad5e9
C:\Users\heman\Downloads\orthinx dataset\MedicalExpert-II\1Doubtful\DoubtfulG1 (227).png,1,Doubtful,train,23e63e6d9043b786a2de3a8188980610
C:\Users\heman\Downloads\orthinx dataset\MedicalExpert-II\1Doubtful\DoubtfulG1 (228).png,1,Doubtful,train,add16530b40a6ef350206e9d2b536634
C:\Users\heman\Downloads\orthinx dataset\MedicalExpert-II\1Doubtful\DoubtfulG1 (229).png,1,Doubtful,train,5886a7c1192be95179a78465b90cb9fc
C:\Users\heman\Downloads\orthinx dataset\MedicalExpert-II\1Doubtful\DoubtfulG1 (23).png,1,Doubtful,train,195a1e68318abc4352c269f88217164f
C:\Users\heman\Downloads\orthinx dataset\MedicalExpert-II\1Doubtful\DoubtfulG1 (230).png,1,Doubtful,train,d6d3366b7046b0d6cbf19cffd68f2409
C:\Users\heman\Downloads\orthinx dataset\MedicalExpert-II\1Doubtful\DoubtfulG1 (231).png,1,Doubtful,val,a23e0a8d557f8ffdecc88f5a7fde7d72
C:\Users\heman\Downloads\orthinx dataset\MedicalExpert-II\1Doubtful\DoubtfulG1 (232).png,1,Doubtful,train,c9480a64a8dc2e6adc3c51aa58055f05
C:\Users\heman\Downloads\orthinx dataset\MedicalExpert-II\1Doubtful\DoubtfulG1 (233).png,1,Doubtful,train,f0c7b46df15bf9d9c92fc6eda16bc705
C:\Users\heman\Downloads\orthinx dataset\MedicalExpert-II\1Doubtful\DoubtfulG1 (234).png,1,Doubtful,test,0b96807dac7475919ba6e19b8f87fa53
C:\Users\heman\Downloads\orthinx dataset\MedicalExpert-II\1Doubtful\DoubtfulG1 (235).png,1,Doubtful,test,7fa4c1838ac200334e93f59f2c953316
C:\Users\heman\Downloads\orthinx dataset\MedicalExpert-II\1Doubtful\DoubtfulG1 (236).png,1,Doubtful,train,800c8c8ce2be1ae415e58570e2a5e7f7
C:\Users\heman\Downloads\orthinx dataset\MedicalExpert-II\1Doubtful\DoubtfulG1 (237).png,1,Doubtful,train,f130d52c1bf301694bfdab44c589c0e9
C:\Users\heman\Downloads\orthinx dataset\MedicalExpert-II\1Doubtful\DoubtfulG1 (238).png,1,Doubtful,train,b8c1b8129a09163423007dd9eb64c861
C:\Users\heman\Downloads\orthinx dataset\MedicalExpert-II\1Doubtful\DoubtfulG1 (239).png,1,Doubtful,train,6f54fe35c04b104a6fde3e73b7c002d0
C:\Users\heman\Downloads\orthinx dataset\MedicalExpert-II\1Doubtful\DoubtfulG1 (24).png,1,Doubtful,val,e272ce276bb8155c75644919e9d4c331
C:\Users\heman\Downloads\orthinx dataset\MedicalExpert-II\1Doubtful\DoubtfulG1 (240).png,1,Doubtful,val,087e403a08582feddde3d75044e3fc48
C:\Users\heman\Downloads\orthinx dataset\MedicalExpert-II\1Doubtful\DoubtfulG1 (241).png,1,Doubtful,val,7b1f1dce4def9e4c0a0e751050cf1bcb
C:\Users\heman\Downloads\orthinx dataset\MedicalExpert-II\1Doubtful\DoubtfulG1 (242).png,1,Doubtful,train,78e0eb7ccc8fbd30505cf870dd921ec6
C:\Users\heman\Downloads\orthinx dataset\MedicalExpert-II\1Doubtful\DoubtfulG1 (243).png,1,Doubtful,train,374307330929cc6d67686bf28541f6a8
C:\Users\heman\Downloads\orthinx dataset\MedicalExpert-II\1Doubtful\DoubtfulG1 (244).png,1,Doubtful,train,456982bb501cbb264da232a92832d883
C:\Users\heman\Downloads\orthinx dataset\MedicalExpert-II\1Doubtful\DoubtfulG1 (245).png,1,Doubtful,train,4f9a481d12e04d97b5f65b4930513053
C:\Users\heman\Downloads\orthinx dataset\MedicalExpert-II\1Doubtful\DoubtfulG1 (246).png,1,Doubtful,train,0c584ac764122bd8588de80466daee01
C:\Users\heman\Downloads\orthinx dataset\MedicalExpert-II\1Doubtful\DoubtfulG1 (247).png,1,Doubtful,train,fbd41344d8aafb534b179770632e883d
C:\Users\heman\Downloads\orthinx dataset\MedicalExpert-II\1Doubtful\DoubtfulG1 (248).png,1,Doubtful,train,864d80f9572c545bcefddca764e8171f
C:\Users\heman\Downloads\orthinx dataset\MedicalExpert-II\1Doubtful\DoubtfulG1 (249).png,1,Doubtful,train,0e58827d1e3faf8c2bce19fe32cbd7cc
C:\Users\heman\Downloads\orthinx dataset\MedicalExpert-II\1Doubtful\DoubtfulG1 (25).png,1,Doubtful,train,2e0f39ce2055b4d696b9bbe3b56a36e3
C:\Users\heman\Downloads\orthinx dataset\MedicalExpert-II\1Doubtful\DoubtfulG1 (250).png,1,Doubtful,train,1d0f5575955d30b907fe2e9f817fe324
C:\Users\heman\Downloads\orthinx dataset\MedicalExpert-II\1Doubtful\DoubtfulG1 (251).png,1,Doubtful,test,7634358007589a76d20db2bcc686f0e8
C:\Users\heman\Downloads\orthinx dataset\MedicalExpert-II\1Doubtful\DoubtfulG1 (252).png,1,Doubtful,val,17a4166a2f9e60f86484e2a400c27761
C:\Users\heman\Downloads\orthinx dataset\MedicalExpert-II\1Doubtful\DoubtfulG1 (253).png,1,Doubtful,val,29d81fe8bbccfd107405f4b175de0f2a
C:\Users\heman\Downloads\orthinx dataset\MedicalExpert-II\1Doubtful\DoubtfulG1 (254).png,1,Doubtful,train,4a720c95e6a6699b26719e6a17005c57
C:\Users\heman\Downloads\orthinx dataset\MedicalExpert-II\1Doubtful\DoubtfulG1 (255).png,1,Doubtful,test,9e696893d44b8c150ca86e67a253b84e
C:\Users\heman\Downloads\orthinx dataset\MedicalExpert-II\1Doubtful\DoubtfulG1 (256).png,1,Doubtful,train,0ebd441af53e83a87393a0f76e687fe5
C:\Users\heman\Downloads\orthinx dataset\MedicalExpert-II\1Doubtful\DoubtfulG1 (257).png,1,Doubtful,val,11cdc393f3dc9e91ce49b7a89abd4d57
C:\Users\heman\Downloads\orthinx dataset\MedicalExpert-II\1Doubtful\DoubtfulG1 (258).png,1,Doubtful,train,89a0f8d76a34314e2bf0c625dccedd7c
C:\Users\heman\Downloads\orthinx dataset\MedicalExpert-II\1Doubtful\DoubtfulG1 (259).png,1,Doubtful,train,ac55b88f04a82ad733edae5949a5a73e
C:\Users\heman\Downloads\orthinx dataset\MedicalExpert-II\1Doubtful\DoubtfulG1 (26).png,1,Doubtful,train,5e49a426a2faf73d9b20148fb139679f
C:\Users\heman\Downloads\orthinx dataset\MedicalExpert-II\1Doubtful\DoubtfulG1 (260).png,1,Doubtful,train,1754999a4c9f14c3defe9517643d88ee
C:\Users\heman\Downloads\orthinx dataset\MedicalExpert-II\1Doubtful\DoubtfulG1 (261).png,1,Doubtful,test,b37cbe92b0c3f59851fd0a2a10ffc957
C:\Users\heman\Downloads\orthinx dataset\MedicalExpert-II\1Doubtful\DoubtfulG1 (262).png,1,Doubtful,train,4b73eecb1b644b199aefa626ec8ebab6
C:\Users\heman\Downloads\orthinx dataset\MedicalExpert-II\1Doubtful\DoubtfulG1 (263).png,1,Doubtful,train,933f5b59f153cca92d6941a632a0c3bc
C:\Users\heman\Downloads\orthinx dataset\MedicalExpert-II\1Doubtful\DoubtfulG1 (264).png,1,Doubtful,test,cd893b878f1a30ef84d8245794a4fca6
C:\Users\heman\Downloads\orthinx dataset\MedicalExpert-II\1Doubtful\DoubtfulG1 (265).png,1,Doubtful,train,838cd3c7ab00b197a40cd4553a45e911
C:\Users\heman\Downloads\orthinx dataset\MedicalExpert-II\1Doubtful\DoubtfulG1 (266).png,1,Doubtful,train,aa9c529d9db22eaeaab635a19cbb15f9
C:\Users\heman\Downloads\orthinx dataset\MedicalExpert-II\1Doubtful\DoubtfulG1 (267).png,1,Doubtful,val,6ff76fa26450085d014c8a06a83bece4
C:\Users\heman\Downloads\orthinx dataset\MedicalExpert-II\1Doubtful\DoubtfulG1 (268).png,1,Doubtful,test,4753955e178c00592c576a5ab41b8d0c
C:\Users\heman\Downloads\orthinx dataset\MedicalExpert-II\1Doubtful\DoubtfulG1 (269).png,1,Doubtful,val,c50863c84d4c3fb1cf7c014b04a1f1c4
C:\Users\heman\Downloads\orthinx dataset\MedicalExpert-II\1Doubtful\DoubtfulG1 (27).png,1,Doubtful,train,e13867f64ea39e9fb5a17311c1f8f9cb
C:\Users\heman\Downloads\orthinx dataset\MedicalExpert-II\1Doubtful\DoubtfulG1 (270).png,1,Doubtful,train,48ce4d889a8e6041ec3fd61a8c61a2d3
C:\Users\heman\Downloads\orthinx dataset\MedicalExpert-II\1Doubtful\DoubtfulG1 (271).png,1,Doubtful,train,dc6edcd277281a3286428bb26fac0917
C:\Users\heman\Downloads\orthinx dataset\MedicalExpert-II\1Doubtful\DoubtfulG1 (272).png,1,Doubtful,val,1ada9e1bb73836bc4eaed7c4fd6d0aab
C:\Users\heman\Downloads\orthinx dataset\MedicalExpert-II\1Doubtful\DoubtfulG1 (273).png,1,Doubtful,test,27025dacf2b22ac1387af0b336eba814
C:\Users\heman\Downloads\orthinx dataset\MedicalExpert-II\1Doubtful\DoubtfulG1 (274).png,1,Doubtful,train,ff4b121d9f3ca109223e019a502cd995
C:\Users\heman\Downloads\orthinx dataset\MedicalExpert-II\1Doubtful\DoubtfulG1 (275).png,1,Doubtful,train,69e466df155677e70fb4cfa280bc68f7
C:\Users\heman\Downloads\orthinx dataset\MedicalExpert-II\1Doubtful\DoubtfulG1 (276).png,1,Doubtful,train,fb3b03f896b052d36438bde0e33926b6
C:\Users\heman\Downloads\orthinx dataset\MedicalExpert-II\1Doubtful\DoubtfulG1 (277).png,1,Doubtful,test,b7b90ca4047cf938f42ee1538c19dcde
C:\Users\heman\Downloads\orthinx dataset\MedicalExpert-II\1Doubtful\DoubtfulG1 (278).png,1,Doubtful,train,151882992e7d6f8d01e696bf16b1aa56
C:\Users\heman\Downloads\orthinx dataset\MedicalExpert-II\1Doubtful\DoubtfulG1 (279).png,1,Doubtful,test,4083abf5a411f19e6e24a0358ee60346
C:\Users\heman\Downloads\orthinx dataset\MedicalExpert-II\1Doubtful\DoubtfulG1 (28).png,1,Doubtful,train,8372b7f94b02a92dd3acde66b1694b85
C:\Users\heman\Downloads\orthinx dataset\MedicalExpert-II\1Doubtful\DoubtfulG1 (280).png,1,Doubtful,train,a57bfb8906221e83edf6d9586618c6b5
C:\Users\heman\Downloads\orthinx dataset\MedicalExpert-II\1Doubtful\DoubtfulG1 (281).png,1,Doubtful,val,c68b1e3326fc11a0102dff077dc5cb2e
C:\Users\heman\Downloads\orthinx dataset\MedicalExpert-II\1Doubtful\DoubtfulG1 (282).png,1,Doubtful,train,81c709d9e7d09f0fc1b0a3b63fd814b2
C:\Users\heman\Downloads\orthinx dataset\MedicalExpert-II\1Doubtful\DoubtfulG1 (283).png,1,Doubtful,train,00a90d833e20c5e903280d8dac89c18a
C:\Users\heman\Downloads\orthinx dataset\MedicalExpert-II\1Doubtful\DoubtfulG1 (284).png,1,Doubtful,train,cd016a88f64d74e71a2c3b77d18342a6
C:\Users\heman\Downloads\orthinx dataset\MedicalExpert-II\1Doubtful\DoubtfulG1 (285).png,1,Doubtful,train,5ad57b0266890c888c7b0e5a49d05ec9
C:\Users\heman\Downloads\orthinx dataset\MedicalExpert-II\1Doubtful\DoubtfulG1 (286).png,1,Doubtful,test,61114baed08cb9a1c1513d2871efff14
C:\Users\heman\Downloads\orthinx dataset\MedicalExpert-II\1Doubtful\DoubtfulG1 (287).png,1,Doubtful,train,88837b83375f83d30eee217136b70491
C:\Users\heman\Downloads\orthinx dataset\MedicalExpert-II\1Doubtful\DoubtfulG1 (288).png,1,Doubtful,train,1694911231ebdbe4db8832a1b78bf548
C:\Users\heman\Downloads\orthinx dataset\MedicalExpert-II\1Doubtful\DoubtfulG1 (289).png,1,Doubtful,train,7208d3dde7d8e5e205a78e9f34543321
C:\Users\heman\Downloads\orthinx dataset\MedicalExpert-II\1Doubtful\DoubtfulG1 (29).png,1,Doubtful,val,863e8258f8f7bfe3ce1c38c130e710f5
C:\Users\heman\Downloads\orthinx dataset\MedicalExpert-II\1Doubtful\DoubtfulG1 (290).png,1,Doubtful,val,ec073743fa9a81b676031f6bfe84bb81
C:\Users\heman\Downloads\orthinx dataset\MedicalExpert-II\1Doubtful\DoubtfulG1 (291).png,1,Doubtful,train,e70b50de59051eab9786d7161e61100c
C:\Users\heman\Downloads\orthinx dataset\MedicalExpert-II\1Doubtful\DoubtfulG1 (292).png,1,Doubtful,train,d4b7dc649ab21889590b65b3e810eb6c
C:\Users\heman\Downloads\orthinx dataset\MedicalExpert-II\1Doubtful\DoubtfulG1 (293).png,1,Doubtful,train,d7e7521f188377226b5efb7b4f551ed0
C:\Users\heman\Downloads\orthinx dataset\MedicalExpert-II\1Doubtful\DoubtfulG1 (294).png,1,Doubtful,train,68653e170d35153c974947c9c92fb5d6
C:\Users\heman\Downloads\orthinx dataset\MedicalExpert-II\1Doubtful\DoubtfulG1 (295).png,1,Doubtful,train,ff8a75939edfec589c17e7dd45e3757d
C:\Users\heman\Downloads\orthinx dataset\MedicalExpert-II\1Doubtful\DoubtfulG1 (296).png,1,Doubtful,train,46940e691a4df3e026bf270f9e5d3476
C:\Users\heman\Downloads\orthinx dataset\MedicalExpert-II\1Doubtful\DoubtfulG1 (297).png,1,Doubtful,train,04cc68595bad728b3e66a4bfb8e59dc0
C:\Users\heman\Downloads\orthinx dataset\MedicalExpert-II\1Doubtful\DoubtfulG1 (298).png,1,Doubtful,test,ccf568951d57945e163accf6adf66d1d
C:\Users\heman\Downloads\orthinx dataset\MedicalExpert-II\1Doubtful\DoubtfulG1 (299).png,1,Doubtful,train,582be90262dc7216eee8bd7b90bbe2ee
C:\Users\heman\Downloads\orthinx dataset\MedicalExpert-II\1Doubtful\DoubtfulG1 (3).png,1,Doubtful,test,371a416f3477bbd8267c6c4e483be2ce
C:\Users\heman\Downloads\orthinx dataset\MedicalExpert-II\1Doubtful\DoubtfulG1 (30).png,1,Doubtful,train,0d520dc4fbe79a703ff83303129c55dc
C:\Users\heman\Downloads\orthinx dataset\MedicalExpert-II\1Doubtful\DoubtfulG1 (300).png,1,Doubtful,val,796281ef3ec369b2fed185eb5586867e
C:\Users\heman\Downloads\orthinx dataset\MedicalExpert-II\1Doubtful\DoubtfulG1 (301).png,1,Doubtful,train,6a835d0fabe28b0d56b0ef1b7876b866
C:\Users\heman\Downloads\orthinx dataset\MedicalExpert-II\1Doubtful\DoubtfulG1 (302).png,1,Doubtful,train,ac8c8ad2ad32eeebb76f5d08891df7d9
C:\Users\heman\Downloads\orthinx dataset\MedicalExpert-II\1Doubtful\DoubtfulG1 (303).png,1,Doubtful,train,17b21430e8c80e6b836ad3eb56407110
C:\Users\heman\Downloads\orthinx dataset\MedicalExpert-II\1Doubtful\DoubtfulG1 (304).png,1,Doubtful,val,b5423f4446cea7982edcb570bd95bdc3
C:\Users\heman\Downloads\orthinx dataset\MedicalExpert-II\1Doubtful\DoubtfulG1 (305).png,1,Doubtful,train,160117bafb5adb2a7c589bda2c1bbfb7
C:\Users\heman\Downloads\orthinx dataset\MedicalExpert-II\1Doubtful\DoubtfulG1 (306).png,1,Doubtful,train,0c675503d26965e2d7aef96bba91f7a7
C:\Users\heman\Downloads\orthinx dataset\MedicalExpert-II\1Doubtful\DoubtfulG1 (307).png,1,Doubtful,train,9fb6ddae42371ef548ed120ad13f9a2f
C:\Users\heman\Downloads\orthinx dataset\MedicalExpert-II\1Doubtful\DoubtfulG1 (308).png,1,Doubtful,val,36d0160c3e23fd27412f72035732bd3e
C:\Users\heman\Downloads\orthinx dataset\MedicalExpert-II\1Doubtful\DoubtfulG1 (309).png,1,Doubtful,train,eb3b162e835b531933582f451c0a8b9b
C:\Users\heman\Downloads\orthinx dataset\MedicalExpert-II\1Doubtful\DoubtfulG1 (31).png,1,Doubtful,test,f440bcb3d2e4220ebd3feee3ad7a8a24
C:\Users\heman\Downloads\orthinx dataset\MedicalExpert-II\1Doubtful\DoubtfulG1 (310).png,1,Doubtful,train,6e963a1777e4522cc353cd0c5a42dec2
C:\Users\heman\Downloads\orthinx dataset\MedicalExpert-II\1Doubtful\DoubtfulG1 (311).png,1,Doubtful,test,0662fa5300261fe207b05fb7029a534a
C:\Users\heman\Downloads\orthinx dataset\MedicalExpert-II\1Doubtful\DoubtfulG1 (312).png,1,Doubtful,train,17a5dd021ec5558109e3bdf518237c57
C:\Users\heman\Downloads\orthinx dataset\MedicalExpert-II\1Doubtful\DoubtfulG1 (313).png,1,Doubtful,train,3b88f5d62c0bd9b348d0eb3674c9a0a8
C:\Users\heman\Downloads\orthinx dataset\MedicalExpert-II\1Doubtful\DoubtfulG1 (314).png,1,Doubtful,val,ec400e9c993e23226b2982855b532bff
C:\Users\heman\Downloads\orthinx dataset\MedicalExpert-II\1Doubtful\DoubtfulG1 (315).png,1,Doubtful,train,56812576b4998315d18d6db92faa651d
C:\Users\heman\Downloads\orthinx dataset\MedicalExpert-II\1Doubtful\DoubtfulG1 (316).png,1,Doubtful,train,081ee197d78877638a27a6a4814681ec
C:\Users\heman\Downloads\orthinx dataset\MedicalExpert-II\1Doubtful\DoubtfulG1 (317).png,1,Doubtful,train,e43ef239c6d206dd3f9310caf373780e
C:\Users\heman\Downloads\orthinx dataset\MedicalExpert-II\1Doubtful\DoubtfulG1 (318).png,1,Doubtful,train,306bbd9f22bf540d12dc41c3ddf68a78
C:\Users\heman\Downloads\orthinx dataset\MedicalExpert-II\1Doubtful\DoubtfulG1 (319).png,1,Doubtful,test,a8973113970c78feabdd8e8d676e98c6
C:\Users\heman\Downloads\orthinx dataset\MedicalExpert-II\1Doubtful\DoubtfulG1 (32).png,1,Doubtful,train,5e6a0db5283a095d2bb6947783d4b460
C:\Users\heman\Downloads\orthinx dataset\MedicalExpert-II\1Doubtful\DoubtfulG1 (320).png,1,Doubtful,train,f1d22692e29b4f46af5ec3fc582c9181
C:\Users\heman\Downloads\orthinx dataset\MedicalExpert-II\1Doubtful\DoubtfulG1 (321).png,1,Doubtful,train,3b3f700a764a3b60bb30acf95b2b6b65
C:\Users\heman\Downloads\orthinx dataset\MedicalExpert-II\1Doubtful\DoubtfulG1 (322).png,1,Doubtful,test,12e90ac1ee34fb5829a1dd8228663e5f
C:\Users\heman\Downloads\orthinx dataset\MedicalExpert-II\1Doubtful\DoubtfulG1 (323).png,1,Doubtful,train,64d4188844a25de03a2bb4b664cb9712
C:\Users\heman\Downloads\orthinx dataset\MedicalExpert-II\1Doubtful\DoubtfulG1 (324).png,1,Doubtful,train,f5a63d9b1531fae9eff2712a7ace512f
C:\Users\heman\Downloads\orthinx dataset\MedicalExpert-II\1Doubtful\DoubtfulG1 (325).png,1,Doubtful,train,4ab94fb556aecebe91b6efeb0de47deb
C:\Users\heman\Downloads\orthinx dataset\MedicalExpert-II\1Doubtful\DoubtfulG1 (326).png,1,Doubtful,train,07a90cc0685e56362f0d24eb61c09899
C:\Users\heman\Downloads\orthinx dataset\MedicalExpert-II\1Doubtful\DoubtfulG1 (327).png,1,Doubtful,train,6685d06474dab6bb0ca59bc4dbab33ba
C:\Users\heman\Downloads\orthinx dataset\MedicalExpert-II\1Doubtful\DoubtfulG1 (328).png,1,Doubtful,val,cc137764261e1b27bc63a4e0e1910024
C:\Users\heman\Downloads\orthinx dataset\MedicalExpert-II\1Doubtful\DoubtfulG1 (329).png,1,Doubtful,train,f6548e5fb94d2acedc40ed353a7ebdcb
C:\Users\heman\Downloads\orthinx dataset\MedicalExpert-II\1Doubtful\DoubtfulG1 (33).png,1,Doubtful,val,020343604d1d5a2862776e702a02f8fd
C:\Users\heman\Downloads\orthinx dataset\MedicalExpert-II\1Doubtful\DoubtfulG1 (330).png,1,Doubtful,train,1ae40a7ae9bc7abdcd1a7b712b70f41d
C:\Users\heman\Downloads\orthinx dataset\MedicalExpert-II\1Doubtful\DoubtfulG1 (331).png,1,Doubtful,val,d8763799063caf1a504e09351873e1a1
C:\Users\heman\Downloads\orthinx dataset\MedicalExpert-II\1Doubtful\DoubtfulG1 (332).png,1,Doubtful,test,4f7cd7475f58c9601d8f8e989f1fe147
C:\Users\heman\Downloads\orthinx dataset\MedicalExpert-II\1Doubtful\DoubtfulG1 (333).png,1,Doubtful,train,f54a64851babac2f40f735d26e5f2cdc
C:\Users\heman\Downloads\orthinx dataset\MedicalExpert-II\1Doubtful\DoubtfulG1 (334).png,1,Doubtful,train,c47c1f2f04e5743aeb2d339e071a96ea
C:\Users\heman\Downloads\orthinx dataset\MedicalExpert-II\1Doubtful\DoubtfulG1 (335).png,1,Doubtful,train,cef7960de7d6da9bfc0a468b890ad82b
C:\Users\heman\Downloads\orthinx dataset\MedicalExpert-II\1Doubtful\DoubtfulG1 (336).png,1,Doubtful,train,e282129e39fa8cbc90bab6f5482ea9fe
C:\Users\heman\Downloads\orthinx dataset\MedicalExpert-II\1Doubtful\DoubtfulG1 (337).png,1,Doubtful,train,7edf6c1e2b747c13d1f0eb0509370455
C:\Users\heman\Downloads\orthinx dataset\MedicalExpert-II\1Doubtful\DoubtfulG1 (338).png,1,Doubtful,train,a157d71f2aa43ae416bb62768f63ce81
C:\Users\heman\Downloads\orthinx dataset\MedicalExpert-II\1Doubtful\DoubtfulG1 (339).png,1,Doubtful,train,7abf4093f78041b6517a2caed5c1acfb
C:\Users\heman\Downloads\orthinx dataset\MedicalExpert-II\1Doubtful\DoubtfulG1 (34).png,1,Doubtful,train,4b437f8076c04b5b3907c4d18f4ae8f7
C:\Users\heman\Downloads\orthinx dataset\MedicalExpert-II\1Doubtful\DoubtfulG1 (340).png,1,Doubtful,train,9819fea8d4a4309c160c132ca6391606
C:\Users\heman\Downloads\orthinx dataset\MedicalExpert-II\1Doubtful\DoubtfulG1 (341).png,1,Doubtful,train,9ee04931fe791fc60052f3834b0943ff
C:\Users\heman\Downloads\orthinx dataset\MedicalExpert-II\1Doubtful\DoubtfulG1 (342).png,1,Doubtful,test,780e9ae18b25ca31f38306096d429fcb
C:\Users\heman\Downloads\orthinx dataset\MedicalExpert-II\1Doubtful\DoubtfulG1 (343).png,1,Doubtful,val,02ca6619b9700e994a5bf2d2e1217d40
C:\Users\heman\Downloads\orthinx dataset\MedicalExpert-II\1Doubtful\DoubtfulG1 (344).png,1,Doubtful,train,272c3f87cebbe40f11db25773d42b906
C:\Users\heman\Downloads\orthinx dataset\MedicalExpert-II\1Doubtful\DoubtfulG1 (345).png,1,Doubtful,train,b19c7d6e81a177a9e719de64284ecc0c
C:\Users\heman\Downloads\orthinx dataset\MedicalExpert-II\1Doubtful\DoubtfulG1 (346).png,1,Doubtful,train,7f4d61fd422cde5e542db1bdd8681f10
C:\Users\heman\Downloads\orthinx dataset\MedicalExpert-II\1Doubtful\DoubtfulG1 (347).png,1,Doubtful,train,700b7f3686efc39f275ef0ff0b56859b
C:\Users\heman\Downloads\orthinx dataset\MedicalExpert-II\1Doubtful\DoubtfulG1 (348).png,1,Doubtful,train,57521d887a6d904d22e3d1c7a94fe95d
C:\Users\heman\Downloads\orthinx dataset\MedicalExpert-II\1Doubtful\DoubtfulG1 (349).png,1,Doubtful,train,cbad54446a4864861204a40d9dfcec44
C:\Users\heman\Downloads\orthinx dataset\MedicalExpert-II\1Doubtful\DoubtfulG1 (35).png,1,Doubtful,train,55f271c512fbb6d83875726441586a1e
C:\Users\heman\Downloads\orthinx dataset\MedicalExpert-II\1Doubtful\DoubtfulG1 (350).png,1,Doubtful,val,38d3dce8b28def744e8fa1193769400c
C:\Users\heman\Downloads\orthinx dataset\MedicalExpert-II\1Doubtful\DoubtfulG1 (351).png,1,Doubtful,train,182a5e5e58708b61a2b5611c374d2bdf
C:\Users\heman\Downloads\orthinx dataset\MedicalExpert-II\1Doubtful\DoubtfulG1 (352).png,1,Doubtful,test,890c23444b3a4eb43e3281877a622b6e
C:\Users\heman\Downloads\orthinx dataset\MedicalExpert-II\1Doubtful\DoubtfulG1 (353).png,1,Doubtful,train,17d13adb1934bab5fa546459a6247fce
C:\Users\heman\Downloads\orthinx dataset\MedicalExpert-II\1Doubtful\DoubtfulG1 (354).png,1,Doubtful,test,5a27c7b6143f62bffeeb8d5bd9649fcb
C:\Users\heman\Downloads\orthinx dataset\MedicalExpert-II\1Doubtful\DoubtfulG1 (355).png,1,Doubtful,train,30c0630791633db3877590ce6d734d9c
C:\Users\heman\Downloads\orthinx dataset\MedicalExpert-II\1Doubtful\DoubtfulG1 (356).png,1,Doubtful,train,feab62dcf82d1343fef721d737e37e33
C:\Users\heman\Downloads\orthinx dataset\MedicalExpert-II\1Doubtful\DoubtfulG1 (357).png,1,Doubtful,train,0ad715b94d970421e09927085405e3d9
C:\Users\heman\Downloads\orthinx dataset\MedicalExpert-II\1Doubtful\DoubtfulG1 (358).png,1,Doubtful,train,85de1f912ccfef8d18440d128be7e754
C:\Users\heman\Downloads\orthinx dataset\MedicalExpert-II\1Doubtful\DoubtfulG1 (359).png,1,Doubtful,val,2e597f1ef1a7ef90805f3d4435643d43
C:\Users\heman\Downloads\orthinx dataset\MedicalExpert-II\1Doubtful\DoubtfulG1 (36).png,1,Doubtful,test,14b17eb84a39358081dbb5b2408a6fe3
C:\Users\heman\Downloads\orthinx dataset\MedicalExpert-II\1Doubtful\DoubtfulG1 (360).png,1,Doubtful,test,edf88855bc35322f7fde3624c45f38aa
C:\Users\heman\Downloads\orthinx dataset\MedicalExpert-II\1Doubtful\DoubtfulG1 (361).png,1,Doubtful,test,23d2573375067b6f903956e7c88ea03c
C:\Users\heman\Downloads\orthinx dataset\MedicalExpert-II\1Doubtful\DoubtfulG1 (362).png,1,Doubtful,test,047d165939bdc1afda15232d6d567594
C:\Users\heman\Downloads\orthinx dataset\MedicalExpert-II\1Doubtful\DoubtfulG1 (363).png,1,Doubtful,train,82a640487463875b462ecb3dc3d7bce9
C:\Users\heman\Downloads\orthinx dataset\MedicalExpert-II\1Doubtful\DoubtfulG1 (364).png,1,Doubtful,train,48beba694ce444abb3b93b47e98e0269
C:\Users\heman\Downloads\orthinx dataset\MedicalExpert-II\1Doubtful\DoubtfulG1 (365).png,1,Doubtful,train,686629b0cbdc52510f1a25b768e24304
C:\Users\heman\Downloads\orthinx dataset\MedicalExpert-II\1Doubtful\DoubtfulG1 (366).png,1,Doubtful,train,5071e0bc7374a3c35d2b09ff554f4f44
C:\Users\heman\Downloads\orthinx dataset\MedicalExpert-II\1Doubtful\DoubtfulG1 (367).png,1,Doubtful,test,63c4f774ba2bd51813394cbcb5544cf6
C:\Users\heman\Downloads\orthinx dataset\MedicalExpert-II\1Doubtful\DoubtfulG1 (368).png,1,Doubtful,train,3c861a909d9bbe234c92e01eb0504968
C:\Users\heman\Downloads\orthinx dataset\MedicalExpert-II\1Doubtful\DoubtfulG1 (369).png,1,Doubtful,train,9242517442094c80f95e275db35994d1
C:\Users\heman\Downloads\orthinx dataset\MedicalExpert-II\1Doubtful\DoubtfulG1 (37).png,1,Doubtful,val,dc439378750b120a586f7c2dea35a6a7
C:\Users\heman\Downloads\orthinx dataset\MedicalExpert-II\1Doubtful\DoubtfulG1 (370).png,1,Doubtful,train,ced0f358e57828ddb42ad94136880b65
C:\Users\heman\Downloads\orthinx dataset\MedicalExpert-II\1Doubtful\DoubtfulG1 (371).png,1,Doubtful,train,88f5fea51fc995401367bb8dc23dbcdd
C:\Users\heman\Downloads\orthinx dataset\MedicalExpert-II\1Doubtful\DoubtfulG1 (372).png,1,Doubtful,train,a31f161349edadeeaaef94639ee8f85a
C:\Users\heman\Downloads\orthinx dataset\MedicalExpert-II\1Doubtful\DoubtfulG1 (373).png,1,Doubtful,train,a14a7a923428499676f175a97bb7056f
C:\Users\heman\Downloads\orthinx dataset\MedicalExpert-II\1Doubtful\DoubtfulG1 (374).png,1,Doubtful,train,78e1a6e3ac982fd768b7376c48a3300e
C:\Users\heman\Downloads\orthinx dataset\MedicalExpert-II\1Doubtful\DoubtfulG1 (375).png,1,Doubtful,train,abe2cd2b0a9aa6a1b4ce3544e62c0e1b
C:\Users\heman\Downloads\orthinx dataset\MedicalExpert-II\1Doubtful\DoubtfulG1 (376).png,1,Doubtful,val,380228ef8f5ee042f381446f92d357fd
C:\Users\heman\Downloads\orthinx dataset\MedicalExpert-II\1Doubtful\DoubtfulG1 (377).png,1,Doubtful,train,027c2e01d29af2de9f506865256989be
C:\Users\heman\Downloads\orthinx dataset\MedicalExpert-II\1Doubtful\DoubtfulG1 (378).png,1,Doubtful,train,a217e7b3fabae2869c4fe7f2dc3fcfe2
C:\Users\heman\Downloads\orthinx dataset\MedicalExpert-II\1Doubtful\DoubtfulG1 (379).png,1,Doubtful,train,b726c36dfc5c3a5b991fd924de2535ff
C:\Users\heman\Downloads\orthinx dataset\MedicalExpert-II\1Doubtful\DoubtfulG1 (38).png,1,Doubtful,train,1770d7ee721c6d11c6d4355f7fc48cb2
C:\Users\heman\Downloads\orthinx dataset\MedicalExpert-II\1Doubtful\DoubtfulG1 (380).png,1,Doubtful,train,8e601430f30f9361c7d5b1baf5326866
C:\Users\heman\Downloads\orthinx dataset\MedicalExpert-II\1Doubtful\DoubtfulG1 (381).png,1,Doubtful,train,fdab643d39f4b5db08ae7788f477d6c6
C:\Users\heman\Downloads\orthinx dataset\MedicalExpert-II\1Doubtful\DoubtfulG1 (382).png,1,Doubtful,train,ad95fea45f579a2362554981f72c65c6
C:\Users\heman\Downloads\orthinx dataset\MedicalExpert-II\1Doubtful\DoubtfulG1 (383).png,1,Doubtful,train,4dd590716d5ed80734ffa0b21b92c3f1
C:\Users\heman\Downloads\orthinx dataset\MedicalExpert-II\1Doubtful\DoubtfulG1 (384).png,1,Doubtful,train,9b742517c8ea96a942aeaefb0ac6b21a
C:\Users\heman\Downloads\orthinx dataset\MedicalExpert-II\1Doubtful\DoubtfulG1 (385).png,1,Doubtful,train,b101009d7abf33b35f62098227eb54f5
C:\Users\heman\Downloads\orthinx dataset\MedicalExpert-II\1Doubtful\DoubtfulG1 (386).png,1,Doubtful,train,36c5be1c032a1aecc4b594d489853c01
C:\Users\heman\Downloads\orthinx dataset\MedicalExpert-II\1Doubtful\DoubtfulG1 (387).png,1,Doubtful,val,f319ae91f6265cf20235622c0a0cecd4
C:\Users\heman\Downloads\orthinx dataset\MedicalExpert-II\1Doubtful\DoubtfulG1 (388).png,1,Doubtful,train,9ff89e82a3c4f89897a23d00aa8c632a
C:\Users\heman\Downloads\orthinx dataset\MedicalExpert-II\1Doubtful\DoubtfulG1 (389).png,1,Doubtful,train,b308579db75065579574ea8ab48e91d8
C:\Users\heman\Downloads\orthinx dataset\MedicalExpert-II\1Doubtful\DoubtfulG1 (39).png,1,Doubtful,train,64da715e6ee24d35a958c82cf43dc35b
C:\Users\heman\Downloads\orthinx dataset\MedicalExpert-II\1Doubtful\DoubtfulG1 (390).png,1,Doubtful,train,deb1e621cca9d76d46dc751c615c416a
C:\Users\heman\Downloads\orthinx dataset\MedicalExpert-II\1Doubtful\DoubtfulG1 (391).png,1,Doubtful,train,d4ea18ff2d798f445232cc00dcfb0d22
C:\Users\heman\Downloads\orthinx dataset\MedicalExpert-II\1Doubtful\DoubtfulG1 (392).png,1,Doubtful,train,b308579db75065579574ea8ab48e91d8
C:\Users\heman\Downloads\orthinx dataset\MedicalExpert-II\1Doubtful\DoubtfulG1 (393).png,1,Doubtful,train,674174cdc21e31713dfed0715e4a216c
C:\Users\heman\Downloads\orthinx dataset\MedicalExpert-II\1Doubtful\DoubtfulG1 (394).png,1,Doubtful,train,e26f0174be53fee3f272f18e1b3cb0b5
C:\Users\heman\Downloads\orthinx dataset\MedicalExpert-II\1Doubtful\DoubtfulG1 (395).png,1,Doubtful,val,523e33c2a8e488a2777711af408808d2
C:\Users\heman\Downloads\orthinx dataset\MedicalExpert-II\1Doubtful\DoubtfulG1 (396).png,1,Doubtful,train,ee26a81a8fa916b887223beb4f9a6bdd
C:\Users\heman\Downloads\orthinx dataset\MedicalExpert-II\1Doubtful\DoubtfulG1 (397).png,1,Doubtful,train,a576fe7e0c6e982f007ebb0287de51cd
C:\Users\heman\Downloads\orthinx dataset\MedicalExpert-II\1Doubtful\DoubtfulG1 (398).png,1,Doubtful,train,0935ac91f826695478d576dc15ce4b40
C:\Users\heman\Downloads\orthinx dataset\MedicalExpert-II\1Doubtful\DoubtfulG1 (399).png,1,Doubtful,train,7c2c1f3781cde19548801b50009aaf2f
C:\Users\heman\Downloads\orthinx dataset\MedicalExpert-II\1Doubtful\DoubtfulG1 (4).png,1,Doubtful,train,6d2f158ba30da9366cd866d627ce835a
C:\Users\heman\Downloads\orthinx dataset\MedicalExpert-II\1Doubtful\DoubtfulG1 (40).png,1,Doubtful,val,1ee76c8ea9a8efb6f809aff22f18db51
C:\Users\heman\Downloads\orthinx dataset\MedicalExpert-II\1Doubtful\DoubtfulG1 (400).png,1,Doubtful,val,d4020c31d65a6675fa2bdb5ebe93e973
C:\Users\heman\Downloads\orthinx dataset\MedicalExpert-II\1Doubtful\DoubtfulG1 (401).png,1,Doubtful,train,061f9630fe7d955908b4a0697105b451
C:\Users\heman\Downloads\orthinx dataset\MedicalExpert-II\1Doubtful\DoubtfulG1 (402).png,1,Doubtful,train,dd6d4422ff494ad60eec7ec55c6e87b2
C:\Users\heman\Downloads\orthinx dataset\MedicalExpert-II\1Doubtful\DoubtfulG1 (403).png,1,Doubtful,test,6451b77c1f7fdedd5beecd91dacdc412
C:\Users\heman\Downloads\orthinx dataset\MedicalExpert-II\1Doubtful\DoubtfulG1 (404).png,1,Doubtful,val,71b21c349d53d6a58198a556b41124a9
C:\Users\heman\Downloads\orthinx dataset\MedicalExpert-II\1Doubtful\DoubtfulG1 (405).png,1,Doubtful,train,b50dacc4147454eb09f8fc83c5094fc7
C:\Users\heman\Downloads\orthinx dataset\MedicalExpert-II\1Doubtful\DoubtfulG1 (406).png,1,Doubtful,train,c2fd5d2e00863f6b2cd51ef9adabafd9
C:\Users\heman\Downloads\orthinx dataset\MedicalExpert-II\1Doubtful\DoubtfulG1 (407).png,1,Doubtful,train,4d17c6d54c02bc1e5993b3672be67c43
C:\Users\heman\Downloads\orthinx dataset\MedicalExpert-II\1Doubtful\DoubtfulG1 (408).png,1,Doubtful,test,1bddc2ce8e2b872e582ec4fe666f3874
C:\Users\heman\Downloads\orthinx dataset\MedicalExpert-II\1Doubtful\DoubtfulG1 (409).png,1,Doubtful,train,f8591b36771548846db2798dc5c463c7
C:\Users\heman\Downloads\orthinx dataset\MedicalExpert-II\1Doubtful\DoubtfulG1 (41).png,1,Doubtful,test,9650510ce1d85f1fc70bd6e62a71c6bd
C:\Users\heman\Downloads\orthinx dataset\MedicalExpert-II\1Doubtful\DoubtfulG1 (410).png,1,Doubtful,test,6993f7546dae56354da40a72d21e4ec5
C:\Users\heman\Downloads\orthinx dataset\MedicalExpert-II\1Doubtful\DoubtfulG1 (411).png,1,Doubtful,train,86dbda6cfb8554a8a4d9ab3bc94edfa7
C:\Users\heman\Downloads\orthinx dataset\MedicalExpert-II\1Doubtful\DoubtfulG1 (412).png,1,Doubtful,train,d0c7cf26f62320e02831d6d99df845c8
C:\Users\heman\Downloads\orthinx dataset\MedicalExpert-II\1Doubtful\DoubtfulG1 (413).png,1,Doubtful,test,f6681d4ab419b1a6a06e2eae7ce89969
C:\Users\heman\Downloads\orthinx dataset\MedicalExpert-II\1Doubtful\DoubtfulG1 (414).png,1,Doubtful,train,2947553ca7aeddca9b2b91be2ebfed79
C:\Users\heman\Downloads\orthinx dataset\MedicalExpert-II\1Doubtful\DoubtfulG1 (415).png,1,Doubtful,train,76d3dba79afce713e179f0717e984be9
C:\Users\heman\Downloads\orthinx dataset\MedicalExpert-II\1Doubtful\DoubtfulG1 (416).png,1,Doubtful,train,ee7351ad74915391c68cc5ee1c34ea58
C:\Users\heman\Downloads\orthinx dataset\MedicalExpert-II\1Doubtful\DoubtfulG1 (417).png,1,Doubtful,train,8d1535638bd60b9fd640d845c06b760c
C:\Users\heman\Downloads\orthinx dataset\MedicalExpert-II\1Doubtful\DoubtfulG1 (418).png,1,Doubtful,train,358f86442d2e3142eb8458bf8ebb569e
C:\Users\heman\Downloads\orthinx dataset\MedicalExpert-II\1Doubtful\DoubtfulG1 (419).png,1,Doubtful,train,fba14cf8c102725f1b34bf4c4b7c4046
C:\Users\heman\Downloads\orthinx dataset\MedicalExpert-II\1Doubtful\DoubtfulG1 (42).png,1,Doubtful,train,b3ab914a6413661d0d8d01c2322fb6cd
C:\Users\heman\Downloads\orthinx dataset\MedicalExpert-II\1Doubtful\DoubtfulG1 (420).png,1,Doubtful,train,9eac3c3c4540d739b5e535ac8dd63cae
C:\Users\heman\Downloads\orthinx dataset\MedicalExpert-II\1Doubtful\DoubtfulG1 (421).png,1,Doubtful,train,ee1f28beaa5ede3c3e30fdae73c90e98
C:\Users\heman\Downloads\orthinx dataset\MedicalExpert-II\1Doubtful\DoubtfulG1 (422).png,1,Doubtful,train,0fc6e5b810f104692d9ddfe88d6328bf
C:\Users\heman\Downloads\orthinx dataset\MedicalExpert-II\1Doubtful\DoubtfulG1 (423).png,1,Doubtful,train,74a7e8505ca2b42c9f0477e2f9f5ddbe
C:\Users\heman\Downloads\orthinx dataset\MedicalExpert-II\1Doubtful\DoubtfulG1 (424).png,1,Doubtful,train,8b9bfb0048f47d5081372cca7825f937
C:\Users\heman\Downloads\orthinx dataset\MedicalExpert-II\1Doubtful\DoubtfulG1 (425).png,1,Doubtful,test,c7bface87a6bbb70c1716797efa6c472
C:\Users\heman\Downloads\orthinx dataset\MedicalExpert-II\1Doubtful\DoubtfulG1 (426).png,1,Doubtful,test,23f3af38cb90ad36abb8384c50fcf8a5
C:\Users\heman\Downloads\orthinx dataset\MedicalExpert-II\1Doubtful\DoubtfulG1 (427).png,1,Doubtful,train,7846f7e793f6c0c93b6ae77c4e6ac164
C:\Users\heman\Downloads\orthinx dataset\MedicalExpert-II\1Doubtful\DoubtfulG1 (428).png,1,Doubtful,train,d9535ceaf15f2a51563459f80a0563e5
C:\Users\heman\Downloads\orthinx dataset\MedicalExpert-II\1Doubtful\DoubtfulG1 (429).png,1,Doubtful,train,a5871b12ac53cb051bbe7dbd5190a765
C:\Users\heman\Downloads\orthinx dataset\MedicalExpert-II\1Doubtful\DoubtfulG1 (43).png,1,Doubtful,test,eae8363e0905d8d1ac3671bd45161cf1
C:\Users\heman\Downloads\orthinx dataset\MedicalExpert-II\1Doubtful\DoubtfulG1 (430).png,1,Doubtful,val,854547c42b9beefff4995e0a5051ad49
C:\Users\heman\Downloads\orthinx dataset\MedicalExpert-II\1Doubtful\DoubtfulG1 (431).png,1,Doubtful,train,00b7584bbeb7b936d772008b8bfaff58
C:\Users\heman\Downloads\orthinx dataset\MedicalExpert-II\1Doubtful\DoubtfulG1 (432).png,1,Doubtful,train,fbbead6ec355eb360d5ada210eff4685
C:\Users\heman\Downloads\orthinx dataset\MedicalExpert-II\1Doubtful\DoubtfulG1 (433).png,1,Doubtful,train,14bd9bb7b915252d6406920755aa6adf
C:\Users\heman\Downloads\orthinx dataset\MedicalExpert-II\1Doubtful\DoubtfulG1 (434).png,1,Doubtful,train,90ce1f27d76eda68106faeb94c25044b
C:\Users\heman\Downloads\orthinx dataset\MedicalExpert-II\1Doubtful\DoubtfulG1 (435).png,1,Doubtful,train,987546fafcf75fdc4fd73cd3ebeef814
C:\Users\heman\Downloads\orthinx dataset\MedicalExpert-II\1Doubtful\DoubtfulG1 (436).png,1,Doubtful,val,2a43da637fbd08371fb17396532ad857
C:\Users\heman\Downloads\orthinx dataset\MedicalExpert-II\1Doubtful\DoubtfulG1 (437).png,1,Doubtful,test,aa9ae62a22b4d9d3fabbf4747b4fc577
C:\Users\heman\Downloads\orthinx dataset\MedicalExpert-II\1Doubtful\DoubtfulG1 (438).png,1,Doubtful,train,8a5674f7742e60315adfc5bc98f41d5a
C:\Users\heman\Downloads\orthinx dataset\MedicalExpert-II\1Doubtful\DoubtfulG1 (439).png,1,Doubtful,train,23409474f981d504d0a6f19ed468cecc
C:\Users\heman\Downloads\orthinx dataset\MedicalExpert-II\1Doubtful\DoubtfulG1 (44).png,1,Doubtful,train,38b7e47cf19033a96a533e5f8b2d6313
C:\Users\heman\Downloads\orthinx dataset\MedicalExpert-II\1Doubtful\DoubtfulG1 (440).png,1,Doubtful,train,757069c6cf6b360fdb8b7b5bbff64ec7
C:\Users\heman\Downloads\orthinx dataset\MedicalExpert-II\1Doubtful\DoubtfulG1 (441).png,1,Doubtful,val,07236c2d3aa9f062d6fd8a2a0ecb6d4b
C:\Users\heman\Downloads\orthinx dataset\MedicalExpert-II\1Doubtful\DoubtfulG1 (442).png,1,Doubtful,train,363d7177924b7c1980c699cc1f3d497f
C:\Users\heman\Downloads\orthinx dataset\MedicalExpert-II\1Doubtful\DoubtfulG1 (443).png,1,Doubtful,train,e7a7a9eba599a09587b1a98470018723
C:\Users\heman\Downloads\orthinx dataset\MedicalExpert-II\1Doubtful\DoubtfulG1 (444).png,1,Doubtful,val,6ae6c971d693da50ea9d2dd7b1b20244
C:\Users\heman\Downloads\orthinx dataset\MedicalExpert-II\1Doubtful\DoubtfulG1 (445).png,1,Doubtful,train,d3ce11a92ed914230e6152e4fa620578
C:\Users\heman\Downloads\orthinx dataset\MedicalExpert-II\1Doubtful\DoubtfulG1 (446).png,1,Doubtful,val,477a793097bda10b81fd6cf173a98475
C:\Users\heman\Downloads\orthinx dataset\MedicalExpert-II\1Doubtful\DoubtfulG1 (447).png,1,Doubtful,train,0f1f397a5ba54d81f2a77b2bd6cd99e3
C:\Users\heman\Downloads\orthinx dataset\MedicalExpert-II\1Doubtful\DoubtfulG1 (448).png,1,Doubtful,train,c3a29317c94f2b72627e6ced4dc3b093
C:\Users\heman\Downloads\orthinx dataset\MedicalExpert-II\1Doubtful\DoubtfulG1 (449).png,1,Doubtful,val,f71ef3141ccfb61a59ddb8b50b34dd05
C:\Users\heman\Downloads\orthinx dataset\MedicalExpert-II\1Doubtful\DoubtfulG1 (45).png,1,Doubtful,train,7d11d53e77398876f6405b0a92cf7f65
C:\Users\heman\Downloads\orthinx dataset\MedicalExpert-II\1Doubtful\DoubtfulG1 (450).png,1,Doubtful,train,e9970331e28a900907c047564fb5dfa7
C:\Users\heman\Downloads\orthinx dataset\MedicalExpert-II\1Doubtful\DoubtfulG1 (451).png,1,Doubtful,test,d2b71c87c20219c206eaf27dd0cf707a
C:\Users\heman\Downloads\orthinx dataset\MedicalExpert-II\1Doubtful\DoubtfulG1 (452).png,1,Doubtful,train,0fd7cd9dc4293a2b144d23e5c9b60a72
C:\Users\heman\Downloads\orthinx dataset\MedicalExpert-II\1Doubtful\DoubtfulG1 (453).png,1,Doubtful,val,ab707b66e83695b8dd9340e1386fab4f
C:\Users\heman\Downloads\orthinx dataset\MedicalExpert-II\1Doubtful\DoubtfulG1 (454).png,1,Doubtful,train,3921388d9dc86d6e78c3908083eaf811
C:\Users\heman\Downloads\orthinx dataset\MedicalExpert-II\1Doubtful\DoubtfulG1 (455).png,1,Doubtful,train,4c0d5818da7a6575d271af234ab436df
C:\Users\heman\Downloads\orthinx dataset\MedicalExpert-II\1Doubtful\DoubtfulG1 (456).png,1,Doubtful,train,05e0f87a8d481b7cff8ea7db2654d712
C:\Users\heman\Downloads\orthinx dataset\MedicalExpert-II\1Doubtful\DoubtfulG1 (457).png,1,Doubtful,test,d4df99a4cd89da253cdc7d06739b0b1b
C:\Users\heman\Downloads\orthinx dataset\MedicalExpert-II\1Doubtful\DoubtfulG1 (458).png,1,Doubtful,test,49c28e8a995b1ecdc47d04e72a9b7c83
C:\Users\heman\Downloads\orthinx dataset\MedicalExpert-II\1Doubtful\DoubtfulG1 (459).png,1,Doubtful,val,ab707b66e83695b8dd9340e1386fab4f
C:\Users\heman\Downloads\orthinx dataset\MedicalExpert-II\1Doubtful\DoubtfulG1 (46).png,1,Doubtful,train,55a2fe398725b657d822a6fc4b512a97
C:\Users\heman\Downloads\orthinx dataset\MedicalExpert-II\1Doubtful\DoubtfulG1 (460).png,1,Doubtful,train,4a836b060cb62f3dd6ebf97160b26326
C:\Users\heman\Downloads\orthinx dataset\MedicalExpert-II\1Doubtful\DoubtfulG1 (461).png,1,Doubtful,val,f209c715bcb5723551105d670cf25fa3
C:\Users\heman\Downloads\orthinx dataset\MedicalExpert-II\1Doubtful\DoubtfulG1 (462).png,1,Doubtful,train,db812926574ec35334b0603bd080c72b
C:\Users\heman\Downloads\orthinx dataset\MedicalExpert-II\1Doubtful\DoubtfulG1 (463).png,1,Doubtful,val,290006fad466ce7afa0368194d30ed89
C:\Users\heman\Downloads\orthinx dataset\MedicalExpert-II\1Doubtful\DoubtfulG1 (464).png,1,Doubtful,val,4409554d9af1414375b0127cd08877ee
C:\Users\heman\Downloads\orthinx dataset\MedicalExpert-II\1Doubtful\DoubtfulG1 (465).png,1,Doubtful,train,f246329e809240fcfe5f95a0f0384ea0
C:\Users\heman\Downloads\orthinx dataset\MedicalExpert-II\1Doubtful\DoubtfulG1 (466).png,1,Doubtful,train,08aff53549a8fb38b32271e059f4dcc2
C:\Users\heman\Downloads\orthinx dataset\MedicalExpert-II\1Doubtful\DoubtfulG1 (467).png,1,Doubtful,val,feb055fd99b92a33933782ba4812df77
C:\Users\heman\Downloads\orthinx dataset\MedicalExpert-II\1Doubtful\DoubtfulG1 (468).png,1,Doubtful,train,b353b1f0b0b5bbe3d493d19cb0d9fa36
C:\Users\heman\Downloads\orthinx dataset\MedicalExpert-II\1Doubtful\DoubtfulG1 (469).png,1,Doubtful,train,492fabea96576dcec1c74557092ef8b4
C:\Users\heman\Downloads\orthinx dataset\MedicalExpert-II\1Doubtful\DoubtfulG1 (47).png,1,Doubtful,train,ba180c7cd8865e93e83540d15999b66b
C:\Users\heman\Downloads\orthinx dataset\MedicalExpert-II\1Doubtful\DoubtfulG1 (470).png,1,Doubtful,train,52a66cb9a4b7a2c52817d41871002f08
C:\Users\heman\Downloads\orthinx dataset\MedicalExpert-II\1Doubtful\DoubtfulG1 (471).png,1,Doubtful,train,3e43e220130d5acedc489b8077bdb443
C:\Users\heman\Downloads\orthinx dataset\MedicalExpert-II\1Doubtful\DoubtfulG1 (472).png,1,Doubtful,val,61691dfd24016a4bf1ca0a57cba8a456
C:\Users\heman\Downloads\orthinx dataset\MedicalExpert-II\1Doubtful\DoubtfulG1 (473).png,1,Doubtful,train,4f48c841c84a25e239608d0e0b05dd06
C:\Users\heman\Downloads\orthinx dataset\MedicalExpert-II\1Doubtful\DoubtfulG1 (474).png,1,Doubtful,val,1d2eeea8bfa8b373eb520523c42dab34
C:\Users\heman\Downloads\orthinx dataset\MedicalExpert-II\1Doubtful\DoubtfulG1 (475).png,1,Doubtful,val,d4ad571e4d241783b7c89c81b13d5e90
C:\Users\heman\Downloads\orthinx dataset\MedicalExpert-II\1Doubtful\DoubtfulG1 (476).png,1,Doubtful,train,301930c547513f8c04e0b1a060756b23
C:\Users\heman\Downloads\orthinx dataset\MedicalExpert-II\1Doubtful\DoubtfulG1 (477).png,1,Doubtful,train,955d57e7906c2e25c1ffbb3006101055
C:\Users\heman\Downloads\orthinx dataset\MedicalExpert-II\1Doubtful\DoubtfulG1 (478).png,1,Doubtful,test,89446add696d6146968ffdc01999ed71
C:\Users\heman\Downloads\orthinx dataset\MedicalExpert-II\1Doubtful\DoubtfulG1 (479).png,1,Doubtful,train,1b487ab9a56f5cafc859ebf2acf5f5fe
C:\Users\heman\Downloads\orthinx dataset\MedicalExpert-II\1Doubtful\DoubtfulG1 (48).png,1,Doubtful,train,63d219691a1db7556c06c9c870a1f54e
C:\Users\heman\Downloads\orthinx dataset\MedicalExpert-II\1Doubtful\DoubtfulG1 (480).png,1,Doubtful,train,8580681a628dfe479c1e365035fa262b
C:\Users\heman\Downloads\orthinx dataset\MedicalExpert-II\1Doubtful\DoubtfulG1 (481).png,1,Doubtful,train,675a2a403b04cb23acaef3c398e60aa5
C:\Users\heman\Downloads\orthinx dataset\MedicalExpert-II\1Doubtful\DoubtfulG1 (482).png,1,Doubtful,val,9d4b29826d489d0f4f01a183ebd732c7
C:\Users\heman\Downloads\orthinx dataset\MedicalExpert-II\1Doubtful\DoubtfulG1 (483).png,1,Doubtful,test,1c967f857ff0d84afb48f0d977f37168
C:\Users\heman\Downloads\orthinx dataset\MedicalExpert-II\1Doubtful\DoubtfulG1 (484).png,1,Doubtful,train,c1c5e9a46a8bbed628a2231507b8b0c5
C:\Users\heman\Downloads\orthinx dataset\MedicalExpert-II\1Doubtful\DoubtfulG1 (485).png,1,Doubtful,train,e93169ccfa5afd746464b6f0b696c751
C:\Users\heman\Downloads\orthinx dataset\MedicalExpert-II\1Doubtful\DoubtfulG1 (486).png,1,Doubtful,train,37aa8f8c31cf527eb6030b48a282a3e0
C:\Users\heman\Downloads\orthinx dataset\MedicalExpert-II\1Doubtful\DoubtfulG1 (487).png,1,Doubtful,train,43ec170c88eb873cad37e6354438ec80
C:\Users\heman\Downloads\orthinx dataset\MedicalExpert-II\1Doubtful\DoubtfulG1 (488).png,1,Doubtful,train,5f813066d16ae76261ed822c0a74c84b
C:\Users\heman\Downloads\orthinx dataset\MedicalExpert-II\1Doubtful\DoubtfulG1 (49).png,1,Doubtful,test,9a257cb366bfb4dde60fed3fff0bf1fa
C:\Users\heman\Downloads\orthinx dataset\MedicalExpert-II\1Doubtful\DoubtfulG1 (5).png,1,Doubtful,train,4d36306fc5d4fa0cebd909ba84f8a77f
C:\Users\heman\Downloads\orthinx dataset\MedicalExpert-II\1Doubtful\DoubtfulG1 (50).png,1,Doubtful,train,1f860ed906f2c0ee6f3a1aa9246f0685
C:\Users\heman\Downloads\orthinx dataset\MedicalExpert-II\1Doubtful\DoubtfulG1 (51).png,1,Doubtful,train,6d604dde4da5fcbe617e5b35e917e53c
C:\Users\heman\Downloads\orthinx dataset\MedicalExpert-II\1Doubtful\DoubtfulG1 (52).png,1,Doubtful,train,6d7f6e95a2ebbf4207d3f691171bfd7f
C:\Users\heman\Downloads\orthinx dataset\MedicalExpert-II\1Doubtful\DoubtfulG1 (53).png,1,Doubtful,test,4302daee520d5614c25d2d6271f577a6
C:\Users\heman\Downloads\orthinx dataset\MedicalExpert-II\1Doubtful\DoubtfulG1 (54).png,1,Doubtful,test,d20182646a956484d71d731ce15bf38a
C:\Users\heman\Downloads\orthinx dataset\MedicalExpert-II\1Doubtful\DoubtfulG1 (55).png,1,Doubtful,val,1945bd81e92d1be0f25ad571599af9c1
C:\Users\heman\Downloads\orthinx dataset\MedicalExpert-II\1Doubtful\DoubtfulG1 (56).png,1,Doubtful,train,3349e9210151cd30e57b3ad48c58cda5
C:\Users\heman\Downloads\orthinx dataset\MedicalExpert-II\1Doubtful\DoubtfulG1 (57).png,1,Doubtful,test,d4495d447a602e98f9d8ededf29c6593
C:\Users\heman\Downloads\orthinx dataset\MedicalExpert-II\1Doubtful\DoubtfulG1 (58).png,1,Doubtful,train,5963692169bbeb045cf6e3ba5b8cf4ba
C:\Users\heman\Downloads\orthinx dataset\MedicalExpert-II\1Doubtful\DoubtfulG1 (59).png,1,Doubtful,train,55544f11a9d5be0d3c88259ee482cdf0
C:\Users\heman\Downloads\orthinx dataset\MedicalExpert-II\1Doubtful\DoubtfulG1 (6).png,1,Doubtful,train,a63b2031662b230ea33e61b54a73d76e
C:\Users\heman\Downloads\orthinx dataset\MedicalExpert-II\1Doubtful\DoubtfulG1 (60).png,1,Doubtful,train,db9e2c52f25f2c1076849fa99783e4e0
C:\Users\heman\Downloads\orthinx dataset\MedicalExpert-II\1Doubtful\DoubtfulG1 (61).png,1,Doubtful,train,6e661aac6f9b499aa2fe5ae346aff9c4
C:\Users\heman\Downloads\orthinx dataset\MedicalExpert-II\1Doubtful\DoubtfulG1 (62).png,1,Doubtful,test,0bbb53377f0b92d73aa45f2101edc252
C:\Users\heman\Downloads\orthinx dataset\MedicalExpert-II\1Doubtful\DoubtfulG1 (63).png,1,Doubtful,train,c1e483e585c5abf00d0f1f9f9027555b
C:\Users\heman\Downloads\orthinx dataset\MedicalExpert-II\1Doubtful\DoubtfulG1 (64).png,1,Doubtful,train,ccc951a65143039b2d899c5dbdcb1721
C:\Users\heman\Downloads\orthinx dataset\MedicalExpert-II\1Doubtful\DoubtfulG1 (65).png,1,Doubtful,train,731e4346a4ce03a0ba5b0e5db200c2bb
C:\Users\heman\Downloads\orthinx dataset\MedicalExpert-II\1Doubtful\DoubtfulG1 (66).png,1,Doubtful,val,059fb806cdeb30005fb806ba703dd2b3
C:\Users\heman\Downloads\orthinx dataset\MedicalExpert-II\1Doubtful\DoubtfulG1 (67).png,1,Doubtful,train,748d20f7a69e78e7368372265ad1a80d
C:\Users\heman\Downloads\orthinx dataset\MedicalExpert-II\1Doubtful\DoubtfulG1 (68).png,1,Doubtful,train,44d9b1293f62ba524964e9f39cf07689
C:\Users\heman\Downloads\orthinx dataset\MedicalExpert-II\1Doubtful\DoubtfulG1 (69).png,1,Doubtful,test,7e8f7196033c5a3e0db32edd6eb25cd2
C:\Users\heman\Downloads\orthinx dataset\MedicalExpert-II\1Doubtful\DoubtfulG1 (7).png,1,Doubtful,train,14f7bed4c7396a32c3408341f4d6dfa2
C:\Users\heman\Downloads\orthinx dataset\MedicalExpert-II\1Doubtful\DoubtfulG1 (70).png,1,Doubtful,train,2272bce3198349848dc00d59026279bd
C:\Users\heman\Downloads\orthinx dataset\MedicalExpert-II\1Doubtful\DoubtfulG1 (71).png,1,Doubtful,test,79cefff5216da71efacf95276cfa4fd9
C:\Users\heman\Downloads\orthinx dataset\MedicalExpert-II\1Doubtful\DoubtfulG1 (72).png,1,Doubtful,train,55e2ad4c444a47ab562bf6576b310b7e
C:\Users\heman\Downloads\orthinx dataset\MedicalExpert-II\1Doubtful\DoubtfulG1 (73).png,1,Doubtful,train,785c1395219ebae8d89d98f1e06bbd12
C:\Users\heman\Downloads\orthinx dataset\MedicalExpert-II\1Doubtful\DoubtfulG1 (74).png,1,Doubtful,train,0380c4c9034a434fb231899d551cf9a9
C:\Users\heman\Downloads\orthinx dataset\MedicalExpert-II\1Doubtful\DoubtfulG1 (75).png,1,Doubtful,test,6e4232fa07d0d6f185530313a027e6c8
C:\Users\heman\Downloads\orthinx dataset\MedicalExpert-II\1Doubtful\DoubtfulG1 (76).png,1,Doubtful,val,cb26b29a22f7746a3c00c0223dcf87ef
C:\Users\heman\Downloads\orthinx dataset\MedicalExpert-II\1Doubtful\DoubtfulG1 (77).png,1,Doubtful,train,9a521c767252b9dd0691991a49d6ad6e
C:\Users\heman\Downloads\orthinx dataset\MedicalExpert-II\1Doubtful\DoubtfulG1 (78).png,1,Doubtful,train,43e4b891dbc933cf5308f860733baab5
C:\Users\heman\Downloads\orthinx dataset\MedicalExpert-II\1Doubtful\DoubtfulG1 (79).png,1,Doubtful,train,ccee40415892e03af2e8b4ac42f9c9be
C:\Users\heman\Downloads\orthinx dataset\MedicalExpert-II\1Doubtful\DoubtfulG1 (8).png,1,Doubtful,train,ad4ba1d488efa9f5ec598350548a4dbc
C:\Users\heman\Downloads\orthinx dataset\MedicalExpert-II\1Doubtful\DoubtfulG1 (80).png,1,Doubtful,train,7957910cdeaf950cff02d657b8ae9be2
C:\Users\heman\Downloads\orthinx dataset\MedicalExpert-II\1Doubtful\DoubtfulG1 (81).png,1,Doubtful,train,f63f42712a8045ec5a556366e981c862
C:\Users\heman\Downloads\orthinx dataset\MedicalExpert-II\1Doubtful\DoubtfulG1 (82).png,1,Doubtful,train,ccee40415892e03af2e8b4ac42f9c9be
C:\Users\heman\Downloads\orthinx dataset\MedicalExpert-II\1Doubtful\DoubtfulG1 (83).png,1,Doubtful,train,9970ca3fb373d41a8b198a0a40aede07
C:\Users\heman\Downloads\orthinx dataset\MedicalExpert-II\1Doubtful\DoubtfulG1 (84).png,1,Doubtful,train,29a5fa56562008bc1bfabfe0d0546d3f
C:\Users\heman\Downloads\orthinx dataset\MedicalExpert-II\1Doubtful\DoubtfulG1 (85).png,1,Doubtful,train,09546baf68b872a7bbe0da40cf28c3ea
C:\Users\heman\Downloads\orthinx dataset\MedicalExpert-II\1Doubtful\DoubtfulG1 (86).png,1,Doubtful,train,74317b8eb7bff5ca483e3f18fd1e7eb0
C:\Users\heman\Downloads\orthinx dataset\MedicalExpert-II\1Doubtful\DoubtfulG1 (87).png,1,Doubtful,val,8ad11a6aad4335d7517971b66b3e0ba1
C:\Users\heman\Downloads\orthinx dataset\MedicalExpert-II\1Doubtful\DoubtfulG1 (88).png,1,Doubtful,train,54dc22588296d61aea374110dfd59f12
C:\Users\heman\Downloads\orthinx dataset\MedicalExpert-II\1Doubtful\DoubtfulG1 (89).png,1,Doubtful,train,1a005c1cb3f4c46ae96485795d13e755
C:\Users\heman\Downloads\orthinx dataset\MedicalExpert-II\1Doubtful\DoubtfulG1 (9).png,1,Doubtful,test,d03ea5ba5e67eaafedbdde75c274e0e6
C:\Users\heman\Downloads\orthinx dataset\MedicalExpert-II\1Doubtful\DoubtfulG1 (90).png,1,Doubtful,val,a7096a4535815610767f6835e9327a55
C:\Users\heman\Downloads\orthinx dataset\MedicalExpert-II\1Doubtful\DoubtfulG1 (91).png,1,Doubtful,train,f7ad2606e37f18ee7f7ba1623781bc2a
C:\Users\heman\Downloads\orthinx dataset\MedicalExpert-II\1Doubtful\DoubtfulG1 (92).png,1,Doubtful,test,c635edb48ef420f3446af686480c9a27
C:\Users\heman\Downloads\orthinx dataset\MedicalExpert-II\1Doubtful\DoubtfulG1 (93).png,1,Doubtful,train,7674e58d971c32463ee8f85a7cfbd9e2
C:\Users\heman\Downloads\orthinx dataset\MedicalExpert-II\1Doubtful\DoubtfulG1 (94).png,1,Doubtful,train,f8ca37be89704d4e6f40bc3dee0ef744
C:\Users\heman\Downloads\orthinx dataset\MedicalExpert-II\1Doubtful\DoubtfulG1 (95).png,1,Doubtful,test,1e9df9f0c1a63766030c6dc8cc1fc81a
C:\Users\heman\Downloads\orthinx dataset\MedicalExpert-II\1Doubtful\DoubtfulG1 (96).png,1,Doubtful,train,0d246a978f05835b409eb3fdc9980cf3
C:\Users\heman\Downloads\orthinx dataset\MedicalExpert-II\1Doubtful\DoubtfulG1 (97).png,1,Doubtful,train,fdf6a075f7d549b6a4e496a798eeebc2
C:\Users\heman\Downloads\orthinx dataset\MedicalExpert-II\1Doubtful\DoubtfulG1 (98).png,1,Doubtful,train,12949c6a960979570d004237b0ce020a
C:\Users\heman\Downloads\orthinx dataset\MedicalExpert-II\1Doubtful\DoubtfulG1 (99).png,1,Doubtful,val,e1dcac2ff2de44471ba6d3d0b271033e
C:\Users\heman\Downloads\orthinx dataset\MedicalExpert-II\2Mild\MildG2 (1).png,2,Mild,val,436941b274180ac1cd04ade230a9aac4
C:\Users\heman\Downloads\orthinx dataset\MedicalExpert-II\2Mild\MildG2 (10).png,2,Mild,train,0eddc8061cc6fc894f2519952565a1b3
C:\Users\heman\Downloads\orthinx dataset\MedicalExpert-II\2Mild\MildG2 (100).png,2,Mild,test,7fe1e2edfcc237c4372e55f8c94f4768
C:\Users\heman\Downloads\orthinx dataset\MedicalExpert-II\2Mild\MildG2 (101).png,2,Mild,train,bc9bca0472802481fc3358e04c29de53
C:\Users\heman\Downloads\orthinx dataset\MedicalExpert-II\2Mild\MildG2 (102).png,2,Mild,val,b18dcee58593ee0f64c8c5ea76225ca8
C:\Users\heman\Downloads\orthinx dataset\MedicalExpert-II\2Mild\MildG2 (103).png,2,Mild,train,11f042977d66f4b57c1632c0e62a2497
C:\Users\heman\Downloads\orthinx dataset\MedicalExpert-II\2Mild\MildG2 (104).png,2,Mild,train,6a7bafd62d90eb00f6478a101b6670cd
C:\Users\heman\Downloads\orthinx dataset\MedicalExpert-II\2Mild\MildG2 (105).png,2,Mild,train,7aa81a56789164edf698cb5033d0fb6f
C:\Users\heman\Downloads\orthinx dataset\MedicalExpert-II\2Mild\MildG2 (106).png,2,Mild,val,e31143937a4eb3329d2616c306d74165
C:\Users\heman\Downloads\orthinx dataset\MedicalExpert-II\2Mild\MildG2 (107).png,2,Mild,val,8be4a5756cfd6d9fd7dfbc0a15a353bf
C:\Users\heman\Downloads\orthinx dataset\MedicalExpert-II\2Mild\MildG2 (108).png,2,Mild,val,266b6d82ed53a279f53e9d333c08bcdc
C:\Users\heman\Downloads\orthinx dataset\MedicalExpert-II\2Mild\MildG2 (109).png,2,Mild,train,1c005a7266114fe339a0b4030ca126d0
C:\Users\heman\Downloads\orthinx dataset\MedicalExpert-II\2Mild\MildG2 (11).png,2,Mild,test,5ae86452ea86b42cad9190af7ce1c8d3
C:\Users\heman\Downloads\orthinx dataset\MedicalExpert-II\2Mild\MildG2 (110).png,2,Mild,train,bc9bca0472802481fc3358e04c29de53
C:\Users\heman\Downloads\orthinx dataset\MedicalExpert-II\2Mild\MildG2 (111).png,2,Mild,test,45b1cb3ac138c35f3153623e5e376018
C:\Users\heman\Downloads\orthinx dataset\MedicalExpert-II\2Mild\MildG2 (112).png,2,Mild,train,bb60dadcd9c8baf86d2c7e935b8407c3
C:\Users\heman\Downloads\orthinx dataset\MedicalExpert-II\2Mild\MildG2 (113).png,2,Mild,train,73405d06a44fc1b41aae838833fb3a54
C:\Users\heman\Downloads\orthinx dataset\MedicalExpert-II\2Mild\MildG2 (114).png,2,Mild,test,1e9a8386a5121f58d8fad96082175596
C:\Users\heman\Downloads\orthinx dataset\MedicalExpert-II\2Mild\MildG2 (115).png,2,Mild,train,9cd2f7f66d6e6202fe0d79da5b3e4b8b
C:\Users\heman\Downloads\orthinx dataset\MedicalExpert-II\2Mild\MildG2 (116).png,2,Mild,train,e812832377f9445e01bf6077ae1d6210
C:\Users\heman\Downloads\orthinx dataset\MedicalExpert-II\2Mild\MildG2 (117).png,2,Mild,train,eacf9cfdb37ce3b4360058a11a9ac3ae
C:\Users\heman\Downloads\orthinx dataset\MedicalExpert-II\2Mild\MildG2 (118).png,2,Mild,train,98a9f1073d5ffb7a16ca907d236c411d
C:\Users\heman\Downloads\orthinx dataset\MedicalExpert-II\2Mild\MildG2 (119).png,2,Mild,train,2f77a4622bc8a3322844b020e026f837
C:\Users\heman\Downloads\orthinx dataset\MedicalExpert-II\2Mild\MildG2 (12).png,2,Mild,train,991f22b7ac2869f350ce7881d3990d42
C:\Users\heman\Downloads\orthinx dataset\MedicalExpert-II\2Mild\MildG2 (120).png,2,Mild,train,468157d23d511adfa1499747fa88e55c
C:\Users\heman\Downloads\orthinx dataset\MedicalExpert-II\2Mild\MildG2 (121).png,2,Mild,train,1a60f996f10343113d2ea4a289ab399c
C:\Users\heman\Downloads\orthinx dataset\MedicalExpert-II\2Mild\MildG2 (122).png,2,Mild,train,bf2214cb84955533677f8cf781fb3fc3
C:\Users\heman\Downloads\orthinx dataset\MedicalExpert-II\2Mild\MildG2 (123).png,2,Mild,train,71cff54700461fa1c6470ce6561dfeae
C:\Users\heman\Downloads\orthinx dataset\MedicalExpert-II\2Mild\MildG2 (124).png,2,Mild,train,1ad330e6d833889ef1fcd75793f6cc34
C:\Users\heman\Downloads\orthinx dataset\MedicalExpert-II\2Mild\MildG2 (125).png,2,Mild,train,ca78baec3a68f6592cadb1e730eb3258
C:\Users\heman\Downloads\orthinx dataset\MedicalExpert-II\2Mild\MildG2 (126).png,2,Mild,test,167f8283eec33170971d638b0c71709d
C:\Users\heman\Downloads\orthinx dataset\MedicalExpert-II\2Mild\MildG2 (127).png,2,Mild,train,8ffb268d755b06a69e3592b26c1c1e9f
C:\Users\heman\Downloads\orthinx dataset\MedicalExpert-II\2Mild\MildG2 (128).png,2,Mild,train,9c3f40cb09c300a794285d591db926df
C:\Users\heman\Downloads\orthinx dataset\MedicalExpert-II\2Mild\MildG2 (129).png,2,Mild,train,4449b65570d33ccd5f97085e39cfddd7
C:\Users\heman\Downloads\orthinx dataset\MedicalExpert-II\2Mild\MildG2 (13).png,2,Mild,train,e06974bc7b279246a10cf9fe009fcb16
C:\Users\heman\Downloads\orthinx dataset\MedicalExpert-II\2Mild\MildG2 (130).png,2,Mild,test,e30ed316fedd0c5baa4343c534811041
C:\Users\heman\Downloads\orthinx dataset\MedicalExpert-II\2Mild\MildG2 (131).png,2,Mild,train,6f2870b8b4b96466885a290c9c686e8e
C:\Users\heman\Downloads\orthinx dataset\MedicalExpert-II\2Mild\MildG2 (132).png,2,Mild,test,fb3af3427eb792591ed3183a5f1b334b
C:\Users\heman\Downloads\orthinx dataset\MedicalExpert-II\2Mild\MildG2 (133).png,2,Mild,val,7b7159fd4ba025f75802a980efc2fa97
C:\Users\heman\Downloads\orthinx dataset\MedicalExpert-II\2Mild\MildG2 (134).png,2,Mild,train,0c0fc25fc4689d7bf642bb401b74df1b
C:\Users\heman\Downloads\orthinx dataset\MedicalExpert-II\2Mild\MildG2 (135).png,2,Mild,test,0f432b908669c41fc8b1ec5bd76f511c
C:\Users\heman\Downloads\orthinx dataset\MedicalExpert-II\2Mild\MildG2 (136).png,2,Mild,train,f18f68891d25dd8f42a64a648ab89b62
C:\Users\heman\Downloads\orthinx dataset\MedicalExpert-II\2Mild\MildG2 (137).png,2,Mild,train,db7fc511e30bc749e6f113ad68c2ce98
C:\Users\heman\Downloads\orthinx dataset\MedicalExpert-II\2Mild\MildG2 (138).png,2,Mild,train,e915c6070476691696f304781f30f6b1
C:\Users\heman\Downloads\orthinx dataset\MedicalExpert-II\2Mild\MildG2 (139).png,2,Mild,train,9367d2cbf2535a536ed99fffa181cb2f
C:\Users\heman\Downloads\orthinx dataset\MedicalExpert-II\2Mild\MildG2 (14).png,2,Mild,train,e46c6d7ce1a9c16c2bc8451d6ca3fb72
C:\Users\heman\Downloads\orthinx dataset\MedicalExpert-II\2Mild\MildG2 (140).png,2,Mild,train,bac8cd77cae6d3cf3c531f2dbc3e4b2c
C:\Users\heman\Downloads\orthinx dataset\MedicalExpert-II\2Mild\MildG2 (141).png,2,Mild,train,205e97feb415195da907610d69422603
C:\Users\heman\Downloads\orthinx dataset\MedicalExpert-II\2Mild\MildG2 (142).png,2,Mild,train,bfd131cf2a2521b2479f5cc525fd209f
C:\Users\heman\Downloads\orthinx dataset\MedicalExpert-II\2Mild\MildG2 (143).png,2,Mild,val,b458442e9af4fc22cb9ff231a8b32616
C:\Users\heman\Downloads\orthinx dataset\MedicalExpert-II\2Mild\MildG2 (144).png,2,Mild,train,c71ea97926ec65aa99e53962e403387f
C:\Users\heman\Downloads\orthinx dataset\MedicalExpert-II\2Mild\MildG2 (145).png,2,Mild,train,ae1000fda3b19dbd5f36f195c63f6bc4
C:\Users\heman\Downloads\orthinx dataset\MedicalExpert-II\2Mild\MildG2 (146).png,2,Mild,train,e8a50c22b0b3dcace6c340f29477ce90
C:\Users\heman\Downloads\orthinx dataset\MedicalExpert-II\2Mild\MildG2 (147).png,2,Mild,train,8547b34444b07eac356ebf1a12d5b821
C:\Users\heman\Downloads\orthinx dataset\MedicalExpert-II\2Mild\MildG2 (148).png,2,Mild,train,93a4efbb5ba8c25ce8f23e737526a92e
C:\Users\heman\Downloads\orthinx dataset\MedicalExpert-II\2Mild\MildG2 (149).png,2,Mild,train,2889bdf62402ca5fbb045efed886e1e0
C:\Users\heman\Downloads\orthinx dataset\MedicalExpert-II\2Mild\MildG2 (15).png,2,Mild,train,370c74e03758b8c95f4407851fdb1585
C:\Users\heman\Downloads\orthinx dataset\MedicalExpert-II\2Mild\MildG2 (150).png,2,Mild,train,248ecc848cf40c85415f7260ecc39378
C:\Users\heman\Downloads\orthinx dataset\MedicalExpert-II\2Mild\MildG2 (151).png,2,Mild,train,2f2f8c8e156ff60d9022cca0d8be94ae
C:\Users\heman\Downloads\orthinx dataset\MedicalExpert-II\2Mild\MildG2 (152).png,2,Mild,train,e3eb49876ad21635ba8e5c4fbce08838
C:\Users\heman\Downloads\orthinx dataset\MedicalExpert-II\2Mild\MildG2 (153).png,2,Mild,val,94e49960751ad2c92871a654d62841a9
C:\Users\heman\Downloads\orthinx dataset\MedicalExpert-II\2Mild\MildG2 (154).png,2,Mild,train,f7ebdc8c898d2937137ffc9f01ce41f2
C:\Users\heman\Downloads\orthinx dataset\MedicalExpert-II\2Mild\MildG2 (155).png,2,Mild,val,949bc02b18bc637ba58006fbdc9a4f7f
C:\Users\heman\Downloads\orthinx dataset\MedicalExpert-II\2Mild\MildG2 (156).png,2,Mild,val,c907f80408cdd6d45e7faa5237f6dee7
C:\Users\heman\Downloads\orthinx dataset\MedicalExpert-II\2Mild\MildG2 (157).png,2,Mild,test,a4adcf5f6c3617555545bae45980162e
C:\Users\heman\Downloads\orthinx dataset\MedicalExpert-II\2Mild\MildG2 (158).png,2,Mild,val,f24c6c244230596687389364978134c7
C:\Users\heman\Downloads\orthinx dataset\MedicalExpert-II\2Mild\MildG2 (159).png,2,Mild,train,96f095c1363f3a56c4129ef7d2b58148
C:\Users\heman\Downloads\orthinx dataset\MedicalExpert-II\2Mild\MildG2 (16).png,2,Mild,train,1268bd49d5d4065607ad53c5c931197e
C:\Users\heman\Downloads\orthinx dataset\MedicalExpert-II\2Mild\MildG2 (160).png,2,Mild,train,44bfae9e3b4cc5502fcd821e2f0a832a
C:\Users\heman\Downloads\orthinx dataset\MedicalExpert-II\2Mild\MildG2 (161).png,2,Mild,test,cdbac7810a9c35fb7d842b312eef9da8
C:\Users\heman\Downloads\orthinx dataset\MedicalExpert-II\2Mild\MildG2 (162).png,2,Mild,train,17dba91157d8a7e69a6ad1207f3d15eb
C:\Users\heman\Downloads\orthinx dataset\MedicalExpert-II\2Mild\MildG2 (163).png,2,Mild,train,8f17746dde7a0cb330c7af90d22edf0d
C:\Users\heman\Downloads\orthinx dataset\MedicalExpert-II\2Mild\MildG2 (164).png,2,Mild,test,48f5055a212e271ecbf348dab167e8df
C:\Users\heman\Downloads\orthinx dataset\MedicalExpert-II\2Mild\MildG2 (165).png,2,Mild,test,0c3376650e42b0615eb3940c85ee1c86
C:\Users\heman\Downloads\orthinx dataset\MedicalExpert-II\2Mild\MildG2 (166).png,2,Mild,train,f2218c5ef474afddf0c1cd25b387ff0c
C:\Users\heman\Downloads\orthinx dataset\MedicalExpert-II\2Mild\MildG2 (167).png,2,Mild,train,e71d9c0cd78fe2d02b0b48b346ed3164
C:\Users\heman\Downloads\orthinx dataset\MedicalExpert-II\2Mild\MildG2 (168).png,2,Mild,val,f4ab27afa2184321dd3eb49f4b59e66c
C:\Users\heman\Downloads\orthinx dataset\MedicalExpert-II\2Mild\MildG2 (169).png,2,Mild,val,e925a9ec6e46de805f113be89d602422
C:\Users\heman\Downloads\orthinx dataset\MedicalExpert-II\2Mild\MildG2 (17).png,2,Mild,test,a270ffee954bf1df797349cb1e8dd1e0
C:\Users\heman\Downloads\orthinx dataset\MedicalExpert-II\2Mild\MildG2 (170).png,2,Mild,train,543b88a0b71fdee010bd6bc6f6ed4db1
C:\Users\heman\Downloads\orthinx dataset\MedicalExpert-II\2Mild\MildG2 (171).png,2,Mild,train,34023d80eedc66e8b251f3a0d3d0f22f
C:\Users\heman\Downloads\orthinx dataset\MedicalExpert-II\2Mild\MildG2 (172).png,2,Mild,train,6f8cd3bb5c3983a12bf02fb33623c1a1
C:\Users\heman\Downloads\orthinx dataset\MedicalExpert-II\2Mild\MildG2 (173).png,2,Mild,train,df33b36c5533d92acd808c6e8df61c24
C:\Users\heman\Downloads\orthinx dataset\MedicalExpert-II\2Mild\MildG2 (174).png,2,Mild,test,45a1cc4dcda502edb4ae78375f0e9a51
C:\Users\heman\Downloads\orthinx dataset\MedicalExpert-II\2Mild\MildG2 (175).png,2,Mild,val,d37602eadd1919ac790fcbe8fa1e6ae6
C:\Users\heman\Downloads\orthinx dataset\MedicalExpert-II\2Mild\MildG2 (176).png,2,Mild,train,b1214b76fdf56be773bdba5e31ba0689
C:\Users\heman\Downloads\orthinx dataset\MedicalExpert-II\2Mild\MildG2 (177).png,2,Mild,train,62499f0d357774064950cb65c91ada50
C:\Users\heman\Downloads\orthinx dataset\MedicalExpert-II\2Mild\MildG2 (178).png,2,Mild,train,a27e0fce9291020dd08a091ad3097d72
C:\Users\heman\Downloads\orthinx dataset\MedicalExpert-II\2Mild\MildG2 (179).png,2,Mild,train,d448106afc11c2d974f21bcb5b2bf139
C:\Users\heman\Downloads\orthinx dataset\MedicalExpert-II\2Mild\MildG2 (18).png,2,Mild,train,094a989ddb07af6f09d9f6ff2bfbbde3
C:\Users\heman\Downloads\orthinx dataset\MedicalExpert-II\2Mild\MildG2 (180).png,2,Mild,train,66d549786c207bdac9fd6fe68ab0dd95
C:\Users\heman\Downloads\orthinx dataset\MedicalExpert-II\2Mild\MildG2 (181).png,2,Mild,train,a1d58938ecf078155cb13890c6b09b57
C:\Users\heman\Downloads\orthinx dataset\MedicalExpert-II\2Mild\MildG2 (182).png,2,Mild,train,fb7e1349ccd1e5f3c52ce59191af0b9a
C:\Users\heman\Downloads\orthinx dataset\MedicalExpert-II\2Mild\MildG2 (183).png,2,Mild,test,53b741a95b5653011cccf4bcefa6a282
C:\Users\heman\Downloads\orthinx dataset\MedicalExpert-II\2Mild\MildG2 (184).png,2,Mild,val,e9d09733fcabf4dc2d02c7ad24380080
C:\Users\heman\Downloads\orthinx dataset\MedicalExpert-II\2Mild\MildG2 (185).png,2,Mild,val,26f48b1e22287786f1446d32c8099a09
C:\Users\heman\Downloads\orthinx dataset\MedicalExpert-II\2Mild\MildG2 (186).png,2,Mild,train,440d9028d150bcce92467bdc924b7ce6
C:\Users\heman\Downloads\orthinx dataset\MedicalExpert-II\2Mild\MildG2 (187).png,2,Mild,train,d28576d824d648f7a35a78b48cf69054
C:\Users\heman\Downloads\orthinx dataset\MedicalExpert-II\2Mild\MildG2 (188).png,2,Mild,train,40231c72f839300baa067b530acd8cff
C:\Users\heman\Downloads\orthinx dataset\MedicalExpert-II\2Mild\MildG2 (189).png,2,Mild,train,0dd3d216016c736a1926b2e2f22291a5
C:\Users\heman\Downloads\orthinx dataset\MedicalExpert-II\2Mild\MildG2 (19).png,2,Mild,test,c98c2d1f0ee9d8c5180322552de9f026
C:\Users\heman\Downloads\orthinx dataset\MedicalExpert-II\2Mild\MildG2 (190).png,2,Mild,test,7c1f029e0b263853b138901eb0877359
C:\Users\heman\Downloads\orthinx dataset\MedicalExpert-II\2Mild\MildG2 (191).png,2,Mild,train,2675c4afe05f37a2b691262864dfa640
C:\Users\heman\Downloads\orthinx dataset\MedicalExpert-II\2Mild\MildG2 (192).png,2,Mild,train,90c24f6d4323ab1f96c302f4417511cc
C:\Users\heman\Downloads\orthinx dataset\MedicalExpert-II\2Mild\MildG2 (193).png,2,Mild,train,eb6681d407da58d754e463440d9d7b7c
C:\Users\heman\Downloads\orthinx dataset\MedicalExpert-II\2Mild\MildG2 (194).png,2,Mild,val,c2ef03cbdea4747138e2435bcbd53f7c
C:\Users\heman\Downloads\orthinx dataset\MedicalExpert-II\2Mild\MildG2 (195).png,2,Mild,train,adec7744d0ef4769375f7be8e0d03c88
C:\Users\heman\Downloads\orthinx dataset\MedicalExpert-II\2Mild\MildG2 (196).png,2,Mild,train,98b309a1fb36caa95877ab6b1efbea62
C:\Users\heman\Downloads\orthinx dataset\MedicalExpert-II\2Mild\MildG2 (197).png,2,Mild,train,8de1f7c65d0d82658fce8a4fe2eb9686
C:\Users\heman\Downloads\orthinx dataset\MedicalExpert-II\2Mild\MildG2 (198).png,2,Mild,train,da2bd176806cebe6f035b7ad4f86a8e8
C:\Users\heman\Downloads\orthinx dataset\MedicalExpert-II\2Mild\MildG2 (199).png,2,Mild,train,78fe1be0e9728228d66f66783a2f4024
C:\Users\heman\Downloads\orthinx dataset\MedicalExpert-II\2Mild\MildG2 (2).png,2,Mild,train,537643f14e0168df7c8ea6c2040146d3
C:\Users\heman\Downloads\orthinx dataset\MedicalExpert-II\2Mild\MildG2 (20).png,2,Mild,train,4edff6725f2e70695870ecdc2c42c54c
C:\Users\heman\Downloads\orthinx dataset\MedicalExpert-II\2Mild\MildG2 (200).png,2,Mild,train,4b1ab6b9727c9df21b0efa0bec69defd
C:\Users\heman\Downloads\orthinx dataset\MedicalExpert-II\2Mild\MildG2 (201).png,2,Mild,train,6aa9b407edb2140ed613dc00fc005698
C:\Users\heman\Downloads\orthinx dataset\MedicalExpert-II\2Mild\MildG2 (202).png,2,Mild,train,a418ca4e2b88fd8fb82ccd781fea8037
C:\Users\heman\Downloads\orthinx dataset\MedicalExpert-II\2Mild\MildG2 (203).png,2,Mild,train,7ca37f8f29b18368e82c6d14f16a4436
C:\Users\heman\Downloads\orthinx dataset\MedicalExpert-II\2Mild\MildG2 (204).png,2,Mild,val,a1520c54cacfa3222d9f999dbf20c41b
C:\Users\heman\Downloads\orthinx dataset\MedicalExpert-II\2Mild\MildG2 (205).png,2,Mild,train,783c0f4416f31ebf4a59ca1a44302601
C:\Users\heman\Downloads\orthinx dataset\MedicalExpert-II\2Mild\MildG2 (206).png,2,Mild,train,be41947fe4a0ba6032b4b3ed93d9153f
C:\Users\heman\Downloads\orthinx dataset\MedicalExpert-II\2Mild\MildG2 (207).png,2,Mild,val,097e47445fb6112f35392284289ad04f
C:\Users\heman\Downloads\orthinx dataset\MedicalExpert-II\2Mild\MildG2 (208).png,2,Mild,train,6a9166962a0a74e75e1e5c8deaae7c6d
C:\Users\heman\Downloads\orthinx dataset\MedicalExpert-II\2Mild\MildG2 (209).png,2,Mild,train,50bf995d2e869b4aed50fea6e179a5e7
C:\Users\heman\Downloads\orthinx dataset\MedicalExpert-II\2Mild\MildG2 (21).png,2,Mild,val,2dfc9f847d02225905687647969f9e47
C:\Users\heman\Downloads\orthinx dataset\MedicalExpert-II\2Mild\MildG2 (210).png,2,Mild,train,2cb20be9e7d61c906ad005b54e5daf00
C:\Users\heman\Downloads\orthinx dataset\MedicalExpert-II\2Mild\MildG2 (211).png,2,Mild,val,a1520c54cacfa3222d9f999dbf20c41b
C:\Users\heman\Downloads\orthinx dataset\MedicalExpert-II\2Mild\MildG2 (212).png,2,Mild,train,4c537682bf140b48034a35d7a775af85
C:\Users\heman\Downloads\orthinx dataset\MedicalExpert-II\2Mild\MildG2 (213).png,2,Mild,train,be41947fe4a0ba6032b4b3ed93d9153f
C:\Users\heman\Downloads\orthinx dataset\MedicalExpert-II\2Mild\MildG2 (214).png,2,Mild,val,cc1220c5992b952f7f8f82e99439c58e
C:\Users\heman\Downloads\orthinx dataset\MedicalExpert-II\2Mild\MildG2 (215).png,2,Mild,train,19a027feeb6ac29a8d2f4a044f9cbe59
C:\Users\heman\Downloads\orthinx dataset\MedicalExpert-II\2Mild\MildG2 (216).png,2,Mild,train,ac800875a761877d8098e034cff6bcf1
C:\Users\heman\Downloads\orthinx dataset\MedicalExpert-II\2Mild\MildG2 (217).png,2,Mild,train,e7f28778a8d61144194ea3c8c4e93bed
C:\Users\heman\Downloads\orthinx dataset\MedicalExpert-II\2Mild\MildG2 (218).png,2,Mild,val,b13e286033a09a311efaaaf6e11d18c6
C:\Users\heman\Downloads\orthinx dataset\MedicalExpert-II\2Mild\MildG2 (219).png,2,Mild,train,1dffa9a2447c1322cbb4716451f1d256
C:\Users\heman\Downloads\orthinx dataset\MedicalExpert-II\2Mild\MildG2 (22).png,2,Mild,val,dee1e124cbbb5958334686f1e0baf246
C:\Users\heman\Downloads\orthinx dataset\MedicalExpert-II\2Mild\MildG2 (220).png,2,Mild,train,60dd3600e91d3badf4cac8dd6ad99502
C:\Users\heman\Downloads\orthinx dataset\MedicalExpert-II\2Mild\MildG2 (221).png,2,Mild,test,5ae9452a76850e777b9bbb18ab99aeb9
C:\Users\heman\Downloads\orthinx dataset\MedicalExpert-II\2Mild\MildG2 (222).png,2,Mild,train,5eee5d1223807c589bc2605f98185be4
C:\Users\heman\Downloads\orthinx dataset\MedicalExpert-II\2Mild\MildG2 (223).png,2,Mild,train,3066e42cb15299d9f2c207e46175926e
C:\Users\heman\Downloads\orthinx dataset\MedicalExpert-II\2Mild\MildG2 (224).png,2,Mild,test,7c4a09606b16487b0f6066a759c26352
C:\Users\heman\Downloads\orthinx dataset\MedicalExpert-II\2Mild\MildG2 (225).png,2,Mild,test,a1035f9397a6a5906081fd0ddb3d01d4
C:\Users\heman\Downloads\orthinx dataset\MedicalExpert-II\2Mild\MildG2 (226).png,2,Mild,val,715bbd09b07ca60f2ace21f3fdcbe540
C:\Users\heman\Downloads\orthinx dataset\MedicalExpert-II\2Mild\MildG2 (227).png,2,Mild,train,8987d184c796f53b22315a351e6a96a2
C:\Users\heman\Downloads\orthinx dataset\MedicalExpert-II\2Mild\MildG2 (228).png,2,Mild,train,be903100f075262f7eed696a8c246012
C:\Users\heman\Downloads\orthinx dataset\MedicalExpert-II\2Mild\MildG2 (229).png,2,Mild,test,3a1da753da20533035bd4ffcd88451cb
C:\Users\heman\Downloads\orthinx dataset\MedicalExpert-II\2Mild\MildG2 (23).png,2,Mild,test,0919b26d9fe314de8060ac1219e92fcc
C:\Users\heman\Downloads\orthinx dataset\MedicalExpert-II\2Mild\MildG2 (230).png,2,Mild,train,906308d88d8ac6a09ee36845abd6d42a
C:\Users\heman\Downloads\orthinx dataset\MedicalExpert-II\2Mild\MildG2 (231).png,2,Mild,train,2301c93b44ced8dfd3dd25c94d6a0df3
C:\Users\heman\Downloads\orthinx dataset\MedicalExpert-II\2Mild\MildG2 (232).png,2,Mild,train,3d5ee6aefb82937a08508c3baa586a43
C:\Users\heman\Downloads\orthinx dataset\MedicalExpert-II\2Mild\MildG2 (24).png,2,Mild,train,06b1f9261ba05f228e8a3b0ee64ad4a3
C:\Users\heman\Downloads\orthinx dataset\MedicalExpert-II\2Mild\MildG2 (25).png,2,Mild,train,43d49bad915313735d764f5b7c59518b
C:\Users\heman\Downloads\orthinx dataset\MedicalExpert-II\2Mild\MildG2 (26).png,2,Mild,train,88cc6e201a171b18973f8766ba62af49
C:\Users\heman\Downloads\orthinx dataset\MedicalExpert-II\2Mild\MildG2 (27).png,2,Mild,val,413cf412079efb426f645a249a3183f6
C:\Users\heman\Downloads\orthinx dataset\MedicalExpert-II\2Mild\MildG2 (28).png,2,Mild,val,d5e873d180bff1670374e68d10f2072b
C:\Users\heman\Downloads\orthinx dataset\MedicalExpert-II\2Mild\MildG2 (29).png,2,Mild,test,147608ca242441caa1a72a3506cdab73
C:\Users\heman\Downloads\orthinx dataset\MedicalExpert-II\2Mild\MildG2 (3).png,2,Mild,train,d5a380aa8bc70ad4dbac631ac009c995
C:\Users\heman\Downloads\orthinx dataset\MedicalExpert-II\2Mild\MildG2 (30).png,2,Mild,test,7c4c21bb7ea6aec1b2d1fc4d2d321a52
C:\Users\heman\Downloads\orthinx dataset\MedicalExpert-II\2Mild\MildG2 (31).png,2,Mild,train,a6e4c88aceeb36232a7f493f6aad9b8f
C:\Users\heman\Downloads\orthinx dataset\MedicalExpert-II\2Mild\MildG2 (32).png,2,Mild,train,955cb110e3aa24bd03da3369b31010c8
C:\Users\heman\Downloads\orthinx dataset\MedicalExpert-II\2Mild\MildG2 (33).png,2,Mild,train,fc75153a06c81d5bed2e02e096f1044f
C:\Users\heman\Downloads\orthinx dataset\MedicalExpert-II\2Mild\MildG2 (34).png,2,Mild,train,1f9d817cc2f074d51a418dc140665d6d
C:\Users\heman\Downloads\orthinx dataset\MedicalExpert-II\2Mild\MildG2 (35).png,2,Mild,train,00f95a9df6678eda59de86f1a653fa6a
C:\Users\heman\Downloads\orthinx dataset\MedicalExpert-II\2Mild\MildG2 (36).png,2,Mild,train,f4ed6b99fc4ded5df1b2591b588b8422
C:\Users\heman\Downloads\orthinx dataset\MedicalExpert-II\2Mild\MildG2 (37).png,2,Mild,test,12eb4e12c9a39307eb1f3fdc2cf0ed3a
C:\Users\heman\Downloads\orthinx dataset\MedicalExpert-II\2Mild\MildG2 (38).png,2,Mild,test,4bfb32d0d733efc83e37b15cb97464fd
C:\Users\heman\Downloads\orthinx dataset\MedicalExpert-II\2Mild\MildG2 (39).png,2,Mild,val,68b3b361c92d6318e822560c464e2517
C:\Users\heman\Downloads\orthinx dataset\MedicalExpert-II\2Mild\MildG2 (4).png,2,Mild,train,bd66a4da1c99504fd7371accdd9f0797
C:\Users\heman\Downloads\orthinx dataset\MedicalExpert-II\2Mild\MildG2 (40).png,2,Mild,val,730d2c5728ca90841e8e6fb49b504eeb
C:\Users\heman\Downloads\orthinx dataset\MedicalExpert-II\2Mild\MildG2 (41).png,2,Mild,train,b8763b20b357e6cee3104e865dc5f71e
C:\Users\heman\Downloads\orthinx dataset\MedicalExpert-II\2Mild\MildG2 (42).png,2,Mild,train,ad790a496a2f0661a7d1bd6899baaf1b
C:\Users\heman\Downloads\orthinx dataset\MedicalExpert-II\2Mild\MildG2 (43).png,2,Mild,val,7da246e81397ced62cedba9dcf7f55be
C:\Users\heman\Downloads\orthinx dataset\MedicalExpert-II\2Mild\MildG2 (44).png,2,Mild,train,396e989ff370d5dc8f0632eac9f85ae3
C:\Users\heman\Downloads\orthinx dataset\MedicalExpert-II\2Mild\MildG2 (45).png,2,Mild,train,274523913e9c7c41d7c19731cf2e09e6
C:\Users\heman\Downloads\orthinx dataset\MedicalExpert-II\2Mild\MildG2 (46).png,2,Mild,train,e1d74efddf6e550e013cd79673fb496b
C:\Users\heman\Downloads\orthinx dataset\MedicalExpert-II\2Mild\MildG2 (47).png,2,Mild,val,667f9621d2e96f9fffbbf968a6789be3
C:\Users\heman\Downloads\orthinx dataset\MedicalExpert-II\2Mild\MildG2 (48).png,2,Mild,train,a717ea8035946a46753cd0136bd65b96
C:\Users\heman\Downloads\orthinx dataset\MedicalExpert-II\2Mild\MildG2 (49).png,2,Mild,train,0c13529fb7dd3f3fd9ca84992b2c2ad5
C:\Users\heman\Downloads\orthinx dataset\MedicalExpert-II\2Mild\MildG2 (5).png,2,Mild,train,8a3c94755e8450436158206c9bc9d33b
C:\Users\heman\Downloads\orthinx dataset\MedicalExpert-II\2Mild\MildG2 (50).png,2,Mild,train,533bcd4b1e102b366e75017215f9d1b3
C:\Users\heman\Downloads\orthinx dataset\MedicalExpert-II\2Mild\MildG2 (51).png,2,Mild,test,46c7cec050f9e45e2c3baefcd63ddaa5
C:\Users\heman\Downloads\orthinx dataset\MedicalExpert-II\2Mild\MildG2 (52).png,2,Mild,test,7388eed37f284289cb566accfde18829
C:\Users\heman\Downloads\orthinx dataset\MedicalExpert-II\2Mild\MildG2 (53).png,2,Mild,val,ad75667ef4f349338501f1f41c0ca7e9
C:\Users\heman\Downloads\orthinx dataset\MedicalExpert-II\2Mild\MildG2 (54).png,2,Mild,train,ff481644c0c2991273a4383cdc3fc45f
C:\Users\heman\Downloads\orthinx dataset\MedicalExpert-II\2Mild\MildG2 (55).png,2,Mild,train,c7d040593fb077454069ae6e48a5f471
C:\Users\heman\Downloads\orthinx dataset\MedicalExpert-II\2Mild\MildG2 (56).png,2,Mild,test,fd66e03a8ca6c2bfd43580273c31f30d
C:\Users\heman\Downloads\orthinx dataset\MedicalExpert-II\2Mild\MildG2 (57).png,2,Mild,train,975116cfdf7d8b33cef4aba30cfa7d8c
C:\Users\heman\Downloads\orthinx dataset\MedicalExpert-II\2Mild\MildG2 (58).png,2,Mild,train,0641a1e5f95285bf0649a265449058c3
C:\Users\heman\Downloads\orthinx dataset\MedicalExpert-II\2Mild\MildG2 (59).png,2,Mild,train,b967a706ccfb939940718494b6161178
C:\Users\heman\Downloads\orthinx dataset\MedicalExpert-II\2Mild\MildG2 (6).png,2,Mild,train,1c5b64ae9da62cc049245702996f928f
C:\Users\heman\Downloads\orthinx dataset\MedicalExpert-II\2Mild\MildG2 (60).png,2,Mild,train,3f528606e67b0d675e2f6478aa2854e2
C:\Users\heman\Downloads\orthinx dataset\MedicalExpert-II\2Mild\MildG2 (61).png,2,Mild,val,520063cad793becbd973ea9f388d0410
C:\Users\heman\Downloads\orthinx dataset\MedicalExpert-II\2Mild\MildG2 (62).png,2,Mild,train,80e906d03161f227bcfffac58f3f902e
C:\Users\heman\Downloads\orthinx dataset\MedicalExpert-II\2Mild\MildG2 (63).png,2,Mild,test,011f59f933a50937b1c463ee7d091369
C:\Users\heman\Downloads\orthinx dataset\MedicalExpert-II\2Mild\MildG2 (64).png,2,Mild,val,4fcc0175656b3fc6753fdf5f6e7bdfff
C:\Users\heman\Downloads\orthinx dataset\MedicalExpert-II\2Mild\MildG2 (65).png,2,Mild,train,7a958736597e5d4d57575bc8e67f72b0
C:\Users\heman\Downloads\orthinx dataset\MedicalExpert-II\2Mild\MildG2 (66).png,2,Mild,train,50629f163e4d3d5a08694572d448568b
C:\Users\heman\Downloads\orthinx dataset\MedicalExpert-II\2Mild\MildG2 (67).png,2,Mild,train,56212dac560ee49d09b716fcc175747b
C:\Users\heman\Downloads\orthinx dataset\MedicalExpert-II\2Mild\MildG2 (68).png,2,Mild,train,f77c453e6a5ed9bb610cd62816ae554f
C:\Users\heman\Downloads\orthinx dataset\MedicalExpert-II\2Mild\MildG2 (69).png,2,Mild,train,f3947a86a468f505ab1bb0c58361b2ef
C:\Users\heman\Downloads\orthinx dataset\MedicalExpert-II\2Mild\MildG2 (7).png,2,Mild,train,c376b4ff7fcb54250b1b2e1d8dfe67aa
C:\Users\heman\Downloads\orthinx dataset\MedicalExpert-II\2Mild\MildG2 (70).png,2,Mild,train,ae103bc825a95b21e76caf644cdb0e2c
C:\Users\heman\Downloads\orthinx dataset\MedicalExpert-II\2Mild\MildG2 (71).png,2,Mild,train,c625defe8cf24ca5adde4442c1f1e622
C:\Users\heman\Downloads\orthinx dataset\MedicalExpert-II\2Mild\MildG2 (72).png,2,Mild,train,77dc9be9884dfe24452d463617414cda
C:\Users\heman\Downloads\orthinx dataset\MedicalExpert-II\2Mild\MildG2 (73).png,2,Mild,train,0243c013afa2780c0b276c1a48c8c840
C:\Users\heman\Downloads\orthinx dataset\MedicalExpert-II\2Mild\MildG2 (74).png,2,Mild,train,f77c453e6a5ed9bb610cd62816ae554f
C:\Users\heman\Downloads\orthinx dataset\MedicalExpert-II\2Mild\MildG2 (75).png,2,Mild,train,29e56228005e87f27d336197366c227d
C:\Users\heman\Downloads\orthinx dataset\MedicalExpert-II\2Mild\MildG2 (76).png,2,Mild,train,39cf7a4d18cb960f2f3640ca47c66717
C:\Users\heman\Downloads\orthinx dataset\MedicalExpert-II\2Mild\MildG2 (77).png,2,Mild,train,01c145ce324019ff63bb57d1bce7049e
C:\Users\heman\Downloads\orthinx dataset\MedicalExpert-II\2Mild\MildG2 (78).png,2,Mild,train,14dbb547eb66b5248b13b26513b93bc8
C:\Users\heman\Downloads\orthinx dataset\MedicalExpert-II\2Mild\MildG2 (79).png,2,Mild,train,56212dac560ee49d09b716fcc175747b
C:\Users\heman\Downloads\orthinx dataset\MedicalExpert-II\2Mild\MildG2 (8).png,2,Mild,train,008f5d4465eaff97f978673793b16d41
C:\Users\heman\Downloads\orthinx dataset\MedicalExpert-II\2Mild\MildG2 (80).png,2,Mild,train,17ec6ba67271aab45fd9d4a8eb22ad6b
C:\Users\heman\Downloads\orthinx dataset\MedicalExpert-II\2Mild\MildG2 (81).png,2,Mild,train,213fd7fcce29190a9f7db4bb2e87780a
C:\Users\heman\Downloads\orthinx dataset\MedicalExpert-II\2Mild\MildG2 (82).png,2,Mild,train,52d880e008327d5f1aa9188c578ff55b
C:\Users\heman\Downloads\orthinx dataset\MedicalExpert-II\2Mild\MildG2 (83).png,2,Mild,test,8da5bbe7653bb60627883d493ad13d75
C:\Users\heman\Downloads\orthinx dataset\MedicalExpert-II\2Mild\MildG2 (84).png,2,Mild,train,008c7adcd26374985790386500fa316e
C:\Users\heman\Downloads\orthinx dataset\MedicalExpert-II\2Mild\MildG2 (85).png,2,Mild,train,8b81e3754e7f1ba22fbf1a30ab80c6de
C:\Users\heman\Downloads\orthinx dataset\MedicalExpert-II\2Mild\MildG2 (86).png,2,Mild,train,5a88656da83806430b73ebdf9a061ec5
C:\Users\heman\Downloads\orthinx dataset\MedicalExpert-II\2Mild\MildG2 (87).png,2,Mild,test,aa96018a4e16fcd2867e3a7d5f1e906e
C:\Users\heman\Downloads\orthinx dataset\MedicalExpert-II\2Mild\MildG2 (88).png,2,Mild,train,e8cff0d37b50fdb3e087ed8c5c73756c
C:\Users\heman\Downloads\orthinx dataset\MedicalExpert-II\2Mild\MildG2 (89).png,2,Mild,val,bd5637770a353508ae417593044402f8
C:\Users\heman\Downloads\orthinx dataset\MedicalExpert-II\2Mild\MildG2 (9).png,2,Mild,train,ea49f5e98048c712b329b6321fc725c1
C:\Users\heman\Downloads\orthinx dataset\MedicalExpert-II\2Mild\MildG2 (90).png,2,Mild,train,9e6d96c00ea04ee5ca637837d8a6f145
C:\Users\heman\Downloads\orthinx dataset\MedicalExpert-II\2Mild\MildG2 (91).png,2,Mild,train,c820f4074668aaa13f6a04102216c0d0
C:\Users\heman\Downloads\orthinx dataset\MedicalExpert-II\2Mild\MildG2 (92).png,2,Mild,train,6cbd50888b3812a499527300e2fef966
C:\Users\heman\Downloads\orthinx dataset\MedicalExpert-II\2Mild\MildG2 (93).png,2,Mild,train,8fbc3181c1040a40ee59f3deca917fcf
C:\Users\heman\Downloads\orthinx dataset\MedicalExpert-II\2Mild\MildG2 (94).png,2,Mild,train,67cf712f3b8799696190508d624b5290
C:\Users\heman\Downloads\orthinx dataset\MedicalExpert-II\2Mild\MildG2 (95).png,2,Mild,train,25e4628af060586fcbf2f8191c98a039
C:\Users\heman\Downloads\orthinx dataset\MedicalExpert-II\2Mild\MildG2 (96).png,2,Mild,train,d06892fa3170773c72e61ebaa0d0ab63
C:\Users\heman\Downloads\orthinx dataset\MedicalExpert-II\2Mild\MildG2 (97).png,2,Mild,test,f68532d8a6927dae0c415ce940958aa6
C:\Users\heman\Downloads\orthinx dataset\MedicalExpert-II\2Mild\MildG2 (98).png,2,Mild,test,916f5a12bd20e6a526426cc076fb0cb5
C:\Users\heman\Downloads\orthinx dataset\MedicalExpert-II\2Mild\MildG2 (99).png,2,Mild,train,8d92d1df5ee5b9e4b3916f42960b4f1f
C:\Users\heman\Downloads\orthinx dataset\MedicalExpert-II\3Moderate\ModerateG3 (1).png,3,Moderate,test,f1e2003d60b6dc1f6a4548ae7342d351
C:\Users\heman\Downloads\orthinx dataset\MedicalExpert-II\3Moderate\ModerateG3 (10).png,3,Moderate,train,4d4e1ace06bb4cad17e14669ef9fd0e6
C:\Users\heman\Downloads\orthinx dataset\MedicalExpert-II\3Moderate\ModerateG3 (100).png,3,Moderate,train,3bfac5d3843c88daf163f84a4b93ac44
C:\Users\heman\Downloads\orthinx dataset\MedicalExpert-II\3Moderate\ModerateG3 (101).png,3,Moderate,train,ab40327db5a3530a13f33e9023abdbb0
C:\Users\heman\Downloads\orthinx dataset\MedicalExpert-II\3Moderate\ModerateG3 (102).png,3,Moderate,train,151527a437cdf7941b9b0f580b791894
C:\Users\heman\Downloads\orthinx dataset\MedicalExpert-II\3Moderate\ModerateG3 (103).png,3,Moderate,train,24b78ff8caa4dcdb2b901b74e5e1468e
C:\Users\heman\Downloads\orthinx dataset\MedicalExpert-II\3Moderate\ModerateG3 (104).png,3,Moderate,val,57279e49b896766cc72f6b1d26d507fc
C:\Users\heman\Downloads\orthinx dataset\MedicalExpert-II\3Moderate\ModerateG3 (105).png,3,Moderate,test,ce2b5d84b361c83732f66f23a7b9bbf0
C:\Users\heman\Downloads\orthinx dataset\MedicalExpert-II\3Moderate\ModerateG3 (106).png,3,Moderate,train,ed6ab45c7f55b7b440e959601beafa1b
C:\Users\heman\Downloads\orthinx dataset\MedicalExpert-II\3Moderate\ModerateG3 (107).png,3,Moderate,val,3ddbb8095dc119a9473e037f7ff0a9a8
C:\Users\heman\Downloads\orthinx dataset\MedicalExpert-II\3Moderate\ModerateG3 (108).png,3,Moderate,train,94c25ffbf62063533ffd94257e0bf49f
C:\Users\heman\Downloads\orthinx dataset\MedicalExpert-II\3Moderate\ModerateG3 (109).png,3,Moderate,train,6da6b2bd391d3886d714190ab25ff6a6
C:\Users\heman\Downloads\orthinx dataset\MedicalExpert-II\3Moderate\ModerateG3 (11).png,3,Moderate,train,457c4ee54427ab75585ce942cb85f211
C:\Users\heman\Downloads\orthinx dataset\MedicalExpert-II\3Moderate\ModerateG3 (110).png,3,Moderate,train,eb074e6b83da8ab168a22b65c3bb56c5
C:\Users\heman\Downloads\orthinx dataset\MedicalExpert-II\3Moderate\ModerateG3 (111).png,3,Moderate,train,4623e848d82e422d4de8a1efd8d1b9f1
C:\Users\heman\Downloads\orthinx dataset\MedicalExpert-II\3Moderate\ModerateG3 (112).png,3,Moderate,train,8347046e41a37249e2f180c5b0e20f0f
C:\Users\heman\Downloads\orthinx dataset\MedicalExpert-II\3Moderate\ModerateG3 (113).png,3,Moderate,train,d81025dd527076ba0da275fc10ae6a6e
C:\Users\heman\Downloads\orthinx dataset\MedicalExpert-II\3Moderate\ModerateG3 (114).png,3,Moderate,val,b7e3226959775d6ac5fb191b54d9394b
C:\Users\heman\Downloads\orthinx dataset\MedicalExpert-II\3Moderate\ModerateG3 (115).png,3,Moderate,val,55ce42c7c172e8bf4e20e982003d099d
C:\Users\heman\Downloads\orthinx dataset\MedicalExpert-II\3Moderate\ModerateG3 (116).png,3,Moderate,train,3e8824a420c6ac6f0cd4a512d29bed72
C:\Users\heman\Downloads\orthinx dataset\MedicalExpert-II\3Moderate\ModerateG3 (117).png,3,Moderate,train,0efb7f037de705ebd5c6442631389743
C:\Users\heman\Downloads\orthinx dataset\MedicalExpert-II\3Moderate\ModerateG3 (118).png,3,Moderate,train,717b632054a825b17ebf6cad1d1dd214
C:\Users\heman\Downloads\orthinx dataset\MedicalExpert-II\3Moderate\ModerateG3 (119).png,3,Moderate,train,4e77572b4bdf9c19598d73ba0aa8bd2d
C:\Users\heman\Downloads\orthinx dataset\MedicalExpert-II\3Moderate\ModerateG3 (12).png,3,Moderate,train,923e6715ae25f8a2c6f57ff8d50b2be4
C:\Users\heman\Downloads\orthinx dataset\MedicalExpert-II\3Moderate\ModerateG3 (120).png,3,Moderate,train,2808711291f61e1e3294733122b271d2
C:\Users\heman\Downloads\orthinx dataset\MedicalExpert-II\3Moderate\ModerateG3 (121).png,3,Moderate,train,67d6d21628c6f09f57d6a56e3cd45a8e
C:\Users\heman\Downloads\orthinx dataset\MedicalExpert-II\3Moderate\ModerateG3 (122).png,3,Moderate,train,b169d5812dd0faf6a32cc7f70b6a6edf
C:\Users\heman\Downloads\orthinx dataset\MedicalExpert-II\3Moderate\ModerateG3 (123).png,3,Moderate,train,748f3566042c7b98a3a1514a23399df0
C:\Users\heman\Downloads\orthinx dataset\MedicalExpert-II\3Moderate\ModerateG3 (124).png,3,Moderate,val,066db5b107a2cc84c0c944e6a736e1ef
C:\Users\heman\Downloads\orthinx dataset\MedicalExpert-II\3Moderate\ModerateG3 (125).png,3,Moderate,val,95eab8cec008b3c003b68011c0f4876e
C:\Users\heman\Downloads\orthinx dataset\MedicalExpert-II\3Moderate\ModerateG3 (126).png,3,Moderate,train,f1904548889e68883610130b8766fd91
C:\Users\heman\Downloads\orthinx dataset\MedicalExpert-II\3Moderate\ModerateG3 (127).png,3,Moderate,test,3a600f5b93a4771ad99e63ad5ea97c0b
C:\Users\heman\Downloads\orthinx dataset\MedicalExpert-II\3Moderate\ModerateG3 (128).png,3,Moderate,train,d6111ae7f9e3aaba5b10d7c1a370af53
C:\Users\heman\Downloads\orthinx dataset\MedicalExpert-II\3Moderate\ModerateG3 (129).png,3,Moderate,train,2e8ff355e9d0d01013c6f7d9612a4119
C:\Users\heman\Downloads\orthinx dataset\MedicalExpert-II\3Moderate\ModerateG3 (13).png,3,Moderate,test,487cbef960c1b03ad552ca6e7de21dde
C:\Users\heman\Downloads\orthinx dataset\MedicalExpert-II\3Moderate\ModerateG3 (130).png,3,Moderate,train,39cbd8e452fe97ff07b3e746f05255ab
C:\Users\heman\Downloads\orthinx dataset\MedicalExpert-II\3Moderate\ModerateG3 (131).png,3,Moderate,train,99186ec79996b2ee6f1fa5e345c07c01
C:\Users\heman\Downloads\orthinx dataset\MedicalExpert-II\3Moderate\ModerateG3 (132).png,3,Moderate,train,91a41336a5b81e5471ce83eba305b1d5
C:\Users\heman\Downloads\orthinx dataset\MedicalExpert-II\3Moderate\ModerateG3 (133).png,3,Moderate,train,b24e7eb4a434f2cc7e98ee09abb7eee6
C:\Users\heman\Downloads\orthinx dataset\MedicalExpert-II\3Moderate\ModerateG3 (134).png,3,Moderate,train,34b10164d647ae195f38e6f99cd4e4dc
C:\Users\heman\Downloads\orthinx dataset\MedicalExpert-II\3Moderate\ModerateG3 (135).png,3,Moderate,train,21dfb991f8de0fb63a5262d0ee1b3632
C:\Users\heman\Downloads\orthinx dataset\MedicalExpert-II\3Moderate\ModerateG3 (136).png,3,Moderate,train,ea1c2b47d7d794dd6b5d713fed245a87
C:\Users\heman\Downloads\orthinx dataset\MedicalExpert-II\3Moderate\ModerateG3 (137).png,3,Moderate,train,3a6f0a007290abf7fa782af6926d7e76
C:\Users\heman\Downloads\orthinx dataset\MedicalExpert-II\3Moderate\ModerateG3 (138).png,3,Moderate,train,44eb2c513f0d3f6fe32db3057867bc68
C:\Users\heman\Downloads\orthinx dataset\MedicalExpert-II\3Moderate\ModerateG3 (139).png,3,Moderate,train,a9a2df2dbae3707b363b2252d4caabe8
C:\Users\heman\Downloads\orthinx dataset\MedicalExpert-II\3Moderate\ModerateG3 (14).png,3,Moderate,val,37f0295adfa1b5b0a01e9721586437f6
C:\Users\heman\Downloads\orthinx dataset\MedicalExpert-II\3Moderate\ModerateG3 (140).png,3,Moderate,train,061012c49a4dfd751b40bcc4b02fd8fa
C:\Users\heman\Downloads\orthinx dataset\MedicalExpert-II\3Moderate\ModerateG3 (141).png,3,Moderate,train,b75ae1dc32d43eeced48f4a1db859fcc
C:\Users\heman\Downloads\orthinx dataset\MedicalExpert-II\3Moderate\ModerateG3 (142).png,3,Moderate,test,1de6b0bb0f589cb086756d3feae7fbf7
C:\Users\heman\Downloads\orthinx dataset\MedicalExpert-II\3Moderate\ModerateG3 (143).png,3,Moderate,train,833997d25572b2f66dfdbb37d4284e7d
C:\Users\heman\Downloads\orthinx dataset\MedicalExpert-II\3Moderate\ModerateG3 (144).png,3,Moderate,val,4a7fdda7ddfeef39a1fab94b6e90e769
C:\Users\heman\Downloads\orthinx dataset\MedicalExpert-II\3Moderate\ModerateG3 (145).png,3,Moderate,train,b458dfd4e5523f8e84da578fc4ac4b63
C:\Users\heman\Downloads\orthinx dataset\MedicalExpert-II\3Moderate\ModerateG3 (146).png,3,Moderate,train,fc3fe34fd7cf58ca98917a05508c49bc
C:\Users\heman\Downloads\orthinx dataset\MedicalExpert-II\3Moderate\ModerateG3 (147).png,3,Moderate,test,c6acac3beddecb4aa55f249dac046478
C:\Users\heman\Downloads\orthinx dataset\MedicalExpert-II\3Moderate\ModerateG3 (148).png,3,Moderate,test,33ddbf8d1b5d829a729db18aeeb8dfd0
C:\Users\heman\Downloads\orthinx dataset\MedicalExpert-II\3Moderate\ModerateG3 (149).png,3,Moderate,train,fbdb20de5409344960d1dc45d5497c9a
C:\Users\heman\Downloads\orthinx dataset\MedicalExpert-II\3Moderate\ModerateG3 (15).png,3,Moderate,val,cf1afdfe01438717ee203f5ec3a7c0f1
C:\Users\heman\Downloads\orthinx dataset\MedicalExpert-II\3Moderate\ModerateG3 (150).png,3,Moderate,train,21a9a279c4800c474e34a841247cb476
C:\Users\heman\Downloads\orthinx dataset\MedicalExpert-II\3Moderate\ModerateG3 (151).png,3,Moderate,train,a735bd13a7bd53d7df6cb1f6afe47c17
C:\Users\heman\Downloads\orthinx dataset\MedicalExpert-II\3Moderate\ModerateG3 (152).png,3,Moderate,train,eb2426b6202750a7226735ea1a858d55
C:\Users\heman\Downloads\orthinx dataset\MedicalExpert-II\3Moderate\ModerateG3 (153).png,3,Moderate,train,2caa6da272d67939d5c2db5121f6b32b
C:\Users\heman\Downloads\orthinx dataset\MedicalExpert-II\3Moderate\ModerateG3 (154).png,3,Moderate,train,e1af73a7e9becfcb1e364abef76f65f2
C:\Users\heman\Downloads\orthinx dataset\MedicalExpert-II\3Moderate\ModerateG3 (155).png,3,Moderate,val,c2c336a13374bd3a7b64ac1a3c496e2b
C:\Users\heman\Downloads\orthinx dataset\MedicalExpert-II\3Moderate\ModerateG3 (156).png,3,Moderate,train,4855922d489a165b6c2e88f6270fdd7c
C:\Users\heman\Downloads\orthinx dataset\MedicalExpert-II\3Moderate\ModerateG3 (157).png,3,Moderate,test,fb2e68308e681f7f873a0d5a1a91a901
C:\Users\heman\Downloads\orthinx dataset\MedicalExpert-II\3Moderate\ModerateG3 (158).png,3,Moderate,train,3904bc98da30d02b55e48421444382cc
C:\Users\heman\Downloads\orthinx dataset\MedicalExpert-II\3Moderate\ModerateG3 (159).png,3,Moderate,test,5e23f1051ab12711bc557e08304bebc7
C:\Users\heman\Downloads\orthinx dataset\MedicalExpert-II\3Moderate\ModerateG3 (16).png,3,Moderate,train,634a023d1946b96883f95909d323ddc1
C:\Users\heman\Downloads\orthinx dataset\MedicalExpert-II\3Moderate\ModerateG3 (160).png,3,Moderate,train,2744acee6490e576581e1629349d85ca
C:\Users\heman\Downloads\orthinx dataset\MedicalExpert-II\3Moderate\ModerateG3 (161).png,3,Moderate,train,f0906bb8a5d382524fdc2c6bfb50cbc6
C:\Users\heman\Downloads\orthinx dataset\MedicalExpert-II\3Moderate\ModerateG3 (162).png,3,Moderate,train,644ce9aa043513cc179f5330553f6926
C:\Users\heman\Downloads\orthinx dataset\MedicalExpert-II\3Moderate\ModerateG3 (163).png,3,Moderate,test,3d21fc2d2f118df4b576755d1b4f30fe
C:\Users\heman\Downloads\orthinx dataset\MedicalExpert-II\3Moderate\ModerateG3 (164).png,3,Moderate,train,c668bfcb127ad93afa837008ea5d172d
C:\Users\heman\Downloads\orthinx dataset\MedicalExpert-II\3Moderate\ModerateG3 (165).png,3,Moderate,test,0d7f918f4326a29739a6598bb79c7b33
C:\Users\heman\Downloads\orthinx dataset\MedicalExpert-II\3Moderate\ModerateG3 (166).png,3,Moderate,train,1b723af241bdca58e85015be550c9d17
C:\Users\heman\Downloads\orthinx dataset\MedicalExpert-II\3Moderate\ModerateG3 (167).png,3,Moderate,train,157a16427e5f22150cffca1cd7c86e28
C:\Users\heman\Downloads\orthinx dataset\MedicalExpert-II\3Moderate\ModerateG3 (168).png,3,Moderate,train,a122a22c8593e64fcb2e06b6f7bdbe76
C:\Users\heman\Downloads\orthinx dataset\MedicalExpert-II\3Moderate\ModerateG3 (169).png,3,Moderate,test,66fc063743563b6441e21a8f787a0948
C:\Users\heman\Downloads\orthinx dataset\MedicalExpert-II\3Moderate\ModerateG3 (17).png,3,Moderate,train,6f367bcc5971647c6cd0bc9c048b76fa
C:\Users\heman\Downloads\orthinx dataset\MedicalExpert-II\3Moderate\ModerateG3 (170).png,3,Moderate,train,ea4608fa564d479e7dc1974562ca584e
C:\Users\heman\Downloads\orthinx dataset\MedicalExpert-II\3Moderate\ModerateG3 (171).png,3,Moderate,train,1fe800c6334de9d387eb3138dc88e2f8
C:\Users\heman\Downloads\orthinx dataset\MedicalExpert-II\3Moderate\ModerateG3 (172).png,3,Moderate,train,132d3b769c48dad182b35220d8fc20f2
C:\Users\heman\Downloads\orthinx dataset\MedicalExpert-II\3Moderate\ModerateG3 (173).png,3,Moderate,train,82ab90313250be67f733898cc1530901
C:\Users\heman\Downloads\orthinx dataset\MedicalExpert-II\3Moderate\ModerateG3 (174).png,3,Moderate,train,e1a5c0c8b63010d72d33ea1d2e176f4b
C:\Users\heman\Downloads\orthinx dataset\MedicalExpert-II\3Moderate\ModerateG3 (175).png,3,Moderate,val,3931153ae1457fe0fcc3fdc0440b4dbd
C:\Users\heman\Downloads\orthinx dataset\MedicalExpert-II\3Moderate\ModerateG3 (176).png,3,Moderate,train,33443228a72efaa5141cc20fdef8df96
C:\Users\heman\Downloads\orthinx dataset\MedicalExpert-II\3Moderate\ModerateG3 (177).png,3,Moderate,val,21008172cda9b62090f79fb37ad29507
C:\Users\heman\Downloads\orthinx dataset\MedicalExpert-II\3Moderate\ModerateG3 (178).png,3,Moderate,val,7801d958897dbec907eec544ebe466e1
C:\Users\heman\Downloads\orthinx dataset\MedicalExpert-II\3Moderate\ModerateG3 (179).png,3,Moderate,train,9d6de15de812720e4b50a85a9a019315
C:\Users\heman\Downloads\orthinx dataset\MedicalExpert-II\3Moderate\ModerateG3 (18).png,3,Moderate,train,d5d61a017cc6d59aa6b65fa4b184c4ab
C:\Users\heman\Downloads\orthinx dataset\MedicalExpert-II\3Moderate\ModerateG3 (180).png,3,Moderate,train,c2173214d96035dd278e11881db67d3f
C:\Users\heman\Downloads\orthinx dataset\MedicalExpert-II\3Moderate\ModerateG3 (181).png,3,Moderate,test,31e3f0481d90755f064b31dcd5f571a1
C:\Users\heman\Downloads\orthinx dataset\MedicalExpert-II\3Moderate\ModerateG3 (182).png,3,Moderate,test,d2fe021ccd53c74dd237a66658a2d113
C:\Users\heman\Downloads\orthinx dataset\MedicalExpert-II\3Moderate\ModerateG3 (183).png,3,Moderate,train,314c2f6f635cf473815e46a71b9bc1ce
C:\Users\heman\Downloads\orthinx dataset\MedicalExpert-II\3Moderate\ModerateG3 (184).png,3,Moderate,train,df90197db942df4e850120f8acde90fb
C:\Users\heman\Downloads\orthinx dataset\MedicalExpert-II\3Moderate\ModerateG3 (185).png,3,Moderate,test,cf35f2ffe042323303e61c89970c2f9a
C:\Users\heman\Downloads\orthinx dataset\MedicalExpert-II\3Moderate\ModerateG3 (186).png,3,Moderate,val,b2f724e48610249ce5033fa7911ac519
C:\Users\heman\Downloads\orthinx dataset\MedicalExpert-II\3Moderate\ModerateG3 (187).png,3,Moderate,train,640ff6807fde3d734677b767404f7525
C:\Users\heman\Downloads\orthinx dataset\MedicalExpert-II\3Moderate\ModerateG3 (188).png,3,Moderate,train,c0eda42d1bcf4ed521bf0de140f3a324
C:\Users\heman\Downloads\orthinx dataset\MedicalExpert-II\3Moderate\ModerateG3 (189).png,3,Moderate,train,5155aeaff74b4c271af800bdb043e322
C:\Users\heman\Downloads\orthinx dataset\MedicalExpert-II\3Moderate\ModerateG3 (19).png,3,Moderate,train,73d702471e3a4db5e6c3dbfb727a884c
C:\Users\heman\Downloads\orthinx dataset\MedicalExpert-II\3Moderate\ModerateG3 (190).png,3,Moderate,train,26cb9528ebc912f4e241fcc6cdaac78d
C:\Users\heman\Downloads\orthinx dataset\MedicalExpert-II\3Moderate\ModerateG3 (191).png,3,Moderate,val,cf5d877086f54b75ae517aec343c1a7a
C:\Users\heman\Downloads\orthinx dataset\MedicalExpert-II\3Moderate\ModerateG3 (192).png,3,Moderate,train,3dd7e76500b11622b0f8f6dc4d03c980
C:\Users\heman\Downloads\orthinx dataset\MedicalExpert-II\3Moderate\ModerateG3 (193).png,3,Moderate,train,bbde3f58770f5b37f933c3eeef7aaa4b
C:\Users\heman\Downloads\orthinx dataset\MedicalExpert-II\3Moderate\ModerateG3 (194).png,3,Moderate,train,efd19a402d722f06a09d04bc0aba4be0
C:\Users\heman\Downloads\orthinx dataset\MedicalExpert-II\3Moderate\ModerateG3 (195).png,3,Moderate,train,3a5d3794947c735537343d683f35c0ec
C:\Users\heman\Downloads\orthinx dataset\MedicalExpert-II\3Moderate\ModerateG3 (196).png,3,Moderate,train,3990a8077eb1d501f8645d4f0211ed17
C:\Users\heman\Downloads\orthinx dataset\MedicalExpert-II\3Moderate\ModerateG3 (197).png,3,Moderate,train,eb29c3e1ae664270bf41abec327067b7
C:\Users\heman\Downloads\orthinx dataset\MedicalExpert-II\3Moderate\ModerateG3 (198).png,3,Moderate,test,9935b8a1ac6a9091169ec63c21081bdd
C:\Users\heman\Downloads\orthinx dataset\MedicalExpert-II\3Moderate\ModerateG3 (199).png,3,Moderate,train,778198eea1561925ed7bde140ae0cbf1
C:\Users\heman\Downloads\orthinx dataset\MedicalExpert-II\3Moderate\ModerateG3 (2).png,3,Moderate,train,a5c50068739c11f60aa0e99912db1c21
C:\Users\heman\Downloads\orthinx dataset\MedicalExpert-II\3Moderate\ModerateG3 (20).png,3,Moderate,val,461f2fc5545f4e0f17b0f64a8d5d397b
C:\Users\heman\Downloads\orthinx dataset\MedicalExpert-II\3Moderate\ModerateG3 (200).png,3,Moderate,val,f933f8f3ae9c830133aa0066887c812d
C:\Users\heman\Downloads\orthinx dataset\MedicalExpert-II\3Moderate\ModerateG3 (201).png,3,Moderate,test,7d7c23f404772712370a5f62485cb930
C:\Users\heman\Downloads\orthinx dataset\MedicalExpert-II\3Moderate\ModerateG3 (202).png,3,Moderate,train,ffb39ab981b135d01db5209a1ec1e110
C:\Users\heman\Downloads\orthinx dataset\MedicalExpert-II\3Moderate\ModerateG3 (203).png,3,Moderate,train,f0dc21fa5616728d830149fd3d0513bd
C:\Users\heman\Downloads\orthinx dataset\MedicalExpert-II\3Moderate\ModerateG3 (204).png,3,Moderate,train,d3bcda36c7507e88112e09dea191298b
C:\Users\heman\Downloads\orthinx dataset\MedicalExpert-II\3Moderate\ModerateG3 (205).png,3,Moderate,train,354fc17206c743abdcaba9ac0588179b
C:\Users\heman\Downloads\orthinx dataset\MedicalExpert-II\3Moderate\ModerateG3 (206).png,3,Moderate,train,f0dc21fa5616728d830149fd3d0513bd
C:\Users\heman\Downloads\orthinx dataset\MedicalExpert-II\3Moderate\ModerateG3 (207).png,3,Moderate,train,354fc17206c743abdcaba9ac0588179b
C:\Users\heman\Downloads\orthinx dataset\MedicalExpert-II\3Moderate\ModerateG3 (208).png,3,Moderate,train,f0dc21fa5616728d830149fd3d0513bd
C:\Users\heman\Downloads\orthinx dataset\MedicalExpert-II\3Moderate\ModerateG3 (209).png,3,Moderate,val,c319d79c86408fa52e6e44c449badabb
C:\Users\heman\Downloads\orthinx dataset\MedicalExpert-II\3Moderate\ModerateG3 (21).png,3,Moderate,train,32cdf31190bbff04b334ae94908eab43
C:\Users\heman\Downloads\orthinx dataset\MedicalExpert-II\3Moderate\ModerateG3 (210).png,3,Moderate,train,354fc17206c743abdcaba9ac0588179b
C:\Users\heman\Downloads\orthinx dataset\MedicalExpert-II\3Moderate\ModerateG3 (211).png,3,Moderate,train,b6fa20edafb99619abe93b5bb4b99a2e
C:\Users\heman\Downloads\orthinx dataset\MedicalExpert-II\3Moderate\ModerateG3 (212).png,3,Moderate,train,921d39defcf6461193261911e1d61a22
C:\Users\heman\Downloads\orthinx dataset\MedicalExpert-II\3Moderate\ModerateG3 (213).png,3,Moderate,val,92b4536b5aac0f4c7ace2b27fe23c4b3
C:\Users\heman\Downloads\orthinx dataset\MedicalExpert-II\3Moderate\ModerateG3 (214).png,3,Moderate,train,169a621f352b2356a55c5f2fe7b105cf
C:\Users\heman\Downloads\orthinx dataset\MedicalExpert-II\3Moderate\ModerateG3 (215).png,3,Moderate,train,21e0330b549860d5dc2135948a75accf
C:\Users\heman\Downloads\orthinx dataset\MedicalExpert-II\3Moderate\ModerateG3 (216).png,3,Moderate,train,dabaaa8a4a151609c67cbf2a946e3b57
C:\Users\heman\Downloads\orthinx dataset\MedicalExpert-II\3Moderate\ModerateG3 (217).png,3,Moderate,train,21e0330b549860d5dc2135948a75accf
C:\Users\heman\Downloads\orthinx dataset\MedicalExpert-II\3Moderate\ModerateG3 (218).png,3,Moderate,train,38e995ad7c4b07372a687493acffba76
C:\Users\heman\Downloads\orthinx dataset\MedicalExpert-II\3Moderate\ModerateG3 (219).png,3,Moderate,val,1be2a007b1f77c979dce12559d8d5402
C:\Users\heman\Downloads\orthinx dataset\MedicalExpert-II\3Moderate\ModerateG3 (22).png,3,Moderate,train,76ef3fe029eca8e36de67394deed4d45
C:\Users\heman\Downloads\orthinx dataset\MedicalExpert-II\3Moderate\ModerateG3 (220).png,3,Moderate,test,0b4c756277720be504cee7c0915270a1
C:\Users\heman\Downloads\orthinx dataset\MedicalExpert-II\3Moderate\ModerateG3 (221).png,3,Moderate,val,cd843df5159b5fdb4131a3dff0ab91b9
C:\Users\heman\Downloads\orthinx dataset\MedicalExpert-II\3Moderate\ModerateG3 (23).png,3,Moderate,train,ec5f823337c398c43b3a32db53c6b2c3
C:\Users\heman\Downloads\orthinx dataset\MedicalExpert-II\3Moderate\ModerateG3 (24).png,3,Moderate,train,9d70e160cb7b4ec1a5a36e3260590160
C:\Users\heman\Downloads\orthinx dataset\MedicalExpert-II\3Moderate\ModerateG3 (25).png,3,Moderate,val,489803bfb1992b3f41ed19a2c039a9d7
C:\Users\heman\Downloads\orthinx dataset\MedicalExpert-II\3Moderate\ModerateG3 (26).png,3,Moderate,train,c9ac4def793afe5ab8e12d780f973185
C:\Users\heman\Downloads\orthinx dataset\MedicalExpert-II\3Moderate\ModerateG3 (27).png,3,Moderate,train,bf35f87d5d06002f9416d84d75c01fb1
C:\Users\heman\Downloads\orthinx dataset\MedicalExpert-II\3Moderate\ModerateG3 (28).png,3,Moderate,train,34f996ed6fe817df9c33e2b3bb88dfad
C:\Users\heman\Downloads\orthinx dataset\MedicalExpert-II\3Moderate\ModerateG3 (29).png,3,Moderate,train,9714ff8f35598e0b0bfcdb88469ee25b
C:\Users\heman\Downloads\orthinx dataset\MedicalExpert-II\3Moderate\ModerateG3 (3).png,3,Moderate,train,a535113c895f1a3187eda881f48b0715
C:\Users\heman\Downloads\orthinx dataset\MedicalExpert-II\3Moderate\ModerateG3 (30).png,3,Moderate,train,e11bff78803ce8f728ca15608b3ca5d1
C:\Users\heman\Downloads\orthinx dataset\MedicalExpert-II\3Moderate\ModerateG3 (31).png,3,Moderate,test,31d758d79dc7648ca8ec46b13df33634
C:\Users\heman\Downloads\orthinx dataset\MedicalExpert-II\3Moderate\ModerateG3 (32).png,3,Moderate,train,21d9e51b6901accb1f8fe306af99a6dc
C:\Users\heman\Downloads\orthinx dataset\MedicalExpert-II\3Moderate\ModerateG3 (33).png,3,Moderate,test,5024149962729f2b05e225a70b58a699
C:\Users\heman\Downloads\orthinx dataset\MedicalExpert-II\3Moderate\ModerateG3 (34).png,3,Moderate,train,16571cf6b338ecf342171cd0213570b5
C:\Users\heman\Downloads\orthinx dataset\MedicalExpert-II\3Moderate\ModerateG3 (35).png,3,Moderate,train,f57c68d85d291d31dafd22d94aef2ddc
C:\Users\heman\Downloads\orthinx dataset\MedicalExpert-II\3Moderate\ModerateG3 (36).png,3,Moderate,train,18aeaa8223879c7860991f6bff9172da
C:\Users\heman\Downloads\orthinx dataset\MedicalExpert-II\3Moderate\ModerateG3 (37).png,3,Moderate,train,af89a63d88b1f376cfbac2c5e2a4c339
C:\Users\heman\Downloads\orthinx dataset\MedicalExpert-II\3Moderate\ModerateG3 (38).png,3,Moderate,train,c774fcf7e770d510fc95dac4e6f0b778
C:\Users\heman\Downloads\orthinx dataset\MedicalExpert-II\3Moderate\ModerateG3 (39).png,3,Moderate,train,1e34cb6ba0a60b51444506595625242c
C:\Users\heman\Downloads\orthinx dataset\MedicalExpert-II\3Moderate\ModerateG3 (4).png,3,Moderate,train,fa14fe2e564a2ebc754ffae5704734a1
C:\Users\heman\Downloads\orthinx dataset\MedicalExpert-II\3Moderate\ModerateG3 (40).png,3,Moderate,train,d380b429ed94875c4695158a9993c022
C:\Users\heman\Downloads\orthinx dataset\MedicalExpert-II\3Moderate\ModerateG3 (41).png,3,Moderate,val,ccfdb8679d7f6602a33800b18a2c60de
C:\Users\heman\Downloads\orthinx dataset\MedicalExpert-II\3Moderate\ModerateG3 (42).png,3,Moderate,train,cf029f615545c6800782ff5a52df2112
C:\Users\heman\Downloads\orthinx dataset\MedicalExpert-II\3Moderate\ModerateG3 (43).png,3,Moderate,train,07570087da9bede4ee446299f2c8e77a
C:\Users\heman\Downloads\orthinx dataset\MedicalExpert-II\3Moderate\ModerateG3 (44).png,3,Moderate,train,e231874c495f48a4970bf9ee905c5284
C:\Users\heman\Downloads\orthinx dataset\MedicalExpert-II\3Moderate\ModerateG3 (45).png,3,Moderate,val,101036bf31395a97d049d275598d333d
C:\Users\heman\Downloads\orthinx dataset\MedicalExpert-II\3Moderate\ModerateG3 (46).png,3,Moderate,train,af89a63d88b1f376cfbac2c5e2a4c339
C:\Users\heman\Downloads\orthinx dataset\MedicalExpert-II\3Moderate\ModerateG3 (47).png,3,Moderate,val,719dab92b84a0f99fc2d00818b878a32
C:\Users\heman\Downloads\orthinx dataset\MedicalExpert-II\3Moderate\ModerateG3 (48).png,3,Moderate,val,719dab92b84a0f99fc2d00818b878a32
C:\Users\heman\Downloads\orthinx dataset\MedicalExpert-II\3Moderate\ModerateG3 (49).png,3,Moderate,train,727daac395800bb0f8e2b970853ddfa6
C:\Users\heman\Downloads\orthinx dataset\MedicalExpert-II\3Moderate\ModerateG3 (5).png,3,Moderate,train,c98c3d0a0d7107fbcfac747c6a7c38d8
C:\Users\heman\Downloads\orthinx dataset\MedicalExpert-II\3Moderate\ModerateG3 (50).png,3,Moderate,train,9c77ede824db088f2939f75c4fc38b55
C:\Users\heman\Downloads\orthinx dataset\MedicalExpert-II\3Moderate\ModerateG3 (51).png,3,Moderate,test,4c8d8edbcf54ef3d9856e0befda048d7
C:\Users\heman\Downloads\orthinx dataset\MedicalExpert-II\3Moderate\ModerateG3 (52).png,3,Moderate,train,e966e52607f3175bc4a594abd5777a50
C:\Users\heman\Downloads\orthinx dataset\MedicalExpert-II\3Moderate\ModerateG3 (53).png,3,Moderate,train,197966450c08f5afb3557bda480ca10e
C:\Users\heman\Downloads\orthinx dataset\MedicalExpert-II\3Moderate\ModerateG3 (54).png,3,Moderate,train,84e4e9eaf267037d81ce9eab76aeb92c
C:\Users\heman\Downloads\orthinx dataset\MedicalExpert-II\3Moderate\ModerateG3 (55).png,3,Moderate,test,3cc981503d909998c0e4566b643d35b6
C:\Users\heman\Downloads\orthinx dataset\MedicalExpert-II\3Moderate\ModerateG3 (56).png,3,Moderate,train,73d3324fdddb6d11f35408ddedf4a752
C:\Users\heman\Downloads\orthinx dataset\MedicalExpert-II\3Moderate\ModerateG3 (57).png,3,Moderate,val,8037c4783b384f243b20b64c0f022514
C:\Users\heman\Downloads\orthinx dataset\MedicalExpert-II\3Moderate\ModerateG3 (58).png,3,Moderate,train,29040d2c6a980194e769f1fc190e8a1e
C:\Users\heman\Downloads\orthinx dataset\MedicalExpert-II\3Moderate\ModerateG3 (59).png,3,Moderate,train,f1b5ba58ed8bc4de7d59b337e53b0cd2
C:\Users\heman\Downloads\orthinx dataset\MedicalExpert-II\3Moderate\ModerateG3 (6).png,3,Moderate,train,f102c621aba0820d5ed84fb8557f1eba
C:\Users\heman\Downloads\orthinx dataset\MedicalExpert-II\3Moderate\ModerateG3 (60).png,3,Moderate,val,94298a5b8e9b7bb519c81439034bf365
C:\Users\heman\Downloads\orthinx dataset\MedicalExpert-II\3Moderate\ModerateG3 (61).png,3,Moderate,test,b40e51189653e572cf697250ef1eb39f
C:\Users\heman\Downloads\orthinx dataset\MedicalExpert-II\3Moderate\ModerateG3 (62).png,3,Moderate,train,11ab6afdf4c13de660c840ed490c8ac4
C:\Users\heman\Downloads\orthinx dataset\MedicalExpert-II\3Moderate\ModerateG3 (63).png,3,Moderate,test,f1d63176d012486544dcfeb455bc6706
C:\Users\heman\Downloads\orthinx dataset\MedicalExpert-II\3Moderate\ModerateG3 (64).png,3,Moderate,train,107890285fe11251d962a288b6bb5d1b
C:\Users\heman\Downloads\orthinx dataset\MedicalExpert-II\3Moderate\ModerateG3 (65).png,3,Moderate,train,4b3bd1bb62e0d6bcca72f8aa3927fc00
C:\Users\heman\Downloads\orthinx dataset\MedicalExpert-II\3Moderate\ModerateG3 (66).png,3,Moderate,val,341bf4b8921d92b5ff13d7c3e9a3c941
C:\Users\heman\Downloads\orthinx dataset\MedicalExpert-II\3Moderate\ModerateG3 (67).png,3,Moderate,test,b2691bb6587a072faefaed19e50a0316
C:\Users\heman\Downloads\orthinx dataset\MedicalExpert-II\3Moderate\ModerateG3 (68).png,3,Moderate,test,1ad077a51db5fe816cdaebcecf9d2857
C:\Users\heman\Downloads\orthinx dataset\MedicalExpert-II\3Moderate\ModerateG3 (69).png,3,Moderate,train,2f6489a51b7a72ece7abc53ff67960bc
C:\Users\heman\Downloads\orthinx dataset\MedicalExpert-II\3Moderate\ModerateG3 (7).png,3,Moderate,train,d95a64aa1c8be13de756c0f850b2afe6
C:\Users\heman\Downloads\orthinx dataset\MedicalExpert-II\3Moderate\ModerateG3 (70).png,3,Moderate,test,43464edbe31f09f94d31551f29851ff9
C:\Users\heman\Downloads\orthinx dataset\MedicalExpert-II\3Moderate\ModerateG3 (71).png,3,Moderate,train,b6b1d781fd9ef366a2ac8119fddc847e
C:\Users\heman\Downloads\orthinx dataset\MedicalExpert-II\3Moderate\ModerateG3 (72).png,3,Moderate,train,16f1baf81d0933109e0f212f23e8ecca
C:\Users\heman\Downloads\orthinx dataset\MedicalExpert-II\3Moderate\ModerateG3 (73).png,3,Moderate,val,ce2718fcbcec91d87e60d3333b42586e
C:\Users\heman\Downloads\orthinx dataset\MedicalExpert-II\3Moderate\ModerateG3 (74).png,3,Moderate,train,995ad704861b1c573ec137519038c3c4
C:\Users\heman\Downloads\orthinx dataset\MedicalExpert-II\3Moderate\ModerateG3 (75).png,3,Moderate,train,787d281c9da1c151e1dffdfc8757afd2
C:\Users\heman\Downloads\orthinx dataset\MedicalExpert-II\3Moderate\ModerateG3 (76).png,3,Moderate,val,2b8aad2970b7ca6c335dba7c6a0f1354
C:\Users\heman\Downloads\orthinx dataset\MedicalExpert-II\3Moderate\ModerateG3 (77).png,3,Moderate,train,4d84841d4544ebb9df456574d4092b19
C:\Users\heman\Downloads\orthinx dataset\MedicalExpert-II\3Moderate\ModerateG3 (78).png,3,Moderate,test,a3db9f3e817dadfbe35e6038fc70da07
C:\Users\heman\Downloads\orthinx dataset\MedicalExpert-II\3Moderate\ModerateG3 (79).png,3,Moderate,train,d1143979660e4a343505c648b6378d18
C:\Users\heman\Downloads\orthinx dataset\MedicalExpert-II\3Moderate\ModerateG3 (8).png,3,Moderate,train,f5c567b560a313696107aec5bde4db53
C:\Users\heman\Downloads\orthinx dataset\MedicalExpert-II\3Moderate\ModerateG3 (80).png,3,Moderate,val,1385e871b0d47266c5ecbe7b401f454b
C:\Users\heman\Downloads\orthinx dataset\MedicalExpert-II\3Moderate\ModerateG3 (81).png,3,Moderate,test,be5e8ca7102ed6ff16973bbdd3acc878
C:\Users\heman\Downloads\orthinx dataset\MedicalExpert-II\3Moderate\ModerateG3 (82).png,3,Moderate,train,ae14fe64c0b69b5a753b6bd72d833fe6
C:\Users\heman\Downloads\orthinx dataset\MedicalExpert-II\3Moderate\ModerateG3 (83).png,3,Moderate,train,1a60e2c7f392b72a789886d4b479e622
C:\Users\heman\Downloads\orthinx dataset\MedicalExpert-II\3Moderate\ModerateG3 (84).png,3,Moderate,train,873aaabd375c0773822f67e12dda178d
C:\Users\heman\Downloads\orthinx dataset\MedicalExpert-II\3Moderate\ModerateG3 (85).png,3,Moderate,train,970db0f6762cdd045e4d4c226e37e57c
C:\Users\heman\Downloads\orthinx dataset\MedicalExpert-II\3Moderate\ModerateG3 (86).png,3,Moderate,test,113b3664c7431b22ebb578ef68cc34c9
C:\Users\heman\Downloads\orthinx dataset\MedicalExpert-II\3Moderate\ModerateG3 (87).png,3,Moderate,train,6358d7654287dcc6aabb539784836844
C:\Users\heman\Downloads\orthinx dataset\MedicalExpert-II\3Moderate\ModerateG3 (88).png,3,Moderate,test,f66b451aa9678071f04b29123519d439
C:\Users\heman\Downloads\orthinx dataset\MedicalExpert-II\3Moderate\ModerateG3 (89).png,3,Moderate,test,f66b451aa9678071f04b29123519d439
C:\Users\heman\Downloads\orthinx dataset\MedicalExpert-II\3Moderate\ModerateG3 (9).png,3,Moderate,train,840effad09327bd05b86831965c812be
C:\Users\heman\Downloads\orthinx dataset\MedicalExpert-II\3Moderate\ModerateG3 (90).png,3,Moderate,train,5ac1a188e88222ea4044d519c7012c67
C:\Users\heman\Downloads\orthinx dataset\MedicalExpert-II\3Moderate\ModerateG3 (91).png,3,Moderate,train,b7cabd850341f72856f772190d2d7224
C:\Users\heman\Downloads\orthinx dataset\MedicalExpert-II\3Moderate\ModerateG3 (92).png,3,Moderate,train,f7c04af5d3d4811fc942d4faf931663c
C:\Users\heman\Downloads\orthinx dataset\MedicalExpert-II\3Moderate\ModerateG3 (93).png,3,Moderate,val,9b1fad132609781e27ea314b24754235
C:\Users\heman\Downloads\orthinx dataset\MedicalExpert-II\3Moderate\ModerateG3 (94).png,3,Moderate,train,9b2ba56447ac50e2b76ba766730b919c
C:\Users\heman\Downloads\orthinx dataset\MedicalExpert-II\3Moderate\ModerateG3 (95).png,3,Moderate,train,830b5ab386ebe4646483825332de4184
C:\Users\heman\Downloads\orthinx dataset\MedicalExpert-II\3Moderate\ModerateG3 (96).png,3,Moderate,train,be4c4baf1d8b1ec2cf23f886e8b34757
C:\Users\heman\Downloads\orthinx dataset\MedicalExpert-II\3Moderate\ModerateG3 (97).png,3,Moderate,train,bfcd4663fc0252ff6983accc22a5210f
C:\Users\heman\Downloads\orthinx dataset\MedicalExpert-II\3Moderate\ModerateG3 (98).png,3,Moderate,train,17c1423e3813ca897368c8c1a7551e4f
C:\Users\heman\Downloads\orthinx dataset\MedicalExpert-II\3Moderate\ModerateG3 (99).png,3,Moderate,test,d133f595d2e303ab1c9e4a6d7f569ca8
C:\Users\heman\Downloads\orthinx dataset\MedicalExpert-II\4Severe\SevereG4 (1).png,4,Severe,train,87747df878169604719403af03c1f2e4
C:\Users\heman\Downloads\orthinx dataset\MedicalExpert-II\4Severe\SevereG4 (10).png,4,Severe,train,1d5d73f1b3797e8859c62b28b5673ded
C:\Users\heman\Downloads\orthinx dataset\MedicalExpert-II\4Severe\SevereG4 (100).png,4,Severe,train,f1b9de14a73480111bb6f1304042bf4b
C:\Users\heman\Downloads\orthinx dataset\MedicalExpert-II\4Severe\SevereG4 (101).png,4,Severe,test,463df2a822e0f1ea972a23b51f764734
C:\Users\heman\Downloads\orthinx dataset\MedicalExpert-II\4Severe\SevereG4 (102).png,4,Severe,train,5d5d9e2bbb9601a0d57a462332cd4480
C:\Users\heman\Downloads\orthinx dataset\MedicalExpert-II\4Severe\SevereG4 (103).png,4,Severe,train,60ee5e41cb251793a47ed54100b44d9f
C:\Users\heman\Downloads\orthinx dataset\MedicalExpert-II\4Severe\SevereG4 (104).png,4,Severe,test,f380cf58cf65938c3825402a380f3836
C:\Users\heman\Downloads\orthinx dataset\MedicalExpert-II\4Severe\SevereG4 (105).png,4,Severe,train,994fd32ea705baec5ac2286a04158425
C:\Users\heman\Downloads\orthinx dataset\MedicalExpert-II\4Severe\SevereG4 (106).png,4,Severe,train,5f0e0bff469cbb31dc69ef69fd39ca7f
C:\Users\heman\Downloads\orthinx dataset\MedicalExpert-II\4Severe\SevereG4 (107).png,4,Severe,test,4fca3dfe5db3f1f7af40c8405035f5e8
C:\Users\heman\Downloads\orthinx dataset\MedicalExpert-II\4Severe\SevereG4 (108).png,4,Severe,train,fb466018a070bd9c4b90d56c2c9e38cb
C:\Users\heman\Downloads\orthinx dataset\MedicalExpert-II\4Severe\SevereG4 (109).png,4,Severe,test,7a48dbe9a6e136a45d9c623c426dad2d
C:\Users\heman\Downloads\orthinx dataset\MedicalExpert-II\4Severe\SevereG4 (11).png,4,Severe,val,40134be89310512c2f1aa02c6d2cf68f
C:\Users\heman\Downloads\orthinx dataset\MedicalExpert-II\4Severe\SevereG4 (110).png,4,Severe,val,ab7fc1aa1179fbdef3194293ce810eed
C:\Users\heman\Downloads\orthinx dataset\MedicalExpert-II\4Severe\SevereG4 (111).png,4,Severe,test,303ac1a28d668518e04b460e4ee83c7d
C:\Users\heman\Downloads\orthinx dataset\MedicalExpert-II\4Severe\SevereG4 (112).png,4,Severe,val,ab594b1334ee4e48145b30f622e73a10
C:\Users\heman\Downloads\orthinx dataset\MedicalExpert-II\4Severe\SevereG4 (113).png,4,Severe,test,b94a5cbf4e842c07e02d3f03e12f9623
C:\Users\heman\Downloads\orthinx dataset\MedicalExpert-II\4Severe\SevereG4 (114).png,4,Severe,val,3bdc0b1ec47737797d93c1d1b314b015
C:\Users\heman\Downloads\orthinx dataset\MedicalExpert-II\4Severe\SevereG4 (115).png,4,Severe,train,f744bb2a8aaf291a20e4a0bf0651523d
C:\Users\heman\Downloads\orthinx dataset\MedicalExpert-II\4Severe\SevereG4 (116).png,4,Severe,train,eb16d0f5f3ebb39b3ee48be87b6cd921
C:\Users\heman\Downloads\orthinx dataset\MedicalExpert-II\4Severe\SevereG4 (117).png,4,Severe,train,964744a6975909554eb9110b7c83f3f5
C:\Users\heman\Downloads\orthinx dataset\MedicalExpert-II\4Severe\SevereG4 (118).png,4,Severe,train,ac8853332f14417b5e19e146ea7a11d5
C:\Users\heman\Downloads\orthinx dataset\MedicalExpert-II\4Severe\SevereG4 (119).png,4,Severe,train,e27b702ed5495f77a1a4152f8b193c3f
C:\Users\heman\Downloads\orthinx dataset\MedicalExpert-II\4Severe\SevereG4 (12).png,4,Severe,train,b02820c6d29fe174102949aac362aa89
C:\Users\heman\Downloads\orthinx dataset\MedicalExpert-II\4Severe\SevereG4 (120).png,4,Severe,val,7aab1f9ff6df954d99a11598877127f1
C:\Users\heman\Downloads\orthinx dataset\MedicalExpert-II\4Severe\SevereG4 (121).png,4,Severe,val,6e4864217567438e2d5e3256d3dc6e25
C:\Users\heman\Downloads\orthinx dataset\MedicalExpert-II\4Severe\SevereG4 (122).png,4,Severe,train,d60bfcafdf242763b04cf754d76a7e25
C:\Users\heman\Downloads\orthinx dataset\MedicalExpert-II\4Severe\SevereG4 (123).png,4,Severe,train,ccc1c91c20ca36186a989e3bdc02cc0a
C:\Users\heman\Downloads\orthinx dataset\MedicalExpert-II\4Severe\SevereG4 (124).png,4,Severe,train,50eba5f02ab629a1e433a4ca0d7d2721
C:\Users\heman\Downloads\orthinx dataset\MedicalExpert-II\4Severe\SevereG4 (125).png,4,Severe,train,517779050e48b0845f0708b72851243d
C:\Users\heman\Downloads\orthinx dataset\MedicalExpert-II\4Severe\SevereG4 (126).png,4,Severe,train,399319a4a59f864052359c788b36091c
C:\Users\heman\Downloads\orthinx dataset\MedicalExpert-II\4Severe\SevereG4 (127).png,4,Severe,val,fa0358105e23162a8c46b078f194875b
C:\Users\heman\Downloads\orthinx dataset\MedicalExpert-II\4Severe\SevereG4 (128).png,4,Severe,train,1f332b0154a268313d8add1eb94b1fa8
C:\Users\heman\Downloads\orthinx dataset\MedicalExpert-II\4Severe\SevereG4 (129).png,4,Severe,test,31007b8c191cf5ddeb461eb68269cd31
C:\Users\heman\Downloads\orthinx dataset\MedicalExpert-II\4Severe\SevereG4 (13).png,4,Severe,train,cdea8aec28a9a6d41e76d85b12b4ab62
C:\Users\heman\Downloads\orthinx dataset\MedicalExpert-II\4Severe\SevereG4 (130).png,4,Severe,train,5019ed9e0c2992707021cce5550de7e1
C:\Users\heman\Downloads\orthinx dataset\MedicalExpert-II\4Severe\SevereG4 (131).png,4,Severe,val,e95297ddd04c840b4f4eff56db1922f7
C:\Users\heman\Downloads\orthinx dataset\MedicalExpert-II\4Severe\SevereG4 (132).png,4,Severe,train,a6acbd96c834b74cc503297645dc320d
C:\Users\heman\Downloads\orthinx dataset\MedicalExpert-II\4Severe\SevereG4 (133).png,4,Severe,val,1b2c1a971a69e7adee281b5d39dac080
C:\Users\heman\Downloads\orthinx dataset\MedicalExpert-II\4Severe\SevereG4 (134).png,4,Severe,train,2afbcaa132be9fb87e2e5a3076006a06
C:\Users\heman\Downloads\orthinx dataset\MedicalExpert-II\4Severe\SevereG4 (135).png,4,Severe,train,5ebc1a29d5bfb782fe692b4f316b3c93
C:\Users\heman\Downloads\orthinx dataset\MedicalExpert-II\4Severe\SevereG4 (136).png,4,Severe,train,6d7721555a99767dc0326be5b63d61bd
C:\Users\heman\Downloads\orthinx dataset\MedicalExpert-II\4Severe\SevereG4 (137).png,4,Severe,train,f9a0c69f91a02f7c93e41812df47816f
C:\Users\heman\Downloads\orthinx dataset\MedicalExpert-II\4Severe\SevereG4 (138).png,4,Severe,train,f4cd1e62a80883bec4431e63c0b0b652
C:\Users\heman\Downloads\orthinx dataset\MedicalExpert-II\4Severe\SevereG4 (139).png,4,Severe,val,f34606801e5bcfb187062ddb5f1fdf64
C:\Users\heman\Downloads\orthinx dataset\MedicalExpert-II\4Severe\SevereG4 (14).png,4,Severe,train,79066f587b778989c68febbb0b8ecd0d
C:\Users\heman\Downloads\orthinx dataset\MedicalExpert-II\4Severe\SevereG4 (140).png,4,Severe,test,7b3cf43afb05c08e40dce7ea7bb2ace6
C:\Users\heman\Downloads\orthinx dataset\MedicalExpert-II\4Severe\SevereG4 (141).png,4,Severe,train,8607793823523a6db71d4aa7fc22ec58
C:\Users\heman\Downloads\orthinx dataset\MedicalExpert-II\4Severe\SevereG4 (142).png,4,Severe,train,959491ec4f5c469fe7546837145cda60
C:\Users\heman\Downloads\orthinx dataset\MedicalExpert-II\4Severe\SevereG4 (143).png,4,Severe,train,729fc748424cbbeaa9da887581345e55
C:\Users\heman\Downloads\orthinx dataset\MedicalExpert-II\4Severe\SevereG4 (144).png,4,Severe,train,d940e28345fa9fc8763a97a9072e4377
C:\Users\heman\Downloads\orthinx dataset\MedicalExpert-II\4Severe\SevereG4 (145).png,4,Severe,train,d7cf806dc526b930b3e54eb43e632787
C:\Users\heman\Downloads\orthinx dataset\MedicalExpert-II\4Severe\SevereG4 (146).png,4,Severe,train,fedb28e068ba80dd9831431d420d4822
C:\Users\heman\Downloads\orthinx dataset\MedicalExpert-II\4Severe\SevereG4 (147).png,4,Severe,train,728bed975f06a3e1eb63ef15918f50a5
C:\Users\heman\Downloads\orthinx dataset\MedicalExpert-II\4Severe\SevereG4 (148).png,4,Severe,test,6d49f8ed72ae6e82192e5d7dad30c73a
C:\Users\heman\Downloads\orthinx dataset\MedicalExpert-II\4Severe\SevereG4 (149).png,4,Severe,train,6334ff6e54343e90bc82c7fd42eb3a1a
C:\Users\heman\Downloads\orthinx dataset\MedicalExpert-II\4Severe\SevereG4 (15).png,4,Severe,train,1b2b6ff075cb531007154dd05d17def0
C:\Users\heman\Downloads\orthinx dataset\MedicalExpert-II\4Severe\SevereG4 (150).png,4,Severe,train,8938ab431ae629ff3d847733c3917988
C:\Users\heman\Downloads\orthinx dataset\MedicalExpert-II\4Severe\SevereG4 (151).png,4,Severe,val,60528bc07c02f7fe233b5862fe3f5999
C:\Users\heman\Downloads\orthinx dataset\MedicalExpert-II\4Severe\SevereG4 (152).png,4,Severe,train,8cbe46353441cc5a9d7d34960aedda1f
C:\Users\heman\Downloads\orthinx dataset\MedicalExpert-II\4Severe\SevereG4 (153).png,4,Severe,train,ca76aba69304b13c2e1f157b0775ae5a
C:\Users\heman\Downloads\orthinx dataset\MedicalExpert-II\4Severe\SevereG4 (154).png,4,Severe,train,68aca5ec34d2456fb3d465008e6ab2f7
C:\Users\heman\Downloads\orthinx dataset\MedicalExpert-II\4Severe\SevereG4 (155).png,4,Severe,train,959c249628aa7e3d672c68a1ca9d941a
C:\Users\heman\Downloads\orthinx dataset\MedicalExpert-II\4Severe\SevereG4 (156).png,4,Severe,train,23e49f2cd1437a4756487e30f924e847
C:\Users\heman\Downloads\orthinx dataset\MedicalExpert-II\4Severe\SevereG4 (157).png,4,Severe,train,909db7a173cdccff38f2d4b3328369a8
C:\Users\heman\Downloads\orthinx dataset\MedicalExpert-II\4Severe\SevereG4 (158).png,4,Severe,train,940e3a25aceacd0dcbc1871e64236cf8
C:\Users\heman\Downloads\orthinx dataset\MedicalExpert-II\4Severe\SevereG4 (159).png,4,Severe,train,a897235d97565644627e14af45752a35
C:\Users\heman\Downloads\orthinx dataset\MedicalExpert-II\4Severe\SevereG4 (16).png,4,Severe,train,c593ca40efceacc9b1084f2c5a8723e0
C:\Users\heman\Downloads\orthinx dataset\MedicalExpert-II\4Severe\SevereG4 (160).png,4,Severe,train,e241b3ee93b74f10099ab116bb4e529d
C:\Users\heman\Downloads\orthinx dataset\MedicalExpert-II\4Severe\SevereG4 (161).png,4,Severe,train,3b154b6fa4884beb89b560c4fe399ff1
C:\Users\heman\Downloads\orthinx dataset\MedicalExpert-II\4Severe\SevereG4 (162).png,4,Severe,train,51971cb3a1fe0ee6b8e7007b3ffc9d99
C:\Users\heman\Downloads\orthinx dataset\MedicalExpert-II\4Severe\SevereG4 (163).png,4,Severe,test,0f788077722bf4fc364b27c984561a70
C:\Users\heman\Downloads\orthinx dataset\MedicalExpert-II\4Severe\SevereG4 (164).png,4,Severe,train,526fdbf212d02a29d54ec87e5a9e7902
C:\Users\heman\Downloads\orthinx dataset\MedicalExpert-II\4Severe\SevereG4 (165).png,4,Severe,train,6023ee50bad2cceb1a3e532a3e291a7a
C:\Users\heman\Downloads\orthinx dataset\MedicalExpert-II\4Severe\SevereG4 (166).png,4,Severe,train,b6600c27a32e86a20f95a0d0d61874a8
C:\Users\heman\Downloads\orthinx dataset\MedicalExpert-II\4Severe\SevereG4 (167).png,4,Severe,train,f41a5d63db86e8ba05332c872159631a
C:\Users\heman\Downloads\orthinx dataset\MedicalExpert-II\4Severe\SevereG4 (168).png,4,Severe,train,6a4a414fea06263547126589a18724ea
C:\Users\heman\Downloads\orthinx dataset\MedicalExpert-II\4Severe\SevereG4 (169).png,4,Severe,train,84ec14d73104b735758c246f0ec61f83
C:\Users\heman\Downloads\orthinx dataset\MedicalExpert-II\4Severe\SevereG4 (17).png,4,Severe,val,ed49afd902c106e27a5243da70275c9d
C:\Users\heman\Downloads\orthinx dataset\MedicalExpert-II\4Severe\SevereG4 (170).png,4,Severe,train,75f5a8186dbb6ea14207452a32d13aa9
C:\Users\heman\Downloads\orthinx dataset\MedicalExpert-II\4Severe\SevereG4 (171).png,4,Severe,test,d865d73f03ac0228f41e385c504e5513
C:\Users\heman\Downloads\orthinx dataset\MedicalExpert-II\4Severe\SevereG4 (172).png,4,Severe,test,57a3f08bf01c6240335d49dafdb2626c
C:\Users\heman\Downloads\orthinx dataset\MedicalExpert-II\4Severe\SevereG4 (173).png,4,Severe,train,ad8d5b4b9ea8e532c06494be1b6173bb
C:\Users\heman\Downloads\orthinx dataset\MedicalExpert-II\4Severe\SevereG4 (174).png,4,Severe,train,e3172205f792ea6e107f686c817c2984
C:\Users\heman\Downloads\orthinx dataset\MedicalExpert-II\4Severe\SevereG4 (175).png,4,Severe,train,eb4a954f908bd7382d7d5e7e848bc040
C:\Users\heman\Downloads\orthinx dataset\MedicalExpert-II\4Severe\SevereG4 (176).png,4,Severe,test,b8c317ac32d0577ac88d74c07b7388bf
C:\Users\heman\Downloads\orthinx dataset\MedicalExpert-II\4Severe\SevereG4 (177).png,4,Severe,train,d898777798d8c496bb5b1ad53541003a
C:\Users\heman\Downloads\orthinx dataset\MedicalExpert-II\4Severe\SevereG4 (178).png,4,Severe,train,27dca2c76048ffb8dda328b30df7463f
C:\Users\heman\Downloads\orthinx dataset\MedicalExpert-II\4Severe\SevereG4 (179).png,4,Severe,test,53a7e7e6bba33331f595c1319412cd6d
C:\Users\heman\Downloads\orthinx dataset\MedicalExpert-II\4Severe\SevereG4 (18).png,4,Severe,train,08a451d54c5e6632bd9d825884ec1355
C:\Users\heman\Downloads\orthinx dataset\MedicalExpert-II\4Severe\SevereG4 (180).png,4,Severe,train,9c11df137efa4e4750e8ce1e40f04a66
C:\Users\heman\Downloads\orthinx dataset\MedicalExpert-II\4Severe\SevereG4 (181).png,4,Severe,train,789583bd6c1090b600850b4f8d1e5d24
C:\Users\heman\Downloads\orthinx dataset\MedicalExpert-II\4Severe\SevereG4 (182).png,4,Severe,val,309b3e168d2f4b3c51f074db47876b14
C:\Users\heman\Downloads\orthinx dataset\MedicalExpert-II\4Severe\SevereG4 (183).png,4,Severe,train,ca493c6019dd95a975bfe0a3b11ecaaa
C:\Users\heman\Downloads\orthinx dataset\MedicalExpert-II\4Severe\SevereG4 (184).png,4,Severe,train,12b4127140dd69b3eea3fae6c83a2a31
C:\Users\heman\Downloads\orthinx dataset\MedicalExpert-II\4Severe\SevereG4 (185).png,4,Severe,val,a910c53022afc3afb6a5db36f988f75a
C:\Users\heman\Downloads\orthinx dataset\MedicalExpert-II\4Severe\SevereG4 (186).png,4,Severe,train,a101ae6a5d0cf2423c05128201ebcf41
C:\Users\heman\Downloads\orthinx dataset\MedicalExpert-II\4Severe\SevereG4 (187).png,4,Severe,val,c4ffe7b55234d0292b3e3a45a5bd3e9b
C:\Users\heman\Downloads\orthinx dataset\MedicalExpert-II\4Severe\SevereG4 (188).png,4,Severe,train,2feaa2a8f1ba98bb2706719b618c9a9f
C:\Users\heman\Downloads\orthinx dataset\MedicalExpert-II\4Severe\SevereG4 (189).png,4,Severe,train,ce2953783a26bd617131956b5011e93d
C:\Users\heman\Downloads\orthinx dataset\MedicalExpert-II\4Severe\SevereG4 (19).png,4,Severe,train,b9be01530d30dfde17bd686ba2c00f49
C:\Users\heman\Downloads\orthinx dataset\MedicalExpert-II\4Severe\SevereG4 (190).png,4,Severe,train,b06eb3ac08f4c6367fc11e911e720d19
C:\Users\heman\Downloads\orthinx dataset\MedicalExpert-II\4Severe\SevereG4 (191).png,4,Severe,test,e6be54b69f282aa9e8569643c1b0b62f
C:\Users\heman\Downloads\orthinx dataset\MedicalExpert-II\4Severe\SevereG4 (192).png,4,Severe,train,c3eedc8d67f247d8a79bb2ee3b12f627
C:\Users\heman\Downloads\orthinx dataset\MedicalExpert-II\4Severe\SevereG4 (193).png,4,Severe,train,9cde2e51d549f5fe339805e61114ab19
C:\Users\heman\Downloads\orthinx dataset\MedicalExpert-II\4Severe\SevereG4 (194).png,4,Severe,train,0fb3a7e369993ec0cf032a006eda9389
C:\Users\heman\Downloads\orthinx dataset\MedicalExpert-II\4Severe\SevereG4 (195).png,4,Severe,train,bee3ada4146d65aa18baa6de5aff3d36
C:\Users\heman\Downloads\orthinx dataset\MedicalExpert-II\4Severe\SevereG4 (196).png,4,Severe,test,91ea7596efc5d369ff9c3dc36dd4ced1
C:\Users\heman\Downloads\orthinx dataset\MedicalExpert-II\4Severe\SevereG4 (197).png,4,Severe,val,73068eeaa2ecb193dc9ffc6198bccf1e
C:\Users\heman\Downloads\orthinx dataset\MedicalExpert-II\4Severe\SevereG4 (198).png,4,Severe,train,27e14e9d7fc54b4a064ad1f5efc54d4d
C:\Users\heman\Downloads\orthinx dataset\MedicalExpert-II\4Severe\SevereG4 (199).png,4,Severe,train,22d23a4659a972442ff44a768038ad35
C:\Users\heman\Downloads\orthinx dataset\MedicalExpert-II\4Severe\SevereG4 (2).png,4,Severe,train,0f1fc0f87154e0e9be624f88a065938b
C:\Users\heman\Downloads\orthinx dataset\MedicalExpert-II\4Severe\SevereG4 (20).png,4,Severe,train,173d9537ae1974ea5e7770a8f58a19a8
C:\Users\heman\Downloads\orthinx dataset\MedicalExpert-II\4Severe\SevereG4 (200).png,4,Severe,train,062e9eb3d018b02504655f61b741b8c2
C:\Users\heman\Downloads\orthinx dataset\MedicalExpert-II\4Severe\SevereG4 (201).png,4,Severe,val,426bf655ce8858ffde8217455a932c7c
C:\Users\heman\Downloads\orthinx dataset\MedicalExpert-II\4Severe\SevereG4 (202).png,4,Severe,test,4e71fe143a9b8aee17bb7824edf25fc7
C:\Users\heman\Downloads\orthinx dataset\MedicalExpert-II\4Severe\SevereG4 (203).png,4,Severe,val,cad2b9f73d6de01cd2249609b173d6f8
C:\Users\heman\Downloads\orthinx dataset\MedicalExpert-II\4Severe\SevereG4 (204).png,4,Severe,val,0f9a4a54486323e8e90500ece238a047
C:\Users\heman\Downloads\orthinx dataset\MedicalExpert-II\4Severe\SevereG4 (205).png,4,Severe,train,8598fdae7c5167a2b64798ecd110679a
C:\Users\heman\Downloads\orthinx dataset\MedicalExpert-II\4Severe\SevereG4 (206).png,4,Severe,test,1a7a307a1129cc181b515e053632411b
C:\Users\heman\Downloads\orthinx dataset\MedicalExpert-II\4Severe\SevereG4 (21).png,4,Severe,train,1e9880c90fda8a942c4881d29bcea736
C:\Users\heman\Downloads\orthinx dataset\MedicalExpert-II\4Severe\SevereG4 (22).png,4,Severe,train,1cad7755ddd208f83927a98732592506
C:\Users\heman\Downloads\orthinx dataset\MedicalExpert-II\4Severe\SevereG4 (23).png,4,Severe,test,fdba5270c3c3850729bccb0a0bfc0c79
C:\Users\heman\Downloads\orthinx dataset\MedicalExpert-II\4Severe\SevereG4 (24).png,4,Severe,train,fbd6113e5e40bd10d162b1334adb33f6
C:\Users\heman\Downloads\orthinx dataset\MedicalExpert-II\4Severe\SevereG4 (25).png,4,Severe,train,8b205be26b6a0ff1d674b35c8056fd60
C:\Users\heman\Downloads\orthinx dataset\MedicalExpert-II\4Severe\SevereG4 (26).png,4,Severe,test,8015247901f7db0b340e1e30f8b966ff
C:\Users\heman\Downloads\orthinx dataset\MedicalExpert-II\4Severe\SevereG4 (27).png,4,Severe,train,0a54e6c35193f8125072a499c2d09d77
C:\Users\heman\Downloads\orthinx dataset\MedicalExpert-II\4Severe\SevereG4 (28).png,4,Severe,train,39b6ed48039456574bb6bfad54c41db7
C:\Users\heman\Downloads\orthinx dataset\MedicalExpert-II\4Severe\SevereG4 (29).png,4,Severe,train,f338a294fcb9cb71121c5f1fc5a70982
C:\Users\heman\Downloads\orthinx dataset\MedicalExpert-II\4Severe\SevereG4 (3).png,4,Severe,train,0c9af483e19ce2b0f2ee0c0498b9a09e
C:\Users\heman\Downloads\orthinx dataset\MedicalExpert-II\4Severe\SevereG4 (30).png,4,Severe,test,6fd6fb05f95b9a5101383714e4479863
C:\Users\heman\Downloads\orthinx dataset\MedicalExpert-II\4Severe\SevereG4 (31).png,4,Severe,train,47c7e71205919c3914ad373ad41a88ab
C:\Users\heman\Downloads\orthinx dataset\MedicalExpert-II\4Severe\SevereG4 (32).png,4,Severe,train,dc7e6934db639831a73609979cac1e44
C:\Users\heman\Downloads\orthinx dataset\MedicalExpert-II\4Severe\SevereG4 (33).png,4,Severe,train,b52474b6ce2646e21fa4060524e80ebe
C:\Users\heman\Downloads\orthinx dataset\MedicalExpert-II\4Severe\SevereG4 (34).png,4,Severe,test,bd6c7d8d2ca3211a2efd65a8008456d0
C:\Users\heman\Downloads\orthinx dataset\MedicalExpert-II\4Severe\SevereG4 (35).png,4,Severe,train,7f172ffeedd8fc1cf51eedb0cc404577
C:\Users\heman\Downloads\orthinx dataset\MedicalExpert-II\4Severe\SevereG4 (36).png,4,Severe,val,724dc541d5e84da3be87e161cefc57f5
C:\Users\heman\Downloads\orthinx dataset\MedicalExpert-II\4Severe\SevereG4 (37).png,4,Severe,train,1f42390d849d00721f045fc7040a9087
C:\Users\heman\Downloads\orthinx dataset\MedicalExpert-II\4Severe\SevereG4 (38).png,4,Severe,train,6e6a25be8fad2cb9cd9a889c01155af4
C:\Users\heman\Downloads\orthinx dataset\MedicalExpert-II\4Severe\SevereG4 (39).png,4,Severe,train,6981cded31b61d6e40dd2bf1df7b6f5c
C:\Users\heman\Downloads\orthinx dataset\MedicalExpert-II\4Severe\SevereG4 (4).png,4,Severe,test,f8d3290e87e3a4733acc3366c18404c8
C:\Users\heman\Downloads\orthinx dataset\MedicalExpert-II\4Severe\SevereG4 (40).png,4,Severe,train,fe53712aad416fbf7f99697df5b8045e
C:\Users\heman\Downloads\orthinx dataset\MedicalExpert-II\4Severe\SevereG4 (41).png,4,Severe,test,567a25d44c509616b0bb1afa28e0aa52
C:\Users\heman\Downloads\orthinx dataset\MedicalExpert-II\4Severe\SevereG4 (42).png,4,Severe,train,31e73f93011c997d188c7da1925c6c61
C:\Users\heman\Downloads\orthinx dataset\MedicalExpert-II\4Severe\SevereG4 (43).png,4,Severe,val,067061bd04b96306f5c62ebdf31be4cb
C:\Users\heman\Downloads\orthinx dataset\MedicalExpert-II\4Severe\SevereG4 (44).png,4,Severe,val,5a7e1b77124feef91d33706586c0fe4a
C:\Users\heman\Downloads\orthinx dataset\MedicalExpert-II\4Severe\SevereG4 (45).png,4,Severe,train,5925608bde35f7419ead525047f043c6
C:\Users\heman\Downloads\orthinx dataset\MedicalExpert-II\4Severe\SevereG4 (46).png,4,Severe,train,dcba8d4f2c239ca62356f4ebadadc96d
C:\Users\heman\Downloads\orthinx dataset\MedicalExpert-II\4Severe\SevereG4 (47).png,4,Severe,train,67b99de7d0642afe9016b5c48b8c3206
C:\Users\heman\Downloads\orthinx dataset\MedicalExpert-II\4Severe\SevereG4 (48).png,4,Severe,train,3391284a9a995072f0a8f5acdee4e722
C:\Users\heman\Downloads\orthinx dataset\MedicalExpert-II\4Severe\SevereG4 (49).png,4,Severe,test,09216c2345cd8389d73d25b7bdd9d6ae
C:\Users\heman\Downloads\orthinx dataset\MedicalExpert-II\4Severe\SevereG4 (5).png,4,Severe,val,1c0cf96021894a79e756d908a86ca38e
C:\Users\heman\Downloads\orthinx dataset\MedicalExpert-II\4Severe\SevereG4 (50).png,4,Severe,val,df0afa54b700cec3d67b0d08a25a1009
C:\Users\heman\Downloads\orthinx dataset\MedicalExpert-II\4Severe\SevereG4 (51).png,4,Severe,val,2262ea947f0a27f70ce90d67e36de84c
C:\Users\heman\Downloads\orthinx dataset\MedicalExpert-II\4Severe\SevereG4 (52).png,4,Severe,test,9ae1afa4faea7498b28f1d7cc5e7b52e
C:\Users\heman\Downloads\orthinx dataset\MedicalExpert-II\4Severe\SevereG4 (53).png,4,Severe,train,f8c23d3dddb8be5eccf6f5cac54b0a50
C:\Users\heman\Downloads\orthinx dataset\MedicalExpert-II\4Severe\SevereG4 (54).png,4,Severe,train,29b9819c24564a11ea00a92ae2a4355c
C:\Users\heman\Downloads\orthinx dataset\MedicalExpert-II\4Severe\SevereG4 (55).png,4,Severe,train,cf23a9a93ed622c7f64502c74ec8223a
C:\Users\heman\Downloads\orthinx dataset\MedicalExpert-II\4Severe\SevereG4 (56).png,4,Severe,val,443fe812a8fc330cdbc1f9baf6be861d
C:\Users\heman\Downloads\orthinx dataset\MedicalExpert-II\4Severe\SevereG4 (57).png,4,Severe,train,f19042e2b8d401353f97c6e369cb0b23
C:\Users\heman\Downloads\orthinx dataset\MedicalExpert-II\4Severe\SevereG4 (58).png,4,Severe,train,521b7515fae2d665069abf077dbd947f
C:\Users\heman\Downloads\orthinx dataset\MedicalExpert-II\4Severe\SevereG4 (59).png,4,Severe,val,5f460bc8709903657817378527bf4c8b
C:\Users\heman\Downloads\orthinx dataset\MedicalExpert-II\4Severe\SevereG4 (6).png,4,Severe,train,f2d494c2d3efbc2700e8663b42cae871
C:\Users\heman\Downloads\orthinx dataset\MedicalExpert-II\4Severe\SevereG4 (60).png,4,Severe,train,613d54db8631ac5a277a87811e6d5652
C:\Users\heman\Downloads\orthinx dataset\MedicalExpert-II\4Severe\SevereG4 (61).png,4,Severe,train,d4220fc05b65ff755663b246089bdd43
C:\Users\heman\Downloads\orthinx dataset\MedicalExpert-II\4Severe\SevereG4 (62).png,4,Severe,train,ce6f97cc1a3e5d9a67519bfe917b4abd
C:\Users\heman\Downloads\orthinx dataset\MedicalExpert-II\4Severe\SevereG4 (63).png,4,Severe,test,5562ab400da59c1bd89368b53f2fa9e7
C:\Users\heman\Downloads\orthinx dataset\MedicalExpert-II\4Severe\SevereG4 (64).png,4,Severe,train,469aa4edf9ec945da023fc8cc39da3ef
C:\Users\heman\Downloads\orthinx dataset\MedicalExpert-II\4Severe\SevereG4 (65).png,4,Severe,train,b189b7411046181ad3e0ae85c400d01a
C:\Users\heman\Downloads\orthinx dataset\MedicalExpert-II\4Severe\SevereG4 (66).png,4,Severe,train,ae26f936854e41a1383ae2eb857a97ee
C:\Users\heman\Downloads\orthinx dataset\MedicalExpert-II\4Severe\SevereG4 (67).png,4,Severe,train,6a039196bf2748cb8a4b7815ecdd94ec
C:\Users\heman\Downloads\orthinx dataset\MedicalExpert-II\4Severe\SevereG4 (68).png,4,Severe,train,8acd894c1cc9c8416cfcd41b429f3c90
C:\Users\heman\Downloads\orthinx dataset\MedicalExpert-II\4Severe\SevereG4 (69).png,4,Severe,train,9a3d9365bee84639f5bbe90863c395ec
C:\Users\heman\Downloads\orthinx dataset\MedicalExpert-II\4Severe\SevereG4 (7).png,4,Severe,test,1faf7f0521589f1d83b28023f0c6be85
C:\Users\heman\Downloads\orthinx dataset\MedicalExpert-II\4Severe\SevereG4 (70).png,4,Severe,train,f9e026350e9030aeb077c98a6a014dca
C:\Users\heman\Downloads\orthinx dataset\MedicalExpert-II\4Severe\SevereG4 (71).png,4,Severe,val,e56d904a926ad9fcddc62a80c32962eb
C:\Users\heman\Downloads\orthinx dataset\MedicalExpert-II\4Severe\SevereG4 (72).png,4,Severe,train,2d9795fcf3bddc81f68f44205717c364
C:\Users\heman\Downloads\orthinx dataset\MedicalExpert-II\4Severe\SevereG4 (73).png,4,Severe,train,82f7c534ee836cd1bddb559509d19a45
C:\Users\heman\Downloads\orthinx dataset\MedicalExpert-II\4Severe\SevereG4 (74).png,4,Severe,train,c94a042b9ff392c6a9aa1d3f38ebc6c7
C:\Users\heman\Downloads\orthinx dataset\MedicalExpert-II\4Severe\SevereG4 (75).png,4,Severe,train,453fad00314c335c5a3b81d0e06eb720
C:\Users\heman\Downloads\orthinx dataset\MedicalExpert-II\4Severe\SevereG4 (76).png,4,Severe,train,61d91cb0100163c2049aa18ad595da24
C:\Users\heman\Downloads\orthinx dataset\MedicalExpert-II\4Severe\SevereG4 (77).png,4,Severe,train,8c2ef316dba895f78a0b54f985544397
C:\Users\heman\Downloads\orthinx dataset\MedicalExpert-II\4Severe\SevereG4 (78).png,4,Severe,train,d5364964e10446800fda1c3146f7e68f
C:\Users\heman\Downloads\orthinx dataset\MedicalExpert-II\4Severe\SevereG4 (79).png,4,Severe,train,b096ac1dc3054e0352d1e6e37ee75868
C:\Users\heman\Downloads\orthinx dataset\MedicalExpert-II\4Severe\SevereG4 (8).png,4,Severe,test,d8e995cb2160a6209e8de8ca3a410ab8
C:\Users\heman\Downloads\orthinx dataset\MedicalExpert-II\4Severe\SevereG4 (80).png,4,Severe,train,41e2bf96717428e2a2b663bdb0c748c0
C:\Users\heman\Downloads\orthinx dataset\MedicalExpert-II\4Severe\SevereG4 (81).png,4,Severe,train,6973cb7d51a66fc68cdb065a34fd3771
C:\Users\heman\Downloads\orthinx dataset\MedicalExpert-II\4Severe\SevereG4 (82).png,4,Severe,train,1b4c7c24c4d516389cfc0db112930c1c
C:\Users\heman\Downloads\orthinx dataset\MedicalExpert-II\4Severe\SevereG4 (83).png,4,Severe,train,9ef9c7a857958070200ad33ea7429331
C:\Users\heman\Downloads\orthinx dataset\MedicalExpert-II\4Severe\SevereG4 (84).png,4,Severe,train,318b0ff70ed3e3875c3473434ba365ba
C:\Users\heman\Downloads\orthinx dataset\MedicalExpert-II\4Severe\SevereG4 (85).png,4,Severe,val,bda6fd679479d2161a551d35b3d4aad9
C:\Users\heman\Downloads\orthinx dataset\MedicalExpert-II\4Severe\SevereG4 (86).png,4,Severe,train,54ba0d8ba465f24ffbca2529dac6994b
C:\Users\heman\Downloads\orthinx dataset\MedicalExpert-II\4Severe\SevereG4 (87).png,4,Severe,train,9ea300867c96948882338b025c7c06aa
C:\Users\heman\Downloads\orthinx dataset\MedicalExpert-II\4Severe\SevereG4 (88).png,4,Severe,train,9d7314581c1e278e6d3a29f211527841
C:\Users\heman\Downloads\orthinx dataset\MedicalExpert-II\4Severe\SevereG4 (89).png,4,Severe,test,32248de6c043f4771d7886dda1df84ea
C:\Users\heman\Downloads\orthinx dataset\MedicalExpert-II\4Severe\SevereG4 (9).png,4,Severe,train,13ad159a978fa8d8f10e81a02e4d5916
C:\Users\heman\Downloads\orthinx dataset\MedicalExpert-II\4Severe\SevereG4 (90).png,4,Severe,train,d7946b1bcf29dbea2ec321ca142fa50f
C:\Users\heman\Downloads\orthinx dataset\MedicalExpert-II\4Severe\SevereG4 (91).png,4,Severe,val,79a4bfb39a5eb92f32ee56268f313b17
C:\Users\heman\Downloads\orthinx dataset\MedicalExpert-II\4Severe\SevereG4 (92).png,4,Severe,train,9a3fad3dbef87fdfb7e4f9c0dd00f4c0
C:\Users\heman\Downloads\orthinx dataset\MedicalExpert-II\4Severe\SevereG4 (93).png,4,Severe,test,1913e069e5e259bd723ab8bcdc0acdda
C:\Users\heman\Downloads\orthinx dataset\MedicalExpert-II\4Severe\SevereG4 (94).png,4,Severe,train,da7494756af6eafa753b835114bc96bf
C:\Users\heman\Downloads\orthinx dataset\MedicalExpert-II\4Severe\SevereG4 (95).png,4,Severe,train,fee2e4b2e5326ced66c04521216e82b2
C:\Users\heman\Downloads\orthinx dataset\MedicalExpert-II\4Severe\SevereG4 (96).png,4,Severe,train,6d2b113abd969df73e856e449a1b3a29
C:\Users\heman\Downloads\orthinx dataset\MedicalExpert-II\4Severe\SevereG4 (97).png,4,Severe,val,99e841cae183216387d22e616ca5a0d5
C:\Users\heman\Downloads\orthinx dataset\MedicalExpert-II\4Severe\SevereG4 (98).png,4,Severe,train,6121c0ebbe2fec36317879752d46641c
C:\Users\heman\Downloads\orthinx dataset\MedicalExpert-II\4Severe\SevereG4 (99).png,4,Severe,train,46217cbc99e1241c5b9399fff9cc1ac1
